source1_entity_id	matched_entity_ids	has_match
S1-55344266	S2-249013014,S2-197070651,S3-478195123,S3-384364074	True
S1-262997549		False
S1-965524997		False
S1-785467099		False
S1-349961763		False
S1-665436028		False
S1-91619266		False
S1-340380905		False
S1-646423328	S2-981186279,S2-211414877,S3-219447913,S3-169401038,S3-84732027	True
S1-238297171	S2-803000418,S3-461437029,S3-648817398	True
S1-796110247		False
S1-67933723		False
S1-661293113	S2-549452883,S3-220185394	True
S1-847214446		False
S1-244344237	S2-366737140,S2-461222022,S2-915452866	True
S1-808056305		False
S1-719255010		False
S1-243476946	S2-361636702,S2-847251746,S3-767477894,S3-530233750	True
S1-278550044	S2-778600991,S3-152578668,S3-844838199,S3-416330454	True
S1-872171138		False
S1-466963472	S2-883537549,S2-534444137,S2-24944329,S3-960798549,S3-205046672	True
S1-710309449	S2-987415196,S3-523486542	True
S1-902801260		False
S1-887756512		False
S1-498250167	S2-729796580,S2-200030965,S2-157602926,S2-606311522,S3-723359518,S3-956925574,S3-106524062	True
S1-998633222	S2-10377882,S3-564769879	True
S1-720156356		False
S1-615099116		False
S1-803032500	S2-437568298,S2-54121187,S3-143665321	True
S1-671439641		False
S1-610905075		False
S1-859440847	S2-325695668,S3-371794557	True
S1-372819478		False
S1-377090770	S2-307432760,S3-317705473,S3-618956609	True
S1-726890269		False
S1-981403476	S2-605548227,S2-489123910,S3-461212265,S3-419110025,S3-104919915	True
S1-855171608		False
S1-22530245	S2-223711075,S2-771394740,S3-134087016,S3-645164323,S3-761108189	True
S1-461012885	S2-568160074,S2-793348581,S2-561174988,S3-138322980,S3-307266885,S3-539297257,S3-266757077	True
S1-657785708	S2-103246744,S3-385980300,S3-190625979,S3-217744551	True
S1-915680741	S2-856336759,S3-274229947,S3-422800574,S3-26308416	True
S1-989120762		False
S1-920307521		False
S1-636582688		False
S1-342564739		False
S1-361295179		False
S1-199799418	S2-661473281,S2-989479207,S2-779956987,S3-970380473	True
S1-575675598		False
S1-668120828		False
S1-583863308	S2-983887248,S2-999295030,S3-575562034,S3-267353338,S3-297336525	True
S1-572463135		False
S1-559793883	S2-129067057,S3-385466931,S3-1394775,S3-187399399	True
S1-121984879	S2-341662224,S3-807467718,S3-258647389	True
S1-36744115		False
S1-486533293	S2-793019261,S2-732582482,S3-193245087	True
S1-739061881		False
S1-893161496		False
S1-811487602		False
S1-845026076	S2-792756160,S3-104895367	True
S1-91227576		False
S1-581831982	S2-792054913,S2-995056067,S3-104612025,S3-534537530	True
S1-551736279	S2-468799632,S3-177466958,S3-927231144,S3-939916683,S3-423696349	True
S1-810027296		False
S1-780435899	S2-293503201,S2-522423597,S3-815972320	True
S1-926863484	S3-786286007,S3-746639998	True
S1-759160556	S3-624399354,S3-975735153,S3-56189449	True
S1-237464807		False
S1-491996483		False
S1-388026225		False
S1-922708518		False
S1-26500587	S2-867994538,S2-99841028,S3-655960175,S3-924257814	True
S1-934205980	S2-472804668,S3-355280248,S3-3710924,S3-588796929,S3-472944876	True
S1-247831476		False
S1-414539171		False
S1-665735345		False
S1-776261057		False
S1-631303368		False
S1-659050734		False
S1-968121299	S2-975522787,S2-394455206,S2-612920602,S3-615509047	True
S1-940852107		False
S1-239782950		False
S1-64850393		False
S1-940782545		False
S1-579311631	S2-146120660,S2-553382138,S3-570459205	True
S1-991620220	S2-365684121,S3-218869048,S3-389375022,S3-603199969	True
S1-603618056		False
S1-370767312		False
S1-608522085	S2-436976602,S2-538129899,S3-419089394	True
S1-703794288		False
S1-700899064	S2-273878753,S2-586707388,S2-687654859,S3-426542992	True
S1-596251044		False
S1-592214540		False
S1-827396456	S2-871160546,S2-94010391,S2-857649352,S3-79879521	True
S1-198401294	S2-613165968	True
S1-161275517	S2-198834992,S2-925826384,S3-612305603,S3-900323958,S3-103605931	True
S1-857702811	S2-481501167,S2-258806421,S2-974386688,S2-881391518,S3-538876487	True
S1-740119502		False
S1-938871904	S2-205139463,S3-325115323	True
S1-473886391	S2-109886978,S3-311190960,S3-381682778	True
S1-717841220	S2-102667240,S3-248380626,S3-440742786,S3-131674865,S3-377299824	True
S1-580457789	S2-314402028,S2-542472947,S2-222898806,S3-509642839,S3-637767858	True
S1-855326553	S2-833725463,S2-583095017,S3-772621020	True
S1-567960717	S2-279359782,S2-258812274,S2-349952439,S3-190331038	True
S1-292869380	S2-487548359,S2-915103080,S2-35235077,S3-197101300	True
S1-421607341	S2-551817190,S2-363656024,S2-997281218,S2-484797874,S3-457867403,S3-592521480	True
S1-760048751	S2-201314709,S2-804293268,S2-278980026,S3-516976102,S3-812347472	True
S1-705043946		False
S1-251881362		False
S1-390624607	S2-344752723,S2-121741960,S3-40927312,S3-624071783,S3-898554004	True
S1-902763792		False
S1-424229129	S2-992800412,S2-562902171,S2-624389181,S3-885542662,S3-824059486,S3-956225947	True
S1-946158489	S2-619945044,S2-106711625,S3-591878691,S3-270209360	True
S1-290830917		False
S1-752923411		False
S1-943410933		False
S1-850841783		False
S1-896464945	S2-668457161,S2-622403363,S3-759275329,S3-353204790	True
S1-913058611		False
S1-84497869	S2-480398279,S2-991359182,S3-374614881	True
S1-510139198		False
S1-19486019	S2-791159471,S2-335254290,S3-731786860	True
S1-103699691	S2-52057139,S2-121730177,S3-285118982,S3-170341075,S3-764558320	True
S1-186466080	S2-441144872,S2-284308191,S2-347367852,S3-703252069,S3-417457219	True
S1-330462785	S2-302287645,S2-172637808,S3-386440246,S3-146761384	True
S1-206623011		False
S1-662511894	S2-21981880,S2-673267186,S3-579587589	True
S1-113711129		False
S1-733306486	S2-321055024,S3-909241199,S3-61704637	True
S1-80847837		False
S1-923835416	S2-387377771,S3-874316165,S3-840402932	True
S1-936219631	S2-432962463,S3-289878688	True
S1-543656112		False
S1-618835410	S3-429555332	True
S1-115627197		False
S1-106567523		False
S1-445563376	S2-745500609,S2-198576264,S3-257491134,S3-472057947	True
S1-568312914		False
S1-149465783		False
S1-480870378		False
S1-788011645	S2-719946797,S2-448976046,S3-432130682,S3-572265622,S3-466557905	True
S1-149047157	S2-899007943,S3-62538996	True
S1-831416710		False
S1-188805302	S2-99949925,S2-844772933,S2-134918582,S3-962839946,S3-518854530,S3-230751158,S3-585037378,S3-665610701	True
S1-956872700	S2-228770121,S2-514428924,S2-827217746,S3-109496634,S3-139316953	True
S1-340657735		False
S1-159856883	S2-188016652,S3-123951204,S3-372388023	True
S1-17000178		False
S1-14475248		False
S1-396396538		False
S1-190167820	S3-482973075,S3-490375053,S3-13163086,S3-446325756	True
S1-902847640		False
S1-254876714	S2-359447145,S2-296173304,S3-514526104,S3-839152348,S3-100286593	True
S1-180641359	S2-971834300,S2-906875131,S2-303820495,S3-208766201	True
S1-389076353	S2-355886875	True
S1-752965135	S2-429115211,S3-107815002	True
S1-613457855	S2-897561889,S3-378081677,S3-858472627	True
S1-132361934	S2-144594992,S2-666808754,S3-987041845,S3-136165353,S3-910000247	True
S1-940959008	S3-666412367,S3-201485786,S3-886921293,S3-303495724	True
S1-557430349	S2-28952484,S2-819065026,S3-483020902	True
S1-83940387	S2-828190042,S2-718348488,S3-670227212,S3-818993230,S3-161316419	True
S1-728542341		False
S1-344017367		False
S1-375098612	S2-706592957,S3-53024642,S3-27209450	True
S1-371558365		False
S1-112553608		False
S1-646373863	S2-961557944,S2-543730824,S3-869855173,S3-264906544	True
S1-425099661	S2-37878090,S3-140387946	True
S1-602727190	S2-211654810,S3-17343314	True
S1-246518471	S2-400981116,S2-385464990,S3-736046096,S3-595505231,S3-620054455	True
S1-787646893		False
S1-582183685		False
S1-487492152	S2-760914185,S3-608565206,S3-774411944	True
S1-466087317	S2-927683783,S2-776016993,S2-980092850,S3-604297903	True
S1-492146489		False
S1-824302132		False
S1-71760553	S2-132386328,S2-412812852,S2-562679333,S3-997365510,S3-115367396	True
S1-669220746		False
S1-855746815	S2-165269799,S3-485416692,S3-758113663	True
S1-660952591	S2-869420905,S3-969099692,S3-956804720	True
S1-572118492		False
S1-243534279		False
S1-849996666	S2-74530874,S2-4294832,S2-796341585,S3-295750191	True
S1-254116038		False
S1-517605635	S2-813934979,S3-718404182	True
S1-618723723		False
S1-807532025		False
S1-71259181		False
S1-614997713	S2-30183972,S2-838563063,S3-861245314,S3-517469144	True
S1-724410023		False
S1-724708909		False
S1-585221575	S2-693964382,S3-333067660	True
S1-769301626	S2-314474325,S2-5559256,S2-597793930,S2-790288106,S3-497524682,S3-394184219	True
S1-509983259		False
S1-866006801		False
S1-850093466	S2-842179613,S3-291477498	True
S1-920268471		False
S1-177599022	S2-97078238,S2-368489471,S2-906209023,S2-637622617,S3-8653904,S3-133555688	True
S1-57199893		False
S1-274135747	S2-683189881,S3-876608857	True
S1-238396384	S2-39917203,S2-87984520,S3-368442289,S3-827996936,S3-944814283	True
S1-573229918		False
S1-882142125		False
S1-2935618		False
S1-922918809	S3-851619074,S3-509735056	True
S1-160597525		False
S1-833277383		False
S1-483209556	S2-990731571,S2-602333931,S3-530963932	True
S1-74993377	S2-833418862,S2-274441877,S3-552296335	True
S1-22308136	S2-44532491,S2-326503725,S2-880892734,S3-621166370,S3-74973885,S3-688518839	True
S1-882367787		False
S1-127965619	S2-189653811,S2-482452061,S2-633609486,S2-388726895,S2-200206418,S3-576811819	True
S1-594232834		False
S1-693157964		False
S1-691030653		False
S1-312008750		False
S1-218864720		False
S1-909848023		False
S1-127949270		False
S1-492966581		False
S1-791989703	S2-857628628,S2-632616277,S3-556810980,S3-784877885,S3-739396421	True
S1-115079781		False
S1-120788755		False
S1-605957668	S2-715710828,S2-758743336,S3-306253934,S3-674524152,S3-84892358	True
S1-517935944		False
S1-700408821		False
S1-545229817		False
S1-604285195	S2-506969750,S2-754405354,S2-702371498,S3-665019381,S3-861112478,S3-910931974,S3-4822002,S3-906437925	True
S1-995516202		False
S1-993890573	S2-39414674,S3-343402907	True
S1-651908164		False
S1-472247533		False
S1-112936342	S2-881777925,S2-41007787,S2-995917452,S3-925102502	True
S1-716948829		False
S1-490431012		False
S1-619098613		False
S1-867345303	S2-345509558,S3-970165212,S3-48908287	True
S1-374968494		False
S1-990933659		False
S1-804981138		False
S1-996440017		False
S1-877171045	S2-626245001,S2-851734390,S2-320000668,S3-916627043	True
S1-841975331	S2-980864342,S2-849707436,S3-931576893,S3-261522890,S3-107198545	True
S1-71351602	S2-307804831,S3-382793947	True
S1-914004202	S2-122783628,S2-965018769,S2-180673596,S3-553437705,S3-293460551,S3-784862873	True
S1-344396456	S2-281896906,S2-250297365,S3-412557822	True
S1-919451757		False
S1-842346142		False
S1-902741763	S3-543957467	True
S1-579452820		False
S1-981009542	S3-573504581,S3-163667998,S3-759803937,S3-974060351	True
S1-368537710	S2-663053756,S3-954710695,S3-422154741	True
S1-422358744	S2-37308273,S2-230582796,S2-368629748,S3-202098257	True
S1-314502137	S2-973345126,S3-380125536,S3-425917462,S3-340213643	True
S1-944818627		False
S1-785516977	S2-21447609,S3-792553173	True
S1-758341441	S2-465529735,S3-880589183	True
S1-755880766		False
S1-693982654	S2-916839204,S2-342041447,S2-742732366,S2-95260693,S3-452768528	True
S1-127366743		False
S1-82352683	S2-403589800,S3-672462310,S3-795830263	True
S1-827148941		False
S1-982102273		False
S1-424092626		False
S1-177211383	S2-490554942,S3-783235622,S3-902380788	True
S1-706641456		False
S1-844536328		False
S1-282269270		False
S1-754439468		False
S1-791323840	S2-386225665,S2-526221286,S3-739513750,S3-388865574	True
S1-156628615		False
S1-490577356	S2-866227457,S3-449056696,S3-56998952	True
S1-221080339		False
S1-604063862		False
S1-499013867	S3-881355783	True
S1-828099487	S2-463296637,S2-386486426,S2-761479346,S3-919958011	True
S1-349164088		False
S1-490076507		False
S1-988819933	S2-528323293,S2-371903647,S3-302892409	True
S1-805549624	S2-232846082,S2-487628922,S3-607522548,S3-665111441	True
S1-650886244	S2-20155635,S2-782120279,S3-186312413,S3-296005046	True
S1-34606531	S2-451959646,S2-198800353,S3-159856126,S3-361768735	True
S1-804972509		False
S1-961314283		False
S1-842500149		False
S1-486779805	S2-370858959,S3-186684147,S3-953184122,S3-269884620	True
S1-133018053		False
S1-105478740	S2-379977992,S2-189280046,S2-348149216,S3-659107407	True
S1-163661063	S2-43152705,S2-406008258,S2-871845398,S3-732559786,S3-654116271	True
S1-202611863	S2-683996728,S2-762412008,S2-211710399,S3-8310107	True
S1-835406089	S2-357089580,S2-674679723,S2-734441632,S3-293192065,S3-657092876,S3-450114462	True
S1-14939411	S2-566886533,S2-118161486,S2-405375674,S3-974934184,S3-40068143,S3-762991991,S3-339563210	True
S1-712038537		False
S1-364176027		False
S1-643316650		False
S1-214748079	S2-151393257,S2-881171083,S3-624454385,S3-704807944,S3-558686710	True
S1-781014260		False
S1-336908399		False
S1-81947716		False
S1-579088172		False
S1-302778513		False
S1-71987176		False
S1-186343560		False
S1-954428276	S2-816262080,S2-496283319,S2-592747329,S3-995176934,S3-953248403	True
S1-711298989	S2-398664179	True
S1-838017070	S2-168905221,S2-747973146,S2-2437522,S3-556428430	True
S1-27935190	S2-763410376,S2-798540945,S3-566156891,S3-318549731,S3-320526705	True
S1-280103021		False
S1-646550407	S2-534307307,S3-4714115,S3-864724330	True
S1-916285252		False
S1-306434533		False
S1-262660455	S2-916954769,S3-720081739	True
S1-674418612		False
S1-587159480	S2-8724096,S3-329780909,S3-796202756	True
S1-321927533	S2-677709935,S3-802755148	True
S1-401243788	S2-104618296,S2-566030055,S2-652118764,S2-439226765,S3-481940089,S3-39098160,S3-350579254	True
S1-639725775		False
S1-701262951	S2-42062910,S3-564397384	True
S1-811202264	S2-257885603,S2-162020459,S2-866333775,S3-450022914,S3-237239040	True
S1-688253244	S2-273726813,S2-435107179,S2-275541122,S3-890778982	True
S1-245358131		False
S1-78423369	S2-161719044,S2-995862007,S2-507232041,S3-774336437,S3-479843416,S3-793909366	True
S1-863375686	S2-507990717,S2-112443249,S2-460655906,S3-407378137,S3-69598058,S3-152597884	True
S1-445962775		False
S1-376085939		False
S1-47283673		False
S1-508987582	S2-598817071,S2-956326786,S2-615101439,S3-398119158,S3-239456622	True
S1-250417586	S2-658880310,S2-257811692,S3-231566390	True
S1-388219103	S2-735751239,S3-182582144,S3-830716038,S3-953546908	True
S1-596873728		False
S1-521968787	S2-708791864,S2-811071820,S2-967182834,S3-864111170,S3-238887878	True
S1-328221745	S2-278357420,S3-912163442	True
S1-527698319	S2-838807406,S3-22743593,S3-173301284,S3-489435318	True
S1-599021710	S2-555622067,S2-111987465,S3-36738418,S3-882436032,S3-694415737,S3-58363453,S3-220500600	True
S1-632611955	S2-970126494,S2-708388734,S2-528900155	True
S1-343170906	S2-217007109,S2-466004189,S2-400757744,S3-218210459,S3-101305802,S3-597955427,S3-5268815	True
S1-584145776	S2-273994776,S2-927097842,S2-356743972,S3-459427492	True
S1-187166094		False
S1-543898377		False
S1-622067693		False
S1-273221227		False
S1-621501330		False
S1-167949416		False
S1-498081409	S2-121982744,S2-625580932,S3-647325111	True
S1-70233946		False
S1-115923280	S2-946110596,S3-97133766,S3-628735395,S3-385519959	True
S1-579908317		False
S1-225815428		False
S1-95983339		False
S1-529700054	S2-789926495,S3-657004372,S3-416092665	True
S1-909740935		False
S1-518214462		False
S1-41334666	S2-328838327,S2-577200883,S3-896829808,S3-518284886	True
S1-579859551		False
S1-984367032		False
S1-384747060	S3-978652648	True
S1-467667617	S2-344487671,S2-28833019,S3-798475471,S3-275760918	True
S1-348075475	S2-965427509,S3-595027681	True
S1-583672145	S2-85656306,S2-837031682,S3-948043276	True
S1-149927508	S2-23408126,S2-964196432,S2-570727963,S2-991287666,S3-560702475,S3-856474287,S3-479006045	True
S1-573323077		False
S1-220005780		False
S1-88451195	S2-682240179,S2-703568116,S3-790714078,S3-590414901,S3-312661861	True
S1-145199498	S2-299295917,S3-555215850,S3-840909643	True
S1-761558055		False
S1-360029669	S2-142549352,S2-146288403,S3-964259483	True
S1-502375144		False
S1-956958125	S2-944567121,S2-983492194,S2-723123305,S3-143171179	True
S1-802189284	S2-457821156,S3-134093692,S3-183633978	True
S1-539152547	S2-411279860,S2-27726162,S3-167190691,S3-606639535	True
S1-576483933		False
S1-69578266	S2-349663693,S3-709712169	True
S1-627633352		False
S1-484604485	S2-265488234,S3-231533310	True
S1-872768614		False
S1-411447624	S3-749886559,S3-662715321	True
S1-79909809	S2-552780715,S2-135529128,S2-989583057,S3-705071780	True
S1-292291234	S2-874391215,S3-41623285	True
S1-208464842		False
S1-582776647	S2-617931186,S2-754238655,S3-516387686,S3-908411918,S3-382340876,S3-562825080	True
S1-186372372		False
S1-456785684		False
S1-236362802	S2-194861435,S2-428103887,S2-241926093,S3-71891902	True
S1-248238962	S2-338680307,S3-584587002,S3-876938898,S3-385417201	True
S1-8850510		False
S1-991290175	S2-366142403,S2-377285605,S3-993494756,S3-795989105,S3-948694197	True
S1-585955043	S2-463217960,S2-898033181,S3-705792804,S3-939133535,S3-746499536	True
S1-750471565	S3-703243215,S3-101721344	True
S1-565273341	S2-499251881,S3-542779658	True
S1-537624090	S2-349444684,S3-574023408	True
S1-803177922		False
S1-452537416	S2-746124345,S2-655816851,S3-219195001,S3-170910184	True
S1-713241281	S2-950983779,S2-675688869,S2-535325829,S2-912203633,S2-802049765,S3-586658579	True
S1-744125469	S2-648982014,S2-681887266,S3-456777548	True
S1-547078617	S2-226899377,S3-769893314	True
S1-378228410		False
S1-479649742		False
S1-40339630		False
S1-51536616	S2-349299899,S2-727396564,S3-4384946	True
S1-49750419		False
S1-667655679		False
S1-868005082		False
S1-729828999	S2-240691226,S2-238932250,S2-371070715,S3-828454279	True
S1-988204400		False
S1-829840222		False
S1-69569204	S2-986384270,S3-964308895	True
S1-324724533	S2-623068550,S2-802297476,S3-268987843	True
S1-590561689	S2-388288407,S2-236100042,S3-427600224,S3-402236288,S3-438275066,S3-768689321	True
S1-252630052	S3-149023466	True
S1-997080625	S2-148074855,S2-245061844,S3-970354109	True
S1-213125211		False
S1-94526398		False
S1-232874192		False
S1-210950875		False
S1-998424613		False
S1-420653890		False
S1-237725643	S2-285094176,S2-842566581,S3-170159768	True
S1-184931322	S2-181888399,S3-140284123	True
S1-329533776	S2-932773976,S3-64628432,S3-488184140	True
S1-298259093	S2-426615025,S2-519531430,S3-420107309,S3-483573060	True
S1-155852303		False
S1-696404212	S2-745114302,S2-190945470,S2-378612381,S3-385344879	True
S1-308236045	S2-372465362,S2-507380275,S2-107868091,S3-783619164,S3-818264612	True
S1-249659481		False
S1-380939095		False
S1-780503864	S2-319429231,S2-373250272,S3-66306415	True
S1-738393485		False
S1-422506993	S2-892227087,S2-42291579,S2-889222673,S3-184978031	True
S1-195968160	S2-447299900,S3-419627,S3-659272367,S3-760643072,S3-53878626	True
S1-185577144		False
S1-987515496		False
S1-820392321		False
S1-102568283	S2-682386114	True
S1-547499614		False
S1-232200155	S2-838194024,S2-692673322,S2-472195209,S2-218828061,S2-161800486,S3-108673694	True
S1-290249745		False
S1-813892293	S2-537629430,S3-685532486	True
S1-850205331		False
S1-210239900		False
S1-736788399		False
S1-279986893		False
S1-589569911		False
S1-22075905	S2-984561818	True
S1-170280235		False
S1-74887493		False
S1-653790024	S2-929242883,S2-966112454,S2-761583599,S3-26054260	True
S1-176582093		False
S1-796578703	S2-547999635,S3-577455480,S3-436749935	True
S1-995393837	S2-504778201,S2-291042585,S2-405520509,S3-457448136,S3-222227447	True
S1-738879762	S2-560089006,S3-684623963,S3-468804700,S3-607995564,S3-297090539	True
S1-916207931		False
S1-530024998	S3-69182895,S3-332750972	True
S1-486768796		False
S1-314161190	S2-662233029,S2-971750255,S3-123404370,S3-176115553	True
S1-563358151	S2-399942545,S2-390346015,S3-742586116,S3-498926513	True
S1-652515793		False
S1-980052378	S2-489657660,S2-872606236,S3-341856771,S3-612936104,S3-793188947,S3-910747894	True
S1-720672807	S2-977461835,S2-639945444,S2-155059293	True
S1-430095612	S2-400300862,S3-829778844,S3-361000907	True
S1-498880296		False
S1-461584779	S2-91474527,S2-488262063,S3-996170802,S3-447193465	True
S1-95564346		False
S1-540790282		False
S1-755062723	S2-399248877,S3-455285303	True
S1-236375902	S2-311856006,S2-788789970,S3-901699428,S3-788003144	True
S1-449432830	S2-380108243,S2-837960053,S2-981744200,S3-346440423,S3-210872441,S3-343696243	True
S1-401646162		False
S1-180341067		False
S1-935901959	S2-745257395,S2-479868138,S2-438240571,S3-166713344,S3-29741064,S3-35040502	True
S1-521565444		False
S1-101003484	S2-725087092,S2-251050350,S2-181445281,S3-166316926	True
S1-224568426	S2-108317962,S2-640628981,S3-132318502	True
S1-962812661		False
S1-815379289	S2-593420994,S2-711960261,S2-737488844,S3-18959628	True
S1-228627632		False
S1-973303777		False
S1-309421124		False
S1-279756892	S2-438722027,S3-112556741	True
S1-931895033	S2-739184858,S3-791131282	True
S1-822397838	S2-575574813,S2-389256616,S2-129002641,S3-249392739,S3-883769464,S3-734651868,S3-754254517	True
S1-11120074	S2-442672868,S3-839950046,S3-583062670,S3-959942570	True
S1-18366578		False
S1-81231799		False
S1-560684785	S2-688871109,S2-81844956,S3-580166447	True
S1-536364737	S2-348153950,S2-57022087,S2-969346910	True
S1-569611180	S2-255651673,S3-807906134	True
S1-707110329	S2-578966318,S2-194233395,S2-924399963,S3-409861400,S3-290144076	True
S1-542996788		False
S1-878143179		False
S1-88258380	S3-652867500,S3-814100345	True
S1-275879945	S2-88615873,S3-543711562,S3-863531667,S3-479285103,S3-429005655	True
S1-978818743	S2-972814588,S3-266159143,S3-228246375	True
S1-831036030	S2-941595517,S2-326582622,S3-800902023,S3-653941406	True
S1-622759769	S2-535338181,S2-896091735,S3-312980691,S3-644899085,S3-239695925	True
S1-283816013		False
S1-51929821	S2-183039848,S2-553507364,S2-768168258,S2-738097135,S3-53034354,S3-428523254	True
S1-887016910		False
S1-214765158	S2-981523214,S3-695334003,S3-160964128	True
S1-678156834		False
S1-272485223	S2-81136029,S2-716239371,S2-757480037,S3-127333604,S3-488235785	True
S1-974861293	S2-656973541,S3-420496085	True
S1-732805914		False
S1-449779003	S2-583253972,S3-890892040,S3-94570909,S3-715265787	True
S1-655974415	S2-690922087,S3-111369415	True
S1-80120899		False
S1-864206456		False
S1-806305486		False
S1-351800800	S2-393783410,S3-715113232,S3-791138313	True
S1-482628446	S2-975005760,S2-733831876,S3-855635466,S3-694559865	True
S1-527283638	S2-752413596,S2-250423032,S2-357941829,S2-997860697,S3-143821482,S3-848352910	True
S1-634600584	S2-780902183,S2-6285753,S3-144123102,S3-633922785,S3-448413011	True
S1-135173065		False
S1-387456021	S2-641137340,S2-797534695,S2-470180576,S3-845669284,S3-689078556	True
S1-743720360	S2-160803376,S2-361497035,S2-851696996,S2-904371276,S3-280264647,S3-30699731	True
S1-772053410		False
S1-717741846	S2-515184793,S3-160994384	True
S1-672982582		False
S1-895344296	S2-188582997,S3-887897848	True
S1-226366120	S2-275346125,S2-81390628,S3-674010176,S3-373450444,S3-634846152,S3-340039820,S3-769613762	True
S1-567549221	S2-689963315,S2-986486655	True
S1-601480549	S3-961818412,S3-30575110,S3-865494525,S3-13820024	True
S1-306094744	S2-20095679,S2-140805669,S3-884220624,S3-936131805	True
S1-189557159		False
S1-608837621		False
S1-912829571	S3-875940147,S3-689992571,S3-994329455	True
S1-513809548		False
S1-379650094		False
S1-986976405		False
S1-453968703		False
S1-51725742		False
S1-213536128		False
S1-463719437	S2-1627372,S3-909406774,S3-646887922,S3-39083178	True
S1-839000136		False
S1-831242918	S2-447889918,S2-530353939,S3-540862446,S3-433989141,S3-996235523	True
S1-824882528	S2-24832205,S3-223589961	True
S1-278672020		False
S1-19237584	S2-968770965,S2-993537223,S2-700857929,S3-160767926	True
S1-659529319		False
S1-879312668		False
S1-126744641		False
S1-501551224	S2-53848906,S2-444859943,S3-365179118,S3-482783474	True
S1-213927435	S2-913142473,S3-480073553	True
S1-359031466		False
S1-643942553	S2-417707934,S3-665122351,S3-358238027	True
S1-194197301		False
S1-814311586	S2-885856317,S2-884317066,S3-530314773	True
S1-38626311	S2-459028291,S3-688066322	True
S1-262619717		False
S1-512271226		False
S1-18405578	S2-791869293,S3-925853950	True
S1-150392178		False
S1-194044374	S2-180669847,S2-974595972,S3-643792330,S3-791696653	True
S1-355064620	S2-690709100,S3-344373895,S3-153464814,S3-347259440	True
S1-480778375	S2-765590830,S2-772474412,S2-560883062,S2-646863399,S3-724887099	True
S1-336328830	S2-547020774,S2-339041355,S3-950394484,S3-851508038,S3-830912398	True
S1-707987173		False
S1-209654074		False
S1-16963842	S2-163688817,S2-425774133,S2-968750277,S3-309866383	True
S1-481094351	S2-434987884,S2-55895728,S3-298846251	True
S1-762752869		False
S1-560608573	S2-353862575,S2-690660310,S2-60586262,S3-482953490,S3-586646410	True
S1-918757717	S2-793163009,S2-246025574,S3-997686224,S3-911896574,S3-320954326,S3-850710934	True
S1-583367942	S2-570263602,S2-517545199,S3-873252855,S3-652194964	True
S1-633554393	S2-912023678,S3-444844735,S3-779795699	True
S1-585554577	S2-765505477,S3-574068902,S3-336744669,S3-347630866	True
S1-226184027		False
S1-536776466		False
S1-423085869	S2-25947279,S3-40573560,S3-823308014,S3-124890108	True
S1-771908999	S3-634090170,S3-365608022,S3-305698736	True
S1-1162047		False
S1-395934009	S2-799639185,S3-466604824	True
S1-241862543		False
S1-304055296	S2-578204341,S3-259643563,S3-750794231,S3-477257212	True
S1-664785838		False
S1-426906240	S2-645518877,S2-562115932,S3-401719053	True
S1-692404566	S2-80312091,S2-297150255,S3-6853109	True
S1-43912785		False
S1-808374503		False
S1-65464726	S2-592095718,S2-381304047,S3-685510488,S3-425724454,S3-852004831,S3-417815855	True
S1-598537522		False
S1-953506731	S2-67983624,S3-282394447	True
S1-943631240	S2-739700751,S3-356918912,S3-953147692,S3-949689008	True
S1-539843591		False
S1-229401352	S2-985539041,S2-214112146,S2-796744754,S2-474679542,S3-283287664,S3-785056759,S3-667636320,S3-597045371	True
S1-186882307	S2-75447631,S3-337836181,S3-66724264,S3-872870319	True
S1-519657060	S2-344412391,S3-293296740,S3-159511725	True
S1-961752547	S2-423413461	True
S1-942567603		False
S1-942756036	S2-634229353,S2-273604998,S3-753564194	True
S1-869218173	S2-338839742,S2-817513387,S3-579301554	True
S1-860139388	S2-386877732,S2-846161493,S2-417643768,S3-673036747,S3-598105097,S3-504582744	True
S1-144615443		False
S1-142100134		False
S1-41571278	S3-599834044,S3-194838427,S3-399821138,S3-667279119	True
S1-919972585	S2-454304145,S2-418904012,S2-985663241,S2-742227466,S2-552306350,S3-576708424,S3-884635788	True
S1-402226516		False
S1-620911843		False
S1-279698604	S2-525093164,S3-887347578,S3-187163966	True
S1-893258566	S2-456464788	True
S1-184231700		False
S1-691758072		False
S1-664355365	S2-639217393,S2-67683004,S2-639194216,S2-69658858,S3-516390145,S3-695243031	True
S1-809425078	S2-30475051,S3-412475150	True
S1-30112829	S2-56847696,S3-394584692,S3-760256054	True
S1-323868385		False
S1-992210475	S2-755738718,S2-543297073,S2-694833870,S2-46824335,S3-553752110,S3-924178244,S3-774175668	True
S1-94008337	S2-441169963,S2-648974754,S2-750809309,S3-480840075	True
S1-763126116		False
S1-307437777		False
S1-214199133		False
S1-449916878		False
S1-612794832		False
S1-784853006		False
S1-376361571	S2-233719319,S2-968311559,S2-867337776,S3-905023224,S3-562890615	True
S1-524186076	S2-140257041,S2-348976183,S3-732460371,S3-435025343,S3-125144706,S3-643055049	True
S1-391755936		False
S1-344028186	S2-643316786,S2-297155147,S3-611068766,S3-296299244	True
S1-759944809	S2-217490894,S3-379826217,S3-341019856,S3-289892288	True
S1-166391528		False
S1-463339122		False
S1-825331927	S2-177733877,S2-716840138,S2-843068726,S3-68449764	True
S1-478682784	S2-428037499,S2-215669602,S3-618821088,S3-857738195,S3-466643516	True
S1-943729099	S2-233253601,S2-122229636,S2-794110018,S3-413191102	True
S1-974295639		False
S1-81263724	S2-813568702,S2-238417947,S3-138598848	True
S1-288300366		False
S1-637046880		False
S1-751637934	S2-548052900,S2-130600519,S2-401562648,S3-829419888	True
S1-922428219	S2-476733349,S2-2063945,S3-224899056,S3-381971448	True
S1-240834570	S2-564133700,S2-488210210,S3-146110651,S3-189042964	True
S1-157472024		False
S1-509115881	S2-774929373,S2-860140846,S2-440382271,S3-4194370,S3-25590792,S3-467201909,S3-378410947	True
S1-548523930	S2-278439060,S2-910156349,S3-522422430,S3-432785957	True
S1-798831351		False
S1-679523219		False
S1-834386072	S2-519242334,S3-328575752,S3-475637221,S3-917107151	True
S1-470555847		False
S1-254351832		False
S1-924622688	S2-832580553,S2-595258966,S2-207923226,S3-512199263	True
S1-580537862		False
S1-780769673		False
S1-153581305		False
S1-187210321	S2-800383351,S3-561600406,S3-230455241	True
S1-519933953		False
S1-455342388	S2-485806698,S2-65632395,S2-761757358,S3-828815654,S3-336698589	True
S1-300066294	S2-135770130,S2-574322339,S2-769782825,S3-138408439,S3-490351198	True
S1-552596865		False
S1-382414106	S2-213466810,S2-384499435,S3-218135699,S3-851893689	True
S1-644155555		False
S1-490090574		False
S1-879651841	S2-389204995,S2-417460497	True
S1-752381888		False
S1-455778605	S2-851172534,S3-482352491,S3-697329884,S3-535053044	True
S1-60048111		False
S1-624457841		False
S1-687851296	S2-418530190,S3-450203586,S3-721281987	True
S1-768879550	S3-897500018,S3-545859354	True
S1-42811002	S2-66805904,S3-677266561,S3-601029564	True
S1-758443627	S2-248243906	True
S1-456480469	S2-79733120,S2-198182008,S3-367145468,S3-156055884,S3-989806344,S3-149145029,S3-918140676	True
S1-304372726	S2-930641417,S3-422136145	True
S1-494814979	S2-417964657,S2-197034777,S2-886705399,S3-820502776,S3-819318961,S3-716746698,S3-278369119	True
S1-854695060	S2-706995741,S2-589625525,S2-11503517,S2-600167188,S3-361929600,S3-562088332,S3-229068222	True
S1-557793309	S2-682553546,S3-460822315,S3-37833580	True
S1-473803537		False
S1-208928443		False
S1-428726338		False
S1-309318451		False
S1-933544465		False
S1-310547813		False
S1-627499176	S2-184676518,S3-228438331,S3-413540367	True
S1-141463421	S2-334419131,S3-533868366	True
S1-4411379	S2-511285015,S3-451778026,S3-676742846	True
S1-334229227		False
S1-561280323	S2-974346421,S2-49574865,S3-26211794	True
S1-749075248		False
S1-691460787	S3-744362184,S3-564143534	True
S1-995954617		False
S1-519757037	S2-338967620,S2-75115658,S2-290236869,S3-982682102,S3-343566253,S3-146051164,S3-361520730	True
S1-779026840		False
S1-21024399	S2-511717123,S2-654510971,S3-480201986	True
S1-965620660	S2-470636249,S3-518207047	True
S1-919639145	S2-109871497,S2-18623732,S2-874884664,S2-991444488,S3-457448035	True
S1-201110535	S2-693290890,S2-904086181,S2-817745611,S3-699037230,S3-912689060	True
S1-962290145	S3-866533815	True
S1-112998882	S2-683423806,S2-117547978,S3-107221991,S3-650253746,S3-864464833	True
S1-500122759	S2-806548070,S2-481305019,S3-223105713,S3-749416988,S3-198533385	True
S1-874141320	S2-255298431,S2-965632178,S3-235305704,S3-71329533,S3-93334232	True
S1-566386744		False
S1-200114622		False
S1-659172164		False
S1-228352060	S2-755729885,S3-367303318,S3-767092461	True
S1-373455133		False
S1-440217025	S2-3623106,S3-863863893	True
S1-138405377	S2-365880175,S3-81173321,S3-33071751	True
S1-919901569	S2-452304828,S3-75936012	True
S1-394475181		False
S1-708575244	S2-479074811,S3-979105364,S3-760365275,S3-557377730	True
S1-450206330		False
S1-526971972	S2-229804040,S2-783814995,S3-66786544	True
S1-875801955	S2-224818902,S2-479334485,S3-182113604,S3-735846477,S3-759050738,S3-19072017	True
S1-600027458	S2-38214463,S3-756921133,S3-110106360,S3-420974361,S3-825736835	True
S1-559641025	S2-286017295,S2-336993441,S3-195387791,S3-398606745	True
S1-671038696	S2-877266805,S3-249089058	True
S1-873834946	S2-828181603,S2-733689151,S3-225911925,S3-672157785	True
S1-708640766	S3-617202408,S3-492445402,S3-494611351	True
S1-410612312		False
S1-209884348		False
S1-454828233	S2-851730280,S3-92002490,S3-853283479	True
S1-234074821		False
S1-289165153		False
S1-56950038		False
S1-158739640		False
S1-428181282		False
S1-773274717		False
S1-444670330	S2-22765643,S3-83473355,S3-729105803	True
S1-435615205		False
S1-869890937		False
S1-661646386	S2-774684497,S3-754775603	True
S1-369383841		False
S1-248747233		False
S1-957968121	S2-801784503,S2-307804163,S3-436617509	True
S1-582271676	S3-165686455	True
S1-255575014	S2-643819482,S2-622252590,S3-849474160,S3-73329163	True
S1-709461091	S2-927293183,S2-451053087,S3-429976549	True
S1-799653338	S2-798803740,S3-848388110,S3-232206705	True
S1-31129146		False
S1-24277587		False
S1-969094517	S2-183823671,S3-103950667,S3-575753846	True
S1-424933549	S2-898025778,S2-802908470,S3-941360489,S3-250409578	True
S1-111106718		False
S1-104829210		False
S1-260269819		False
S1-554088641	S2-78586487	True
S1-734476397	S2-618773715,S3-787912875,S3-81405684,S3-406386641	True
S1-262457205		False
S1-381030261	S2-591077708,S2-652627097,S2-315084960,S3-45536297,S3-73558105	True
S1-122649359		False
S1-245693359	S2-158608408,S2-580864746,S2-217864896,S3-207019524,S3-745464025,S3-670209270,S3-21376124	True
S1-801836250		False
S1-516221786		False
S1-172332126		False
S1-995893427		False
S1-108014917		False
S1-720359766	S2-998400759,S2-566964994,S2-765942327,S3-135866431,S3-227905265,S3-838325562	True
S1-381942978		False
S1-221106670		False
S1-869061941	S2-883791887,S2-312481569,S3-117095533,S3-700633522,S3-929655158,S3-806527404	True
S1-929046411		False
S1-403490675	S2-489963092,S3-407126682	True
S1-471408815	S2-49237637,S3-551070239,S3-70826544	True
S1-362604548	S3-169494258,S3-574454065,S3-68286855,S3-709701869,S3-331267505	True
S1-341800417		False
S1-289233851		False
S1-129649800		False
S1-319325472	S2-122651257,S2-834172157,S3-833310579,S3-158404329	True
S1-242268249		False
S1-743989564	S2-347839585,S2-619330791,S3-114956325,S3-480881019,S3-258417931	True
S1-36370005	S2-868108793,S2-97912330,S3-695255206	True
S1-740449041	S2-814202053,S3-996454549,S3-683832200	True
S1-843380190		False
S1-518257693		False
S1-443350244	S2-193772210,S2-628583361,S2-151080735,S3-211033980,S3-782865444,S3-854728091	True
S1-636381472	S2-795532988,S3-751528194,S3-637244961	True
S1-328136114	S3-517696783,S3-421999218	True
S1-87389854		False
S1-429087451		False
S1-588183496	S2-580348402,S2-16222460,S3-365908021,S3-43519858,S3-62066437,S3-108032449	True
S1-842093985		False
S1-439383529	S3-70523765	True
S1-30866026	S2-535410192,S2-450815347,S2-91730437,S3-343097038	True
S1-147274710	S2-222948261,S2-345923507,S2-223911439,S3-458643218,S3-990312504	True
S1-948731880	S2-574318430,S2-380831226,S3-218392123	True
S1-759460853	S2-611213022	True
S1-785633694		False
S1-587775833	S2-872230632,S3-509629003,S3-103090086	True
S1-473906706		False
S1-919972482	S2-936760245,S3-635727720,S3-749998174,S3-854707271	True
S1-535072084	S2-363987097,S2-269112122,S3-844096016	True
S1-604872922	S2-719478517,S2-570025111,S3-305145597,S3-771545491	True
S1-594532567		False
S1-117732358	S2-115930170,S3-483326655,S3-478841958,S3-786182790	True
S1-220229466		False
S1-831607009		False
S1-119471150		False
S1-980990202	S2-71642793,S2-318376765,S2-699378449,S2-284942822,S2-327467797,S3-941671607,S3-48353332,S3-804809711	True
S1-784589941		False
S1-703227979	S2-169466718,S2-680770459,S3-394840452,S3-21412595,S3-965758571	True
S1-297721250	S2-528185677,S3-19785808,S3-928215470,S3-346803848	True
S1-250571571		False
S1-570001645		False
S1-813509167	S2-732533766,S3-588296973,S3-648404740,S3-767283466,S3-820851952	True
S1-797027391		False
S1-1913422		False
S1-21564362		False
S1-400510419		False
S1-722765657	S2-698549777,S3-755852527,S3-456000260,S3-554585107,S3-37063375	True
S1-389417836		False
S1-115416391		False
S1-612752996	S2-358383886,S3-631980592,S3-199307707,S3-685571220	True
S1-737780091		False
S1-551899608	S2-902413977,S2-193484991,S3-116996203	True
S1-171423918	S2-700961002,S2-31250684,S3-685891532,S3-508504458,S3-641504243	True
S1-275211118	S2-795399672,S3-27952712,S3-336772375,S3-231987522,S3-535498300	True
S1-952708867		False
S1-553727988		False
S1-622745184		False
S1-558464620	S2-735153509	True
S1-497958302		False
S1-739065953	S2-659924462,S3-801310149,S3-748257465	True
S1-897299051	S2-244778398,S2-135949508	True
S1-107161737		False
S1-395857594		False
S1-684413402		False
S1-159706273		False
S1-717348633		False
S1-774949295		False
S1-720486414	S2-85273607,S2-232757914,S3-345059877,S3-705670570,S3-112346187	True
S1-878798929	S2-307479972,S2-636720483,S3-631436714	True
S1-182483715	S2-69515232,S2-402254261,S2-570799285,S2-741241441,S3-506702461	True
S1-292002012	S2-323602733,S2-492617809,S2-498279663,S3-958419986,S3-912550984,S3-583031771	True
S1-617316289	S2-184062064,S3-486092441,S3-975101026	True
S1-981193744		False
S1-360746588	S2-883234439,S2-495586465,S2-951458815,S3-731596516,S3-402190832	True
S1-6803920		False
S1-813301538	S2-626142458,S2-724248688,S3-44228700,S3-923125093,S3-91679010,S3-176382155,S3-479794638	True
S1-338591267	S3-857930211,S3-718797233	True
S1-101424819		False
S1-573880865		False
S1-718175618		False
S1-811039810	S2-272709804,S3-190192300	True
S1-182986071		False
S1-381152347		False
S1-779106598	S2-977721467,S2-505992726,S2-285078687,S3-485133318,S3-733240845	True
S1-777307907		False
S1-370413857		False
S1-818554934		False
S1-413893760		False
S1-991814977		False
S1-6952095		False
S1-377863442	S2-444401363,S3-485389239,S3-955154516,S3-391658396	True
S1-995948380	S2-324992822,S2-375558134,S2-718860981,S2-74932123,S3-383072225,S3-978788106	True
S1-267425424		False
S1-978881333		False
S1-565419923		False
S1-965291663	S2-510557339,S2-141600670,S3-911469062	True
S1-907448098	S2-650506258,S2-237794986,S3-673904345,S3-852419569	True
S1-508426176		False
S1-799390796	S3-585000089,S3-238588261,S3-989545100,S3-10754589	True
S1-252491620		False
S1-414612978	S2-962725689,S2-519162906,S3-309064876,S3-156782609	True
S1-518614682		False
S1-153294424	S2-179023019,S3-228337582	True
S1-808369083		False
S1-848194148	S3-985350065	True
S1-741112410	S2-405942107,S2-259282749,S3-101401364,S3-941856517,S3-953296268	True
S1-865289123	S2-941567193,S2-380168361,S3-614578230,S3-27488478	True
S1-726186280		False
S1-652266912		False
S1-583349579	S2-106535102	True
S1-807062706	S2-517632815,S2-960907223,S3-608236888	True
S1-268978490	S2-748302750,S2-102270142,S3-420052732	True
S1-496714168		False
S1-226245829	S2-353446273,S2-482094188,S2-782527885,S3-960244620,S3-160822061,S3-491313983	True
S1-398164097		False
S1-534535722		False
S1-176050836	S2-809548048,S3-692814760,S3-59515062	True
S1-350229969		False
S1-914963754	S2-153289963,S3-696853384,S3-115399624	True
S1-308509199	S2-400955456	True
S1-143704488		False
S1-933825304		False
S1-424482012		False
S1-939183133		False
S1-105486518	S2-469924488,S2-49166680,S2-844128315,S2-600642020	True
S1-487849907	S2-844267435,S3-992618091	True
S1-233869892	S2-992508885,S2-629922168,S2-777742182,S3-768830803	True
S1-136551904		False
S1-29076086	S2-730622462,S3-280316908	True
S1-502012344		False
S1-538989472	S2-759592779,S3-724608152	True
S1-321018984	S2-322099468,S2-624892926,S3-309730584,S3-395936084	True
S1-243818096	S2-209836532,S2-973097532,S3-17240729	True
S1-993618772		False
S1-530395843		False
S1-572828812		False
S1-537196897	S2-148869104,S2-254528430,S2-920370115,S2-118822311	True
S1-989777299	S2-821334432,S2-938440584,S3-614058762,S3-240145226,S3-717346626	True
S1-525596572	S2-22010763,S3-489771911,S3-977696650	True
S1-970014474		False
S1-415089465		False
S1-971965838		False
S1-203359035		False
S1-663859640	S2-644879846,S2-622536471,S3-78117533,S3-135316085,S3-139383742	True
S1-153194072		False
S1-341089749	S2-122932842,S2-43296261,S3-107679686,S3-726511670	True
S1-960010455		False
S1-470084293	S2-964354515,S3-138042033,S3-410219612,S3-777653965	True
S1-21094458		False
S1-850085174		False
S1-774676945	S2-999884433,S2-415900389,S3-507555206,S3-659502613,S3-292228471	True
S1-949357503	S2-319331207,S3-52399826	True
S1-617954523	S2-130000166,S2-771513418,S2-610138864,S2-889924418	True
S1-867769919	S2-249013185,S2-835619941,S3-644363786,S3-543393859	True
S1-887279171	S2-57459803,S2-487305833,S2-220756258,S2-780055695,S3-235378340,S3-990952179	True
S1-126820699		False
S1-38558451		False
S1-621782724	S3-601713291,S3-716706159,S3-942363422	True
S1-784556843		False
S1-227704155		False
S1-374612477		False
S1-347987270		False
S1-527051588		False
S1-44475630	S2-969528798,S2-606754811,S3-661893843,S3-516724302,S3-461656277	True
S1-22050163		False
S1-454905856	S2-130737383,S3-360452398,S3-192622281,S3-779135050,S3-964361159	True
S1-735412549		False
S1-124599904	S2-647192693,S2-931251662,S2-224808871,S3-771202179,S3-763660247	True
S1-86520329		False
S1-119747566		False
S1-339854828		False
S1-835280238	S2-248296934	True
S1-191699832	S2-718239448,S2-970790371,S3-37698528,S3-530628451	True
S1-729338033	S2-413395040,S3-864527966	True
S1-544528409	S2-68949751,S3-982063695,S3-194011952	True
S1-714937260	S2-923424077,S2-261287190,S2-176969791,S2-70012197,S3-672348027,S3-641547998	True
S1-417396845		False
S1-739795188	S3-628684963,S3-235704527	True
S1-206164559	S2-316247064,S2-994716557,S2-689904369,S3-176440729,S3-673621697	True
S1-140685989	S2-475958993,S3-620754621	True
S1-179136210	S2-275162953,S2-253670343,S3-217151863,S3-940577042,S3-473498343	True
S1-436078957	S2-778885377,S2-235508541,S2-158365034,S3-148541042,S3-166540244	True
S1-920810057		False
S1-879050005		False
S1-462961106	S2-59367475,S2-58022270,S2-416535994,S3-692156110	True
S1-216068241		False
S1-596154748		False
S1-388758395	S2-449509152,S3-573051938,S3-514924953	True
S1-932646550		False
S1-930941235	S2-57365015,S2-257398232,S3-73913406,S3-189161142,S3-988053978	True
S1-331414681	S2-283931494,S3-391837087,S3-716946583	True
S1-370176091		False
S1-678470663		False
S1-316133189		False
S1-955924288	S2-815382283,S2-244966052,S2-471882117,S2-32004966,S3-891607969,S3-626687261,S3-120842051,S3-528175024	True
S1-638508407		False
S1-146883840		False
S1-849732552		False
S1-360426827		False
S1-536982442	S2-577755567,S2-251179742,S2-697494798,S2-632151073,S3-580220836	True
S1-905991940	S2-703180265,S2-951759973,S2-761028605,S3-966795607	True
S1-263690090	S2-709166867,S3-316989019,S3-818853261	True
S1-911652339		False
S1-437442649		False
S1-253861174	S2-271219823,S3-382795885	True
S1-254386865	S2-314474806,S2-874670908,S2-495472959,S3-60921753,S3-528345287	True
S1-695033614		False
S1-33317039		False
S1-847122444	S2-117583826,S2-243010002,S3-485317376,S3-609435791	True
S1-290584780	S2-943591351,S3-233123145,S3-116106870	True
S1-991761510		False
S1-815020455	S2-513360257,S3-561468050	True
S1-115514738		False
S1-436645879		False
S1-566163701		False
S1-809496664	S2-169531316,S3-162230064,S3-76169370,S3-890339652	True
S1-548786766		False
S1-689091758	S2-25595619	True
S1-433511108		False
S1-554006757	S2-433046709,S2-468266039,S3-550495722,S3-98042942,S3-214918111	True
S1-793760810	S2-482236187,S3-927044650,S3-400140863,S3-162668517	True
S1-381453066		False
S1-652944750	S2-463215201,S3-823945261,S3-337971884	True
S1-266216861		False
S1-25938545		False
S1-651576064		False
S1-327692505	S2-688852558,S3-825766046,S3-733083110	True
S1-369226683		False
S1-933007679		False
S1-717660704	S3-309789436,S3-526080977,S3-134987652	True
S1-574540041	S2-165166399,S2-260544410,S3-984939371,S3-883886862,S3-396112264,S3-606445582	True
S1-975423616		False
S1-424371944	S2-964067505,S3-898008695,S3-479362785,S3-79934043	True
S1-29124578	S2-801431995,S3-809430317,S3-633798220,S3-167930149	True
S1-933748815	S2-627000303,S3-477456273,S3-942298305	True
S1-326535074	S2-367389766,S2-39026986,S2-136786412,S2-946884804,S3-538824918,S3-977592444,S3-135707611	True
S1-63081126		False
S1-935287380	S2-813808689,S2-524708703,S2-361294927,S3-678793979,S3-172837666	True
S1-506843367		False
S1-776043859	S2-393238676,S2-431070210,S3-795744086,S3-187849509	True
S1-63513466	S2-213775393,S3-817749287,S3-232770282	True
S1-21128147	S2-793729078,S2-543575388,S2-959173882,S3-600177942,S3-863803741,S3-625208982	True
S1-152946181		False
S1-915683372		False
S1-670151210	S2-874139048,S2-638610664,S2-324114247,S3-291082666,S3-680284859,S3-136033386	True
S1-510337806		False
S1-237605445		False
S1-134711272	S2-154418910,S3-16655416,S3-957938434,S3-941896518	True
S1-131117081		False
S1-218347112		False
S1-683247605	S2-340763679,S3-935278597	True
S1-554912528	S2-179110791,S3-539676689	True
S1-490030981		False
S1-493077122		False
S1-672710128	S2-931834021,S2-908062102,S3-449409843,S3-478182489,S3-28401265	True
S1-378613743	S2-840195608,S2-696707511,S3-421674189	True
S1-28104615		False
S1-176074572		False
S1-850121518	S2-467707909,S2-575546589,S3-254154997,S3-335823659,S3-991411587,S3-726570547	True
S1-189285852		False
S1-5000220		False
S1-785123172		False
S1-266993293	S2-843361126,S2-534750459,S3-834325156,S3-203042336,S3-780066397	True
S1-708540883	S2-824688938,S2-106545631,S3-674165565	True
S1-530100183		False
S1-973982834	S2-922671736,S2-443005509	True
S1-556842548	S3-531343698,S3-231022929,S3-404881723	True
S1-298647068	S2-391547543,S3-650435555,S3-60177729	True
S1-55708790	S2-561435589,S2-588854803,S3-332178169	True
S1-82390488		False
S1-760988230		False
S1-655219043		False
S1-323951647		False
S1-543585426		False
S1-215194908		False
S1-380518385		False
S1-726880587		False
S1-322354513		False
S1-489540629	S2-655071674,S2-628300380,S3-174646345	True
S1-592991602	S2-518534548,S2-816253176,S2-895877256,S3-112336293,S3-767564152	True
S1-579686413		False
S1-938346026		False
S1-593838809	S2-866648367,S2-383753418,S3-901753482	True
S1-116758311		False
S1-317415877	S2-124532121,S2-867827050,S3-429963556,S3-229510086	True
S1-306105869		False
S1-167758659	S2-175045803,S2-817564207,S2-420163817,S3-338467722,S3-180057817	True
S1-854580482		False
S1-146010469		False
S1-888883183		False
S1-928194051		False
S1-301081358	S2-986807260,S3-421298293,S3-272159784,S3-139752215	True
S1-52070472		False
S1-515062510	S2-99088356,S3-360945331	True
S1-710168824		False
S1-975522025	S2-886750550,S3-334410636,S3-765249713	True
S1-28762548		False
S1-531044543	S2-251021771,S2-193111781,S3-944752637	True
S1-298555726		False
S1-350588896		False
S1-7881855		False
S1-729523003		False
S1-971424038		False
S1-716238006	S2-716413623,S2-76651413,S2-214852950,S3-733420488,S3-739792505	True
S1-295597781	S2-538791086,S2-353118284,S2-771288371,S2-246403228,S3-126757270	True
S1-954063110		False
S1-74373286	S2-187136890,S2-448163035,S3-744801172	True
S1-675941510		False
S1-290510742		False
S1-300874829		False
S1-893121207	S2-740589344,S3-116777266	True
S1-674702760		False
S1-874200721	S3-469414530	True
S1-992937955		False
S1-27152068	S2-22633855,S2-211262774,S3-56309463	True
S1-775118749	S2-240284515,S2-324836363,S3-355114232	True
S1-539013828	S2-967693777,S2-741881173,S3-997848802	True
S1-694408126		False
S1-607713500		False
S1-621508720		False
S1-387727370		False
S1-401086450		False
S1-787705610	S2-146708094,S2-54914192,S3-466169180	True
S1-841854206		False
S1-65242535	S2-101934735,S2-400921308,S3-389438306,S3-70272039,S3-431761326	True
S1-456331726		False
S1-510777681	S2-882519782,S3-565268318,S3-79181965,S3-198390005,S3-592079410,S3-730076561	True
S1-554305682		False
S1-545235614		False
S1-839411273		False
S1-287678597		False
S1-134125405	S2-571442804,S3-878710252,S3-916748550	True
S1-979706539		False
S1-6398085	S2-457577720,S2-337281595,S2-108362738,S3-392052964,S3-237106268,S3-595904289	True
S1-346940815	S2-852182939,S2-778721936,S2-520342486,S2-31445947,S3-776976054,S3-287498876	True
S1-719479766		False
S1-912897002	S2-576652907,S2-657835032,S2-691246369,S3-593798244	True
S1-452272507	S2-823248886,S3-103306515,S3-369838201	True
S1-4524055	S2-466746910,S2-520174401,S3-420461268,S3-93179306	True
S1-61465519	S2-198839838,S3-891711110	True
S1-140944692	S2-333312312,S3-604615548	True
S1-297508790		False
S1-748869180		False
S1-763810503		False
S1-377905389	S2-323304128,S2-400414964,S3-574924889	True
S1-584843472	S3-753975814	True
S1-157407133		False
S1-924220083	S2-381565252,S2-454220844,S2-909461491	True
S1-920111445		False
S1-172496315		False
S1-667912002	S2-253767661,S3-668729773,S3-173095877,S3-370600609	True
S1-225760574		False
S1-861298065	S2-837045677,S2-532106861,S2-382645187,S3-109862619,S3-388077526,S3-638789350,S3-157538987	True
S1-199265764	S3-847311547,S3-484787243,S3-957635756	True
S1-713146772		False
S1-874283009		False
S1-828387748	S2-175856886,S2-944874841,S3-979825711,S3-759986572	True
S1-992821999	S3-227077036	True
S1-278633177		False
S1-667380981		False
S1-438865808	S2-121873290,S2-990733863	True
S1-440011023	S2-397975331,S2-201569144,S3-39511216,S3-391942417	True
S1-531330995	S2-159601091,S2-140450214,S2-832969088,S3-663696117,S3-551859169,S3-142689440,S3-851151673,S3-227678678	True
S1-848618163	S2-862576325,S2-496213234,S3-670185309	True
S1-771697746		False
S1-694534056		False
S1-211128226		False
S1-513528891	S2-483841807,S2-337610418,S3-591942196	True
S1-477885578		False
S1-909164564	S2-705984439,S3-593282519,S3-917803865,S3-772615872	True
S1-627403563	S2-524658888,S3-608713311,S3-394452983,S3-597527621	True
S1-49352829	S2-581002428,S2-506456884,S2-270632144,S3-565800079	True
S1-865392009		False
S1-802505469		False
S1-770034525	S3-728698560,S3-822260601,S3-15657203,S3-99828305	True
S1-251030378		False
S1-466313272	S2-72516998,S2-512216885,S2-544180773,S3-504354445	True
S1-803591157	S2-82583736,S3-893043608,S3-177083642	True
S1-448408303		False
S1-466043621	S2-32324138,S2-388592949,S2-936471088,S3-283351465,S3-947820363,S3-550994019,S3-837727691	True
S1-94171132		False
S1-79349265		False
S1-379395184	S2-469569301,S2-9577737,S2-731240285,S3-979389786,S3-696127946	True
S1-128362873	S3-675106239,S3-206504927,S3-996427357	True
S1-464070108		False
S1-649979923		False
S1-121970095	S2-934338983,S2-465144917,S2-983432561,S3-395930996,S3-426749947	True
S1-565030228		False
S1-416621195	S2-175249963,S2-368011532,S3-658487725,S3-587025518	True
S1-256664532		False
S1-921406585	S2-804004902,S2-157620549,S2-725970233,S2-335512196,S3-133381963,S3-380054527	True
S1-220534184		False
S1-745827938		False
S1-413996404	S2-807290527,S2-420163065,S2-120732187,S2-765579271,S3-559043173	True
S1-5476707	S2-469838529,S2-555158218,S2-907064129,S2-269032658,S3-913452973,S3-481457568,S3-592395034,S3-882315153	True
S1-82614105		False
S1-55103308	S3-979376759,S3-968781041	True
S1-633332812		False
S1-986941006	S2-552124544,S2-407867049,S3-715830707	True
S1-616166362		False
S1-847380438	S2-341601175,S2-493767924,S2-957161649,S3-633522908,S3-352823599	True
S1-602213515		False
S1-452394583	S3-269475820,S3-286559747	True
S1-144251963		False
S1-714696616	S2-331605940,S2-714102926,S2-549176589	True
S1-739991113	S2-943649760,S2-810739413,S2-852666867,S2-777046505,S3-901825944,S3-452295385,S3-168617250	True
S1-822504014	S2-349235352,S2-527748549	True
S1-372602065		False
S1-457759208	S2-917443213,S3-303039200,S3-313279714	True
S1-593419141	S2-642782878,S2-255919138,S2-461702922,S2-201141731,S3-185371034	True
S1-77211928		False
S1-675370548		False
S1-256183736		False
S1-759794912		False
S1-561099732	S2-632346559,S2-577266101,S3-829695742,S3-632783214,S3-323850519,S3-807041289	True
S1-132384295	S2-554322267,S2-737740915,S3-667555813,S3-153703890,S3-41912499	True
S1-735509297	S2-714430766,S3-367988605,S3-695558935	True
S1-241481036	S2-848927585,S2-840226753,S3-500559344,S3-120829945,S3-867635133,S3-830699706	True
S1-291336571		False
S1-643711909	S2-86280572,S2-594713123,S3-544464088	True
S1-533487624		False
S1-947128445		False
S1-327390499		False
S1-464897065	S2-925893539	True
S1-931086440		False
S1-660676434	S2-822309993,S3-388649587,S3-825104894	True
S1-560942800		False
S1-775020834	S2-878108326,S3-542853799,S3-582655305	True
S1-629300135	S2-750397399,S2-948624728,S3-783707877,S3-886855917	True
S1-902175033		False
S1-991421674	S2-624012477,S2-452864318,S3-894571079,S3-269555602,S3-448112388	True
S1-986257093		False
S1-336536623	S2-44911212,S2-213738747,S3-119665447,S3-848084919	True
S1-365713937	S2-746507505,S3-654083583,S3-624037163	True
S1-230761660	S2-266325887,S3-540943334,S3-595447407,S3-453251572	True
S1-449553874		False
S1-139981187		False
S1-591785729		False
S1-356955631		False
S1-604701499	S2-531328601,S2-6006146,S3-86474961,S3-550894269	True
S1-160484654	S2-699507230,S2-556530648,S3-237249413,S3-47048328	True
S1-17139950		False
S1-439131047	S2-895880004,S3-555904360,S3-804537952	True
S1-281030167	S2-501843549	True
S1-178492674	S2-409577615,S2-220174458,S2-252432902,S3-608833314	True
S1-455796396	S2-375472636,S2-61762501,S3-267824959,S3-490950310,S3-989642439,S3-221868011,S3-532896583	True
S1-936787467	S2-553790754,S2-453014441,S2-954640429,S3-783229875,S3-107776221,S3-316196876,S3-397023044,S3-325386501	True
S1-420700748	S2-725733337,S2-776804878,S2-210960862,S3-468913078,S3-389569082,S3-309205059,S3-331789015,S3-625167013	True
S1-255242614		False
S1-9594918		False
S1-765891118	S3-105740631,S3-402812292	True
S1-932380283		False
S1-547338381	S2-316585869,S3-933639408	True
S1-709386911		False
S1-458629728		False
S1-511660742		False
S1-650834006	S2-884786226,S2-257092202,S2-761805221,S3-486457032,S3-529694411,S3-934558296,S3-375067596	True
S1-672694099		False
S1-772386576		False
S1-564186151		False
S1-124883140	S2-119252939,S2-837806611,S2-200362882,S3-523101999	True
S1-823769831	S2-83125564,S3-894820758,S3-661932821,S3-425914535	True
S1-917816035		False
S1-608751714		False
S1-462914940	S2-401674971,S2-571141120,S3-976297930	True
S1-718879484	S2-458043920,S2-213878195,S3-14969015	True
S1-582453034	S2-216655092,S3-712971420	True
S1-823120154		False
S1-318752882	S2-540816707,S2-260062986,S3-308553950,S3-801266784,S3-381833333	True
S1-808905510	S3-112820277	True
S1-539212846	S2-89501939,S2-774983895,S3-913478092	True
S1-540203006	S2-304140015,S3-267448841,S3-711182760,S3-574787571	True
S1-834197887	S2-157696377,S3-734262225,S3-383364196	True
S1-387520414		False
S1-553842962	S3-984841114	True
S1-70192204		False
S1-184435642	S2-873382803,S3-799662994,S3-277724357	True
S1-657365613		False
S1-311830901		False
S1-894368607	S2-686708958,S3-434550689,S3-885599232,S3-60589490	True
S1-914722955	S2-957072985,S2-240480907,S2-751213741,S2-191854303,S3-735193537,S3-454571807	True
S1-360326380		False
S1-957528952	S2-234821205,S2-934667849,S2-535345385,S2-583364285,S3-54905178,S3-234763075	True
S1-312995330	S2-933097700	True
S1-944907968	S3-886899920	True
S1-30170403		False
S1-201054042		False
S1-230117359	S2-443873347,S2-856793639,S3-195563882,S3-69541569,S3-254123304,S3-477465640	True
S1-745630450		False
S1-501092706	S2-336356919,S2-378780723,S3-352629419,S3-870755503,S3-792028757	True
S1-601545417	S2-789251817,S3-157839955,S3-475211248	True
S1-807065402	S2-342257130,S2-605814681,S2-756299851,S2-363915798,S3-41974129,S3-746070048,S3-394425686	True
S1-813868769		False
S1-840015134		False
S1-934977496		False
S1-963976086	S2-694472456,S3-176526741,S3-956191523,S3-726795189,S3-249393988,S3-669743060	True
S1-262484766	S2-952782806,S2-563493802,S3-591289204,S3-395799962,S3-376939994,S3-995025447	True
S1-583616973		False
S1-221120042	S2-705515242,S2-809854935	True
S1-517088539	S2-100150766,S3-865055912,S3-839392452	True
S1-586119103	S2-838246800,S2-506133456,S2-833942133,S2-689852979,S3-49377729,S3-81537706,S3-764757392,S3-851737376,S3-446600203	True
S1-418400499		False
S1-488483332	S2-964918675,S3-254435733	True
S1-219914340		False
S1-614880386	S2-884019206,S2-140429540,S2-384501478,S2-565107115,S3-951663131	True
S1-385932211	S2-480080015,S3-975602657,S3-358891302	True
S1-662966619	S2-834684068,S2-193429251,S3-592415264,S3-93666105	True
S1-500420008	S2-463477298,S2-556996868,S3-911018921,S3-394346464,S3-406619182	True
S1-435697758	S2-353449830,S3-63700027	True
S1-516194140		False
S1-441344199		False
S1-920323032		False
S1-283900994		False
S1-876397607		False
S1-811574181		False
S1-244782797		False
S1-360758622	S2-847606344,S2-663017148,S2-985491554,S3-777056656	True
S1-496760074	S2-101882404,S2-785237788,S3-691289448,S3-220431562,S3-629478980,S3-72464287	True
S1-696810794		False
S1-325773887	S2-915663472,S2-970933547,S3-901150280	True
S1-253734518		False
S1-941053923		False
S1-953163004		False
S1-328048175	S2-641431527,S3-264182225	True
S1-682272743	S2-610697240,S2-390788117,S3-857420057,S3-209967957	True
S1-135180512	S2-858576123,S3-822744300,S3-925180044,S3-708794351,S3-695408902,S3-507288795	True
S1-12791194	S2-605386592,S2-327403797,S3-968249251,S3-906440281,S3-567078910,S3-490099921	True
S1-763716904		False
S1-315307946	S2-22239906,S3-18026241	True
S1-794412239	S2-432790131,S2-692475757,S3-245125201,S3-571394614	True
S1-210592802		False
S1-164382949	S2-639180790,S2-893103966	True
S1-303966989		False
S1-422024141	S2-77493847,S3-670843086	True
S1-743320591	S2-654733455,S3-732737040	True
S1-598630503	S2-976521246,S3-598041478	True
S1-634052307	S2-442597760,S2-399880651	True
S1-595918532	S2-342563860,S2-89507239,S3-429247055	True
S1-862271636	S2-34827482,S3-28811656,S3-588702872,S3-348426136	True
S1-498399790		False
S1-86226624		False
S1-359385443	S2-164844995,S2-29517626,S3-895597514,S3-824702680	True
S1-203924253	S2-233997859,S2-8781579,S3-901914866	True
S1-721337809		False
S1-691461666		False
S1-541256002		False
S1-935508440		False
S1-53179392		False
S1-707198078	S2-785432893,S2-508263724,S2-751046450,S3-109623716,S3-792309774	True
S1-227128708	S2-516945107,S2-581007635,S2-49339786,S2-459140977,S3-795686954,S3-882208141,S3-178656169	True
S1-643367109	S2-32582185,S3-28257183,S3-655959312,S3-518484130	True
S1-32563631		False
S1-183221481		False
S1-889090211		False
S1-489820584	S2-461099121,S2-855217086,S3-245668476	True
S1-193097856	S2-27908996,S3-180232218	True
S1-553868352	S3-433584059,S3-897542636	True
S1-817796449	S2-753426686,S2-871250602,S3-695793992,S3-265545677,S3-837240731	True
S1-761521000		False
S1-599419154	S2-296787396,S3-436972202	True
S1-926514235		False
S1-948391380	S2-79792155	True
S1-878814791		False
S1-532312453	S2-44794539,S2-349947205,S2-755816985,S3-314279012	True
S1-538141384	S2-621008491,S2-835132060,S2-668767484,S3-390708966,S3-302921933	True
S1-764133175	S2-815925662,S2-969183859,S2-904349198	True
S1-488469237		False
S1-796616442	S2-764551133,S3-759141085,S3-458715968,S3-104605802	True
S1-658131899		False
S1-788292575		False
S1-588035466	S2-416441635,S3-647458468	True
S1-416888495		False
S1-507354138	S2-459616719,S3-587377213	True
S1-669756582	S2-227122657,S2-319976186,S2-299656556,S2-851590876,S2-478744689,S3-954302102,S3-450738331	True
S1-777410338	S2-236391354,S2-717289391,S3-344420619,S3-392508881	True
S1-832107174	S2-69592610,S3-686185699,S3-925536163	True
S1-596151224		False
S1-256725485	S2-852510,S3-651918647	True
S1-779375209	S2-852831043,S2-298716073,S3-804802791,S3-752108755	True
S1-168714234		False
S1-654231877		False
S1-575083320	S2-137770707,S3-815205943,S3-99607639	True
S1-88876445	S2-690067473,S2-384305621,S2-733446786,S2-102769436,S2-136050039,S3-14892050	True
S1-948136607		False
S1-450617960	S2-387931165,S2-120815775,S3-881544858,S3-927212499	True
S1-485324542	S2-864145782,S3-137572210,S3-593349838,S3-478205667	True
S1-718551829	S2-629086032,S3-63365908	True
S1-48468624		False
S1-291116746	S3-938720588,S3-602794615,S3-147909802	True
S1-114183018	S2-922570906,S2-862034876,S3-9729909	True
S1-700633062		False
S1-683118891	S2-537096906,S3-307416368	True
S1-139690965		False
S1-241781117	S2-200231615,S2-157404295	True
S1-732003555		False
S1-715939820	S2-229888796	True
S1-508983787		False
S1-541777593	S2-701157,S2-826657166,S2-687004772,S3-222854539,S3-875466829	True
S1-954744269		False
S1-521713715	S2-326888248,S2-528091447,S2-833809901,S3-381800343	True
S1-356206013		False
S1-847262996	S2-520679750,S3-931185643,S3-527046407,S3-557029787,S3-453759225	True
S1-318070694		False
S1-438062075	S2-614593111,S2-528760575,S3-827069972	True
S1-882030376	S2-255978629,S3-445543216	True
S1-261803689	S2-422675128,S2-384803700,S2-206479889,S3-372387061,S3-772803912	True
S1-739964962		False
S1-57456148	S2-680267140,S3-36260719,S3-281265623,S3-255248325	True
S1-485806362	S2-432933412,S3-16277590,S3-258150445,S3-503858487	True
S1-340376827	S2-117907523,S2-525367011,S3-656649872,S3-823381179	True
S1-880968623		False
S1-819110073	S2-311485763	True
S1-200301101	S2-291490598,S2-452789017,S2-792338389	True
S1-177102234	S2-491195906,S3-863273639,S3-419083655,S3-847414689	True
S1-733100650	S2-449235452,S2-283646419,S2-208079248,S2-615741660,S3-105274285	True
S1-39119147		False
S1-201035016	S2-16735179,S3-47951852	True
S1-588274888	S2-986314465,S3-826022540	True
S1-128728244		False
S1-748969838	S2-546264518,S2-278849897,S2-238534369,S2-958226815,S3-859654995	True
S1-978356894	S2-429541225	True
S1-387032118	S2-550190941,S2-820014764,S3-485172578	True
S1-674059302	S2-945316920,S3-422519385	True
S1-218451742		False
S1-811894016	S2-462087363,S3-777987744,S3-101563597,S3-228296859	True
S1-662843101	S2-783281385,S3-745757351	True
S1-734057128	S2-754778296,S2-32852057,S3-858147854	True
S1-216260520	S2-283635282,S2-486870521	True
S1-676610941		False
S1-47523839		False
S1-876672470		False
S1-230667133		False
S1-85588371		False
S1-142507652	S2-214082885,S3-759132868,S3-694631319,S3-44207223,S3-555655935	True
S1-253567956		False
S1-520316477	S3-284022011,S3-893897106	True
S1-848671120		False
S1-454262176	S3-749906185,S3-827915759	True
S1-786282281		False
S1-284412078		False
S1-509679255		False
S1-422247848	S2-747425008,S2-394014371,S2-784843158	True
S1-166048795		False
S1-231729623		False
S1-168410798	S2-625968223,S3-242798952	True
S1-909174448	S2-470661665,S2-62852614,S2-353966518,S3-89013576,S3-821068022,S3-25058663	True
S1-668861476		False
S1-84819862	S2-751308471,S2-467333864,S2-866114788,S3-583361887,S3-24718812	True
S1-883569974	S2-629172377,S2-25003415,S3-292234306,S3-720960225,S3-512831042	True
S1-371587899	S2-510819375,S2-788482094,S3-549291577	True
S1-936672780	S2-267723353	True
S1-872434591		False
S1-130185594	S2-576111781,S3-862432217,S3-569100621	True
S1-325256861		False
S1-514516165		False
S1-36751031	S2-273514127,S2-66673009,S2-940418125,S3-685092178	True
S1-490370451	S2-259088286,S2-650356337,S2-793826094,S3-371294566	True
S1-377232009		False
S1-4653382	S2-346471339,S2-330639923,S2-847076562,S3-649378656	True
S1-395180145	S2-209470853,S2-158529391,S3-356185793,S3-934839555	True
S1-753137842	S2-824733268,S3-975537897	True
S1-721122265	S2-224152636,S2-342134958	True
S1-237132216		False
S1-137067904		False
S1-128260204		False
S1-68212913	S2-195079058,S2-713433765,S2-709269005,S3-291955386	True
S1-467529405	S3-191759887,S3-916918820	True
S1-472204706	S2-797458437,S3-943301561,S3-456103217	True
S1-58652547		False
S1-988512452		False
S1-754062439		False
S1-337150213		False
S1-928102389	S2-730372421,S2-156968355,S3-38782353	True
S1-462585994	S3-380721343,S3-880415365	True
S1-156833270		False
S1-538644975		False
S1-79251504		False
S1-843852763		False
S1-219219186		False
S1-174511703		False
S1-898492873	S2-39711451,S2-647804621,S2-693660621,S2-214203878,S3-21401318,S3-204281669,S3-785561646,S3-755308221,S3-230628996,S3-817020162	True
S1-127843549	S2-64011541,S2-248908459,S2-669712004,S3-170255112	True
S1-402419925		False
S1-366192371		False
S1-756269294	S2-651969248,S3-559460301	True
S1-302348647	S2-429198072,S2-555439250,S3-47789893,S3-370707629	True
S1-432118766		False
S1-829942807		False
S1-70526641		False
S1-533303480	S2-729907397,S2-340680183,S2-708353208,S3-568101240	True
S1-96947114	S2-547592237,S2-428522647,S3-259157792,S3-637750307	True
S1-819904696		False
S1-958517585		False
S1-778140060	S2-800178598,S2-62246059,S2-739473648,S3-942537359	True
S1-915020027		False
S1-158345472	S3-457021796,S3-930024463	True
S1-748797954		False
S1-89861096	S2-325447012,S2-60421962,S2-773561442,S2-315897846,S3-167161288	True
S1-983298332		False
S1-757796695		False
S1-288638293		False
S1-599392795		False
S1-883780730		False
S1-550272935	S2-732351903,S3-864189719	True
S1-831640639		False
S1-152546629		False
S1-396276954	S2-441637217,S2-126977821,S3-599642813,S3-76996766	True
S1-617034962		False
S1-717303970	S2-729234536,S2-338556591,S3-915618252,S3-48912910	True
S1-422918602	S2-114339863,S2-67861139,S3-979771160,S3-172774502,S3-716658916	True
S1-260994217		False
S1-459554747		False
S1-769729832	S2-805137240,S3-315197050,S3-599581978,S3-345665732	True
S1-113544767	S2-300852684,S2-616802173,S2-122412312,S2-492803729,S3-845789365,S3-967982350	True
S1-133403525	S2-167270002,S2-959390790,S2-187169319,S2-876133520,S3-453878771	True
S1-315736680	S2-122806338,S2-91876282,S3-639576087	True
S1-800023110	S2-893907258,S3-454251278,S3-569118149	True
S1-917150762	S2-690847570,S2-736563507,S2-44971331,S3-202499996,S3-494547711	True
S1-390222227		False
S1-274708070	S2-249593064,S2-425465100,S3-625096286	True
S1-749223894		False
S1-901476952		False
S1-143978010		False
S1-826403655		False
S1-489891673		False
S1-752508505		False
S1-207192731	S2-747823484,S2-544648328,S3-571031740	True
S1-784876266		False
S1-369620300	S2-562764214,S2-766174165,S3-839450965	True
S1-314661367	S2-911018414,S2-101554257,S2-499418619,S3-594993661	True
S1-432231231		False
S1-551317505	S2-61376142,S3-183452756	True
S1-963222858	S2-649613870,S3-843473687	True
S1-819878008	S2-317128241,S3-911783629,S3-125057844,S3-688136728	True
S1-987603343	S2-908596312,S2-355834017,S2-544983785,S3-322717558	True
S1-346290849	S3-802138681,S3-769197274	True
S1-71874862		False
S1-88179585	S2-61981307,S2-17654359,S3-230981837	True
S1-999983714		False
S1-468611682		False
S1-685717608	S2-227857265,S2-559376821,S2-510393978,S3-456203480,S3-421648724,S3-993610136,S3-675737698,S3-172942308	True
S1-938934967	S2-131965441,S3-439376316,S3-583760305,S3-425946759	True
S1-189521443		False
S1-618180737		False
S1-11267611		False
S1-383416241		False
S1-320454791		False
S1-146111765		False
S1-797254341		False
S1-871602667		False
S1-895683521	S2-9967432,S3-932480926,S3-54867805,S3-180830791	True
S1-886843406		False
S1-797554426	S2-199926691,S2-239546360,S3-713161248,S3-758516481	True
S1-934335178	S2-597409003,S3-958673701,S3-401379139,S3-388184131	True
S1-23995354	S2-838368176,S2-606648194,S3-223297933	True
S1-800222519	S3-158244715,S3-794688321	True
S1-374387247		False
S1-637241602	S2-651312917	True
S1-325090636	S2-801842225,S2-876771294,S3-52632687	True
S1-741178041		False
S1-154045442		False
S1-206147922		False
S1-595729411		False
S1-15715241	S2-283271558,S2-989629424,S3-164678456,S3-142162568	True
S1-924620570	S3-534660351	True
S1-615214433		False
S1-842053899		False
S1-639840069	S3-974739336,S3-83471483,S3-186920666	True
S1-519133951		False
S1-457774423		False
S1-723147955	S2-976315173,S2-406060435,S2-470114145,S2-90290495	True
S1-875255954		False
S1-205853971	S2-43960529,S2-592497297,S3-521975692	True
S1-898270011		False
S1-777659213	S2-10783603,S2-167244577,S2-879208304,S3-693199068	True
S1-940359613		False
S1-199659823		False
S1-632259817	S2-406216995,S2-979000295,S2-333427341,S3-502249108,S3-728562099,S3-824835550	True
S1-853581004		False
S1-598288912		False
S1-391008199		False
S1-806361734		False
S1-780554018	S2-682682346,S3-598938192,S3-782028663	True
S1-968117554		False
S1-842702821	S2-736956185,S3-948757080,S3-358576278,S3-687906930,S3-420971370	True
S1-40048458	S2-32480200,S2-62874414,S3-819342059,S3-40818140,S3-692208764	True
S1-33639039		False
S1-596233651		False
S1-592140167	S2-524155308,S2-694936068,S2-784770016,S3-532113354	True
S1-322491886		False
S1-972735639		False
S1-19977877	S2-342001659,S3-80533444,S3-940555450	True
S1-634792330	S3-598188190,S3-739629327	True
S1-977093668	S2-765432348,S3-6233720,S3-476239141,S3-368713537	True
S1-969761598	S2-728309571,S3-579744501	True
S1-523226912	S2-752843928,S2-585802322,S3-801436648,S3-975790471,S3-905106258	True
S1-283077768		False
S1-55410699	S2-432324187,S3-950687329,S3-186316855	True
S1-627143884	S2-119309115,S3-674845822	True
S1-760053280		False
S1-560384632	S2-860884843,S2-943907671,S3-801192889,S3-567382148	True
S1-694929743		False
S1-215293382	S2-51191627,S2-874936691,S3-355399307,S3-581344949	True
S1-905180398		False
S1-190282091	S2-670425391,S2-857475235,S2-428130531,S3-894713207	True
S1-256314003		False
S1-47785367	S2-569993418,S3-294237911,S3-548328165	True
S1-562067700		False
S1-862281967	S2-790170751,S3-425972623,S3-581921724	True
S1-939205691		False
S1-361718299	S2-168941181,S3-420492616	True
S1-261840225		False
S1-515552531	S2-379239345,S3-483875382,S3-714303559,S3-334944691	True
S1-684580721	S2-186927448,S2-825433461,S3-562844200,S3-212110008	True
S1-463217136		False
S1-308350818	S2-910642583,S2-977238794,S3-901044055	True
S1-816445703		False
S1-927523070		False
S1-83332083		False
S1-40736251	S2-230777212,S3-644583140	True
S1-366942294		False
S1-939460829	S2-447712457,S2-571019009,S3-594161940	True
S1-725460635	S2-362710289,S2-25110853,S2-103596620	True
S1-23850534		False
S1-23488836	S2-509920436	True
S1-163339741	S2-185230676,S2-215817411,S3-453512694	True
S1-852401186	S2-977942857,S2-71274949,S3-310513404,S3-276044947,S3-144245870,S3-404107919	True
S1-4851899	S2-401788227,S2-815530125,S2-8715752,S3-355258767	True
S1-323647842		False
S1-667867749	S2-629154968,S2-494400722,S2-964208385,S3-74283721	True
S1-499878375	S2-496257786,S2-888716341,S2-872464744,S3-408628588	True
S1-520477111		False
S1-703045902		False
S1-488261215		False
S1-742254091		False
S1-51230969		False
S1-358034480	S2-422776825,S2-156327704,S3-640119651,S3-577924416,S3-9068201	True
S1-56212964		False
S1-567253945		False
S1-142463218	S2-966655241,S3-175051793	True
S1-871389026	S2-865988790,S2-64492048,S3-931626435,S3-676044663	True
S1-915990481		False
S1-490605852	S2-281225978,S2-79045989,S2-309413403,S3-736717637,S3-498090531	True
S1-334074942	S2-349417652,S2-330010525,S3-809834718,S3-310658516,S3-855332670	True
S1-343556246		False
S1-615845105	S2-25103669,S3-454981332	True
S1-31345143		False
S1-94629979	S2-626316035,S3-689346406	True
S1-350510877	S2-248194440,S2-644737067,S2-699381899,S3-103589064,S3-409853486,S3-418251967	True
S1-740103267	S2-169174040,S2-971339599,S2-857215329,S3-637680783,S3-37501606,S3-407999057	True
S1-303758186		False
S1-679068702	S2-676173938,S3-777585528	True
S1-491749315	S2-528220693,S2-320624635,S3-751961643,S3-526754527,S3-109485758	True
S1-689195700		False
S1-385514005	S2-330541281,S2-888832399,S2-941383451,S3-454586128,S3-864806310	True
S1-104426836		False
S1-341787460	S2-93962426,S2-329599867,S3-128775777,S3-902942657,S3-920105478	True
S1-861445755	S3-93853010	True
S1-915991031	S2-100454986,S2-799232410,S2-737582299,S2-584029979,S3-495121863,S3-718308333	True
S1-871652346	S2-794363134,S3-222390271,S3-430666339	True
S1-628395611		False
S1-734637822	S2-578955361,S3-322429492,S3-999729874	True
S1-409655879		False
S1-876290216	S2-574116683,S3-392401334,S3-80265829	True
S1-811017711		False
S1-130113130		False
S1-493088062	S2-995750029,S3-326106634,S3-585377194,S3-674623019	True
S1-143505601		False
S1-662354129		False
S1-536431975	S2-368551548,S3-453262257,S3-339346473	True
S1-686587274	S2-264108206,S3-541777758	True
S1-627670853		False
S1-394827266		False
S1-711834175	S2-198787880,S2-644065891,S2-160026701,S2-355395559,S3-997633873,S3-240911539	True
S1-911905203	S2-514395004,S3-177639669	True
S1-198491267	S2-35722640,S2-628751616,S3-712963551	True
S1-489690431		False
S1-251460145	S2-939705014,S2-279989213,S3-109891823,S3-506981633,S3-834165477	True
S1-825320801		False
S1-3266320	S2-712626863,S3-10941284,S3-599732882,S3-162119138,S3-873412586	True
S1-854901079		False
S1-611999173	S2-563180635,S3-129281202,S3-947173936	True
S1-620689647		False
S1-677593424	S2-788442529,S3-347342312	True
S1-346624528		False
S1-180591791		False
S1-813567100		False
S1-438652444		False
S1-26726983	S2-706830312,S3-449811162,S3-678200717	True
S1-21815305	S2-265444165,S2-824397968,S3-255374803,S3-472381227	True
S1-752138146	S2-606690498,S2-851920642,S3-590037065,S3-494071306,S3-428074731	True
S1-153905342		False
S1-826447009		False
S1-487102877	S2-352352446,S2-888687485,S3-69945380,S3-422644084,S3-369334610	True
S1-704715402	S2-106809343,S2-922190290,S3-24969836,S3-96147369,S3-428798737,S3-349268235	True
S1-700070374	S2-739438183,S2-614537399,S3-599065249,S3-130445041	True
S1-549610179	S3-338643377,S3-705245479	True
S1-578100340	S2-552292713,S2-788876713,S3-526651179	True
S1-939100655		False
S1-707088010		False
S1-473417321	S2-953631779,S2-929901818,S2-361504703,S2-552612444,S3-492842219	True
S1-336345126	S2-406838337,S3-314130238,S3-337449876,S3-416458424	True
S1-668231371	S2-835489290,S2-688658988,S2-198130043,S3-957307105	True
S1-240123495		False
S1-232175087		False
S1-473360429	S2-92340362,S2-58377259,S3-305297904,S3-180451520	True
S1-268961754	S2-94526144,S3-516330842	True
S1-19532714		False
S1-92170523	S2-467521279,S3-480799035	True
S1-748902586	S2-104948595,S2-154397518,S2-472721236,S2-176891433,S3-123803558,S3-56185430	True
S1-627229039	S2-378002655,S2-276897407,S3-992425285,S3-554645456,S3-244904841	True
S1-419845590	S2-390608175,S2-268440438,S3-198792	True
S1-649868366		False
S1-233862711		False
S1-849079054	S2-853385661,S3-364864603	True
S1-667664113	S2-786733537,S2-524980414,S3-18424997,S3-736308985	True
S1-891151662		False
S1-547039689	S2-826804533,S2-419831420,S2-439748822,S3-302316137,S3-979561110	True
S1-454650350	S2-977570787,S3-450425930,S3-942918782,S3-363356630	True
S1-311720912		False
S1-466411800		False
S1-837158352		False
S1-759142750		False
S1-503666831	S2-281895747,S2-907812428,S3-499514276	True
S1-455051904		False
S1-541655188	S2-628371790,S3-564271532,S3-768846428	True
S1-666032301	S2-166945362,S2-595024963,S2-288348741,S3-500225718,S3-438833904	True
S1-746427255		False
S1-223401873	S3-976482583,S3-872284119	True
S1-122119995	S2-121973841,S3-315970557,S3-758575043,S3-688958742	True
S1-755948436		False
S1-488673241	S2-112900960,S2-834255473,S2-914371861,S3-435538159,S3-429772452	True
S1-528650869	S2-471024651,S3-59203919	True
S1-751897555		False
S1-619708036	S3-525962218	True
S1-632669391		False
S1-400875957	S2-923684942,S2-310584347,S2-478566197,S3-745094172,S3-301124688	True
S1-812664987	S2-774899789,S2-516749964,S2-261813379,S3-677062573	True
S1-953385961		False
S1-946270102	S2-478230852,S3-932389798,S3-47567627,S3-972232941	True
S1-263205884		False
S1-354698254		False
S1-691229369		False
S1-665932532		False
S1-298634424	S2-632946343,S2-739832499,S3-581825651,S3-510999178	True
S1-389777873	S2-361497471,S2-408428983,S3-60452343	True
S1-996700007		False
S1-156667215	S2-820539635,S2-612679727,S2-982194185,S3-282999849,S3-856109960	True
S1-290540894	S2-698730799,S3-921861919	True
S1-223126402		False
S1-400139873	S2-242532537,S3-643577727,S3-936162002	True
S1-33114319		False
S1-56820287	S2-24859749,S2-354839861,S3-463593813,S3-310642368,S3-973868134,S3-173627990	True
S1-953143604		False
S1-744309031	S2-198848829,S3-295729863	True
S1-969377125		False
S1-525303550		False
S1-842739369		False
S1-833623936		False
S1-932487952		False
S1-260028217	S2-319238936,S3-323852406,S3-453708626	True
S1-632130679	S2-217848201,S3-45263006,S3-218136559,S3-772387733	True
S1-761472834	S2-249563663,S2-376189835,S3-781534866,S3-751603635,S3-845314228,S3-688285056	True
S1-582057159	S3-878449960,S3-365222263,S3-824789165	True
S1-720249118		False
S1-959349223	S2-183523298,S3-147805058,S3-744407853,S3-227705140	True
S1-15837462		False
S1-400789715	S2-772297827,S2-152074603,S3-142710289,S3-55930933,S3-151943718	True
S1-225424413	S2-946684015,S3-287442045	True
S1-714686620	S2-551209852	True
S1-491074577		False
S1-650895164	S2-707571736,S2-665486912,S2-837565395,S2-230264515,S2-862156840,S3-197425433	True
S1-233085213		False
S1-702885077	S2-685360708,S3-108856396,S3-763632028	True
S1-720251020		False
S1-158466538	S2-492282941,S2-395057785,S2-159336113,S3-869454544,S3-599973292,S3-517863676,S3-724027120	True
S1-112388123	S2-451765687	True
S1-720843055	S2-499829359,S3-730171722,S3-167047878,S3-815050688,S3-308561976	True
S1-561720334		False
S1-913013228		False
S1-114394535	S2-911360083,S3-735627060,S3-461245325	True
S1-841737357		False
S1-418711796		False
S1-224936080		False
S1-158025054	S2-291506334,S3-772221586,S3-565970962,S3-915285255,S3-712719048	True
S1-270692094		False
S1-941098644		False
S1-120957576		False
S1-434493984		False
S1-644960901	S2-21627825,S2-255207413,S2-411556836,S3-886842049,S3-581552240	True
S1-982485892	S2-746942722,S2-305156187,S2-79271042,S2-382875647,S3-875730354	True
S1-453577323	S2-567498046,S2-173406356,S2-873481640,S3-422385408	True
S1-498642211	S2-523437750,S2-979550130,S2-314844175,S2-570651772	True
S1-176409147		False
S1-126540390	S2-400728277,S3-194776383,S3-66357898,S3-97265357	True
S1-53136385		False
S1-965924270		False
S1-796167515	S2-619102907,S3-223902792,S3-6143305,S3-623030258	True
S1-620987581		False
S1-302758806		False
S1-665220714	S2-344079395,S2-78402276,S3-923801140,S3-772499479	True
S1-306710893	S2-80091776,S3-93511796	True
S1-746228673		False
S1-533556633		False
S1-746386848		False
S1-101906017	S2-26265243,S2-154448644,S3-673126250	True
S1-321785362	S2-723256281,S3-85594930	True
S1-481052279		False
S1-282149678		False
S1-92758315	S2-188232113,S3-641729862,S3-797885474,S3-614981465	True
S1-492679038		False
S1-27362140		False
S1-158319477		False
S1-856358728	S2-566751160,S3-479393003	True
S1-779773357		False
S1-355801488		False
S1-958445041		False
S1-21672910	S2-805772129,S3-498786205,S3-711502281	True
S1-522178232		False
S1-73890338		False
S1-426775203	S2-781206690,S2-589657403	True
S1-47704873	S2-820325603,S2-838536071,S2-675544372,S2-413311313,S3-368457774,S3-828811169,S3-159956510	True
S1-87284335		False
S1-498657724		False
S1-609162439	S2-361086315,S2-381233630,S3-991564563	True
S1-610282072	S2-766104026,S3-33329835,S3-198404248	True
S1-821166862	S2-88211275	True
S1-158372713	S3-317614228,S3-474286860	True
S1-697788851	S2-192461385,S3-643930110	True
S1-960533664		False
S1-297289721		False
S1-27748248	S2-539613195,S2-5668496,S3-620609026,S3-609979213,S3-627113401	True
S1-134927366		False
S1-522031229		False
S1-142994714	S2-355504623,S2-856836034,S3-525220160	True
S1-381463888	S2-632389626,S2-979974084,S3-221257162	True
S1-580053003	S2-87506957,S2-911872944,S3-343913760,S3-349634721	True
S1-445088665	S2-361260523,S3-409907747,S3-117270758,S3-122074666	True
S1-485421062		False
S1-750606045	S2-114956717,S2-146388999,S2-804676756,S3-745796755,S3-785766194	True
S1-909839683		False
S1-460446392	S2-812925849,S3-137295679,S3-370937552	True
S1-964715344	S2-86751994,S2-346054243,S2-347148814,S2-875940973,S3-21807876,S3-492179227,S3-734232881	True
S1-540738517	S2-352177739,S2-409579212,S3-702407649	True
S1-155213357	S2-38398572,S2-34086308,S3-350390688	True
S1-295197386	S2-305928234,S3-353051539,S3-623463862	True
S1-327276129	S2-907334620,S2-229567941,S2-331778953,S2-715018059,S3-452614054,S3-878833531	True
S1-426295893	S2-689815133,S3-210057778	True
S1-227265525	S2-695909462,S3-206916963	True
S1-485862892	S2-166499407,S2-337351654,S3-746417817	True
S1-387238088	S2-496640190,S3-612343391	True
S1-740843578		False
S1-788419139	S2-436584611,S3-468929887,S3-342529737	True
S1-102353893	S2-343987141,S3-19309660,S3-515457045	True
S1-887746149	S2-480737604,S2-612412661	True
S1-514017561		False
S1-425052802	S2-94382792,S2-728232984,S2-781176274,S3-243864648,S3-63502715,S3-518153130,S3-279030993	True
S1-801395433	S2-452137735,S2-990777328,S2-317651651,S3-120985823,S3-655073098	True
S1-55415095	S2-956507210,S3-253321353	True
S1-904853383		False
S1-809111770		False
S1-702706206	S2-320618863,S3-443096546	True
S1-864179931		False
S1-846638670		False
S1-409906801		False
S1-327594816		False
S1-672202070		False
S1-842407922	S3-936225304	True
S1-321461094		False
S1-938751534	S2-360760539,S2-166258865,S3-799424541,S3-835605534,S3-512504030	True
S1-877577099	S2-59386300,S3-595314922,S3-486879359	True
S1-877092118	S2-92091552,S2-190255106,S2-742254064,S3-518617585,S3-336302380	True
S1-132570552		False
S1-456340401	S2-70123836,S2-492437013,S3-483597336,S3-983919169	True
S1-900815664		False
S1-29135152		False
S1-731120417		False
S1-74567168	S2-66135057,S2-989282838,S3-863671767,S3-102253245,S3-33992308,S3-451168307,S3-815086258	True
S1-806047841		False
S1-750187074		False
S1-459172723	S2-151558708,S3-78057763,S3-531990430	True
S1-355162804		False
S1-616031610		False
S1-176193139	S2-562691885,S2-414306075,S2-844461933,S2-467046103,S3-284102497	True
S1-683622083		False
S1-32454084	S2-212646501,S3-668423549	True
S1-354513125		False
S1-797350510		False
S1-997194154		False
S1-635582656		False
S1-987123390	S2-259200722,S2-975496135,S2-44283374,S3-740623575	True
S1-992963453	S2-583459392,S3-778656698,S3-836116550	True
S1-871396103	S2-836701177,S2-185077433,S2-892500301,S2-956267521,S2-768303163	True
S1-420633727	S2-113252962,S2-760906585,S3-663083774,S3-287825375,S3-967921298	True
S1-309602370		False
S1-800037538		False
S1-988364789	S2-835528454,S2-742523927,S3-582338057	True
S1-130861696	S2-153546624,S2-453358977,S3-108615127,S3-499651403	True
S1-625336439	S2-317872905,S3-845579643,S3-600272901,S3-215602313	True
S1-711194517	S2-154454685,S3-96080685,S3-404959346,S3-424703510	True
S1-134878622	S2-588512167,S2-432607079,S3-2917054,S3-402551746	True
S1-793160044	S2-319306552,S2-391312277,S3-155243000,S3-184304192	True
S1-283920558		False
S1-152377493		False
S1-94373265	S2-543147680,S3-969107345	True
S1-727085278		False
S1-541477801		False
S1-489604220	S2-524811977,S3-57178996,S3-951806036,S3-375138505	True
S1-884250055	S2-49290774,S2-462885375,S3-863741432,S3-53106844,S3-65616701	True
S1-568204807	S2-238218130,S2-535837085,S3-15843066,S3-86312272,S3-491397468	True
S1-654242901	S2-8879837,S2-932780354,S3-775601344,S3-808544135,S3-49371612	True
S1-502826849	S2-405108275,S2-674522922,S3-695663141	True
S1-533312613	S2-942547137,S3-413092668,S3-597989392,S3-940329739	True
S1-459337348		False
S1-44530670		False
S1-224332491		False
S1-515279536		False
S1-273655849	S2-1529997,S2-97252101,S3-847187068	True
S1-783139270		False
S1-290802253	S2-590444391,S2-999425171,S3-895432391,S3-763008094,S3-552460686,S3-407894502	True
S1-699046464		False
S1-391005489	S2-298014197,S3-899703858,S3-158158698,S3-937827425,S3-483802311	True
S1-790956563		False
S1-911928384	S2-610183288,S2-953302474,S2-515890872,S2-518093572,S3-122265683	True
S1-58024905		False
S1-951967522		False
S1-768611273		False
S1-293822442		False
S1-956046495		False
S1-103435730	S2-54720637,S3-12697878,S3-631809153	True
S1-529542506	S2-567056058,S2-313445421,S2-928824195,S3-642793423	True
S1-40625194		False
S1-437663972		False
S1-525852617	S2-871925008,S2-630209640,S2-780730988,S3-349474249,S3-436540041	True
S1-771613983	S2-515189832,S3-831979081,S3-677207344	True
S1-226458287	S2-358053012,S3-625698173,S3-429736292,S3-67686049,S3-115818723	True
S1-175209313		False
S1-963773704		False
S1-596681775	S2-199271687,S2-250916928,S3-835623968,S3-359209464	True
S1-886389577	S2-698942672,S2-184205780,S2-347174176,S3-816700293,S3-259116277,S3-955711047,S3-404252643	True
S1-385948392	S3-146349990	True
S1-29498458	S2-81354932,S2-271883400,S3-520642521	True
S1-20141741		False
S1-704890698		False
S1-848602481		False
S1-337367045	S2-475291552,S3-611676305	True
S1-654557317	S2-411394997,S2-72652789,S3-96802930,S3-980828385,S3-536703318,S3-986855794	True
S1-140016372		False
S1-278880558		False
S1-582225139		False
S1-655707619		False
S1-988369057	S2-945922377,S2-384866454,S3-591130503,S3-332945061,S3-16400859,S3-839487020	True
S1-706335926	S2-652080863,S3-484287168	True
S1-78934919		False
S1-779045466	S2-350870623,S2-746038567,S3-585580028,S3-798582592,S3-156771572	True
S1-573034811	S2-515226893,S2-650947550,S2-52556536,S3-20708483,S3-740213761,S3-848347552,S3-802393372	True
S1-356920023	S2-382176505,S2-109365492,S2-85306978,S3-466252314	True
S1-378766393		False
S1-406584491		False
S1-725177948		False
S1-939955823		False
S1-485349076		False
S1-150248099	S2-720374769,S2-423035805,S3-664606880	True
S1-151270865		False
S1-575807752	S2-775401851,S2-190239463,S2-187893857,S3-540261433,S3-109634195,S3-227887087	True
S1-555695614		False
S1-707362215		False
S1-199060731		False
S1-735759453		False
S1-980621146	S2-345607921,S2-17815909,S3-140328632,S3-376184639	True
S1-694513474	S3-460348629,S3-290680121,S3-571503970	True
S1-702255282	S2-551652812,S3-720242899,S3-872267704	True
S1-357593377	S2-859674707,S2-974477807,S2-555280566,S2-178653773,S3-395828091,S3-195260840,S3-822765240,S3-851011835	True
S1-509172633		False
S1-816949837		False
S1-434442676		False
S1-173294420		False
S1-722643387		False
S1-1283126	S2-819222728,S2-316728650,S2-339748384,S2-154276675,S3-457588648,S3-997882727	True
S1-589990861	S2-581515531,S3-518554731,S3-268824909	True
S1-440332023		False
S1-391700879		False
S1-356748797		False
S1-167068422	S2-531868145,S2-121918883,S2-509227855,S3-355358913	True
S1-277070083		False
S1-253272019	S2-151348416,S2-418202673,S2-680942769,S3-588855724	True
S1-436693912		False
S1-875563932	S2-15547977,S3-150457383,S3-404136359,S3-693880444	True
S1-978498230	S2-121645263,S3-545178228,S3-885167352,S3-515433343	True
S1-660546547	S2-814389329,S3-912137277,S3-928020305	True
S1-811497977		False
S1-168168331	S2-566662904,S2-928715905,S3-56145570	True
S1-41546908	S2-533099664	True
S1-457140790	S2-896001114,S2-174742355,S2-928569323,S2-70575820,S3-80874456,S3-921786180,S3-917765206,S3-379116007	True
S1-378193513		False
S1-21127486		False
S1-52958056		False
S1-965304523	S2-540403507,S2-217187361,S3-389163375,S3-900963944,S3-551819248	True
S1-470933164	S2-912862538,S2-127022255,S3-585200314	True
S1-503121660	S2-237196039,S2-353790333,S2-266936524,S2-287653438,S3-618457466	True
S1-525491979	S2-521351252,S3-608397693,S3-776296460	True
S1-316668422	S2-942747295,S2-846587119,S2-67514945,S3-546875194,S3-698233745,S3-678052426	True
S1-790927921		False
S1-459864355	S2-233551114,S2-573907951,S3-306259258,S3-796742009,S3-189634246,S3-229086806	True
S1-363357737	S2-279260978,S2-678122650,S3-812172266,S3-773066574,S3-349670944	True
S1-73096115		False
S1-919437211	S2-249085526,S2-179321608,S2-578598727,S3-770089932,S3-86025529	True
S1-207152520	S2-311432491,S2-853545487,S3-752798314,S3-488721203,S3-771768974	True
S1-818011433		False
S1-970231722	S2-811040033,S3-559353514,S3-345467020	True
S1-373149685		False
S1-133308317		False
S1-365341387		False
S1-816155398		False
S1-834996251	S2-724560083,S3-799574699	True
S1-866468636	S2-828567437,S3-382228605,S3-141843428	True
S1-684646991	S2-755782982,S2-296117618,S3-444454964,S3-709563374	True
S1-399502623		False
S1-914048069	S2-346989872,S3-777315806	True
S1-65214422		False
S1-338295418		False
S1-14329477		False
S1-304797218	S2-133092763,S2-770409024,S3-5284192,S3-482185711,S3-845584245	True
S1-937770641	S3-976090171	True
S1-157507443	S2-589763284,S3-122857523	True
S1-4346205		False
S1-737274515		False
S1-423733672	S2-977614595,S3-627430027,S3-364167815	True
S1-443150489	S3-460737968,S3-46539330	True
S1-114318735		False
S1-667653128		False
S1-340485929		False
S1-738249147		False
S1-217562287		False
S1-230482410		False
S1-941400505	S2-927907992,S3-940188687	True
S1-611944712	S2-752304391,S3-683139768,S3-979566049,S3-742917827	True
S1-144392146	S2-778766439,S3-638163474	True
S1-510970812		False
S1-160591958		False
S1-4862191	S2-577196550,S2-81333823,S2-644017768,S3-374694058,S3-660063740	True
S1-434682981	S2-44537296,S2-253293389,S3-86928963,S3-292602165	True
S1-886738597		False
S1-394033174		False
S1-224882656		False
S1-307901392	S2-773412828,S2-765940172,S2-453212020,S3-496634283,S3-183114033,S3-604705984	True
S1-23871284	S2-367304331,S2-239019308,S3-485855093	True
S1-113020005		False
S1-728027500	S2-82130955,S2-243967607,S2-726205012,S2-408152431,S3-566072326	True
S1-850716853		False
S1-69979465		False
S1-310274016		False
S1-682917077		False
S1-912730489		False
S1-312818580		False
S1-171854641		False
S1-305287434		False
S1-932795716	S2-634031759,S2-600194333,S3-181647159,S3-394898353	True
S1-446038162		False
S1-299050137	S2-296636512,S2-230179287,S3-341354109,S3-246793646	True
S1-45729464	S2-753250307	True
S1-191223469		False
S1-431842919	S2-797427392,S2-304142312,S3-415587483,S3-200809954,S3-149378543	True
S1-306915208		False
S1-962822168	S2-809610961,S2-708818580,S3-274156949,S3-815350503,S3-495888369	True
S1-332621544	S2-443998182,S2-574699393,S2-96362845,S2-453216840,S2-627030550,S3-12104619,S3-873851843	True
S1-125934598		False
S1-821848918	S2-362895516,S2-485312705,S3-926876871	True
S1-779516526		False
S1-136453087		False
S1-469701840	S2-392953978,S2-63252827,S2-897873751,S3-452842350,S3-304345650,S3-834384576	True
S1-223844651	S2-855061998,S2-135687383,S3-790317715	True
S1-351523745		False
S1-126421243		False
S1-727043662		False
S1-203871818	S2-738479978,S2-726864806,S3-709039811	True
S1-785034206	S2-377757003,S3-236727057,S3-944992099,S3-261480646	True
S1-993955323	S2-498069224,S2-218417896,S2-33349275,S3-23789143,S3-477096634	True
S1-492063097	S2-688664286,S2-7166445,S2-439563273,S3-626229682,S3-709749018	True
S1-37811887	S2-484934495,S3-277995291	True
S1-809341287	S2-87386784,S3-656070444,S3-799678642	True
S1-430052488	S2-606895284,S3-524608444	True
S1-871946009		False
S1-126700667		False
S1-518960835		False
S1-835565968		False
S1-585584877	S2-197725227,S2-617588376,S3-675691736	True
S1-795183790		False
S1-213506248		False
S1-595472029	S2-253797645,S2-484456324,S2-518794145,S3-443575751	True
S1-494613250		False
S1-412384498		False
S1-796746643	S2-277511166,S3-289251730,S3-307301498,S3-373835335	True
S1-776790894	S2-372308880,S3-791362711,S3-482276978,S3-893350864,S3-601587240	True
S1-66227138	S2-469257969,S2-144103380,S3-988837769	True
S1-851315050		False
S1-288828557	S2-883302502,S2-707519423,S3-82205202	True
S1-50924945	S2-865171208,S2-160716090,S3-730932675	True
S1-794810952	S2-251036114,S3-824601297,S3-902046694	True
S1-319572629		False
S1-419497803	S2-350596174,S2-5818968,S3-725524935,S3-996183451	True
S1-917904219	S2-648469994,S3-399572563,S3-789574952	True
S1-976977478	S2-608336326,S2-819431634,S2-890386356,S2-178564896,S3-55380819,S3-626438020	True
S1-1644385		False
S1-715931924	S2-762054251,S3-632038270,S3-153442124,S3-826072535	True
S1-602277186		False
S1-461394704		False
S1-930575852	S2-156677008,S2-192245441,S3-381054897	True
S1-856748158	S2-687643908,S2-121713716,S2-597968565,S3-975853980,S3-321196383,S3-969229676	True
S1-702420666		False
S1-184777038		False
S1-408316048		False
S1-663137239	S2-49500690,S3-536009564,S3-837821631,S3-814095638	True
S1-678357239	S2-61504458,S2-477425087,S3-337405059,S3-239082618	True
S1-417490441	S2-771238213,S2-345596777,S3-399007621	True
S1-815361071	S2-267825212,S2-906955332,S2-344010407,S3-220472577,S3-85737553,S3-771490464,S3-889285829,S3-427153428	True
S1-898675860	S3-483972981,S3-651953344,S3-922930185,S3-541135581	True
S1-192576908		False
S1-332663264		False
S1-547842172		False
S1-612595090	S3-475160862,S3-425749641	True
S1-714785139		False
S1-928644250		False
S1-635057773	S2-432409090,S2-735819297,S2-287693242,S2-442810335,S3-524565713	True
S1-298471085	S2-489430903	True
S1-960681295	S2-424056615,S2-414110104	True
S1-597572309		False
S1-261167565		False
S1-35155847	S2-309532726,S2-437356357,S3-240496820,S3-582232016,S3-456573201,S3-876982405	True
S1-170266990	S2-794560437,S3-43211562,S3-575231350	True
S1-803274973		False
S1-404280157	S2-646506935,S3-98245101,S3-919173211	True
S1-317639603	S2-240601361,S2-387314618,S3-484168535	True
S1-170542325	S2-72614571,S2-465708136	True
S1-358785593	S2-576295595,S2-261732888,S3-417930451,S3-967340108	True
S1-889989272		False
S1-858425876	S2-741795268,S2-633679163,S3-284772649	True
S1-644324172	S2-371508731,S3-662546829,S3-270227631	True
S1-681703288		False
S1-211656130	S3-642461062,S3-252426210,S3-104525272	True
S1-127324470		False
S1-900559124	S2-873487963,S3-285831068,S3-615968126,S3-436465577	True
S1-285718635		False
S1-151672356	S2-791167399,S2-480266599,S2-298256837,S3-99199006	True
S1-168053652	S2-288534731,S3-585955471,S3-271751694	True
S1-525770766		False
S1-263911816	S2-233574127,S2-171486437,S2-148313744,S3-607277536,S3-532558652	True
S1-888472155		False
S1-238637612	S2-252187098,S3-901172133,S3-969285819	True
S1-721760835		False
S1-114927730	S2-150352226,S2-134643,S3-81073804,S3-348446815,S3-153156542	True
S1-393973096		False
S1-815026053	S3-107031547,S3-185259785,S3-521969627,S3-950417937	True
S1-378615931	S2-572637253,S3-187488192,S3-894099572,S3-775659018,S3-253145756	True
S1-371196168		False
S1-101458938		False
S1-969280102		False
S1-742112395	S2-318900118,S3-97056253,S3-665331801	True
S1-970879343	S2-409703317,S2-397012922,S2-287557130,S2-362154233,S2-637797056,S3-34239941,S3-131485342,S3-748686333	True
S1-649726093	S2-583473789,S2-7710275,S2-641846504,S3-746265933	True
S1-162246970	S2-759695132,S2-469849024,S3-537972739,S3-767079677,S3-251339451	True
S1-465741061		False
S1-850014668		False
S1-377493622	S3-734721155	True
S1-535588557	S2-735385352,S2-564664441,S2-244051121	True
S1-696054618		False
S1-237461056		False
S1-62952813		False
S1-63863513	S2-791569986,S2-780339300	True
S1-511319420		False
S1-862975732	S2-882611041,S2-218850882,S3-790483209,S3-611691476,S3-22407553	True
S1-820926526		False
S1-110711336		False
S1-159286607		False
S1-474008831		False
S1-811668089		False
S1-506428149	S3-158713492,S3-861374754	True
S1-29731623	S2-7906693,S2-657796879,S2-169060778,S3-276075551	True
S1-616029793	S2-255797791,S2-746323608,S3-164351985,S3-793196070,S3-485362399	True
S1-528615409		False
S1-974716750		False
S1-836449398		False
S1-80627600		False
S1-33009572	S2-80474483,S2-380375515,S2-836342350	True
S1-248187941	S2-457088324,S2-389723751,S3-985865141,S3-759023699,S3-907844268,S3-221346610,S3-573789922	True
S1-54711368		False
S1-357704755	S2-452808281,S2-940701163,S2-220450345,S3-517927320	True
S1-779489072		False
S1-435215361	S2-625228181,S2-577116462,S3-751563603	True
S1-20816543	S2-191685123,S2-423683245,S2-825906145,S3-126409888,S3-217693595	True
S1-813359414	S2-956984830,S2-862380053,S2-826087044,S3-800831178,S3-600491895,S3-64245163	True
S1-699198964		False
S1-352780538	S2-676128480,S2-639124379,S3-695305528	True
S1-808246183	S2-829933233,S3-664196721,S3-501329619	True
S1-183239176	S2-444033669,S2-160893661,S2-903195749,S2-736870553,S3-157440692,S3-321528249	True
S1-292106452		False
S1-285857521	S2-989017052,S3-674375936	True
S1-213112088	S2-998579180,S2-144863492,S3-608313120,S3-554282331	True
S1-530400598		False
S1-679916497		False
S1-982001480	S2-535914353,S2-451748725,S2-827367953,S3-542076686,S3-910625518	True
S1-155564199		False
S1-51337682	S2-477119860,S2-753978193,S3-949134504,S3-488851668	True
S1-102360834		False
S1-385175065		False
S1-331731934		False
S1-934366401	S2-864871030,S2-375162972,S3-798152863	True
S1-815016408		False
S1-730785013		False
S1-249237259	S2-905897670,S3-707036833,S3-143643063,S3-661780678,S3-747697167,S3-225951261,S3-54431697	True
S1-915835778	S2-810802264,S3-86187247,S3-443453913	True
S1-546527374	S2-353892465,S2-611049510,S3-730155358,S3-324384869	True
S1-368790200		False
S1-755237011	S2-642348957,S2-399115938,S2-161259988	True
S1-990866914		False
S1-131998687	S2-587468762,S2-122369703,S3-959244440,S3-897140955,S3-984443927,S3-118771123	True
S1-384546468	S2-93995172,S2-889957768,S2-352937384,S3-537396906,S3-381376710	True
S1-441681676		False
S1-236263822	S2-338339945,S2-655591656	True
S1-490552641	S2-535172980,S2-519485122,S2-532421417,S3-553468249	True
S1-403004544		False
S1-674937838		False
S1-79690217	S2-907198289,S2-500823938,S3-238308018	True
S1-540552657	S3-859438263,S3-729774538	True
S1-562823939	S2-498783906,S3-624325793	True
S1-198698262		False
S1-92525932	S3-125200782	True
S1-309812618		False
S1-684493892		False
S1-670357208		False
S1-132537352	S2-288461379,S3-788584316	True
S1-146048403	S3-921996540,S3-974936006,S3-862188031	True
S1-153116461		False
S1-114407667		False
S1-90245257		False
S1-225774650	S2-673275774,S2-62430482,S2-909913228,S3-993631095	True
S1-218994424		False
S1-101176227		False
S1-895130088		False
S1-531120082	S2-986259229,S2-341625017,S2-803734161	True
S1-457926738	S2-752253395,S2-278731763,S3-409132566,S3-178216131,S3-444737363	True
S1-431158737	S2-778405621,S3-592551459	True
S1-984196929	S2-827708699,S2-884528248,S2-826389318,S3-453533593,S3-199988165	True
S1-648099483	S2-552043400,S2-73594832,S3-172658741,S3-19030125	True
S1-632663853		False
S1-676383123	S2-872148465,S2-63499384,S2-865905888,S2-277475263,S3-743622830	True
S1-430045526		False
S1-851730655	S2-566638701,S2-108472413,S2-891351184,S2-128916108,S2-616842732,S3-5306746	True
S1-64379779		False
S1-827576292		False
S1-273042326	S2-821686390,S3-698154503,S3-691943595	True
S1-75593946		False
S1-378628558	S2-415185432,S2-326121959,S3-867003850	True
S1-523003963	S2-612394446,S2-35917414,S3-670346694	True
S1-98886608		False
S1-793771574	S2-36730027,S3-236575204,S3-142219383,S3-582450700	True
S1-235820738		False
S1-545532360		False
S1-76513599		False
S1-343910171		False
S1-592444498		False
S1-630619307	S2-453173208,S2-283313192,S2-619150361,S3-738014419,S3-373220990	True
S1-588504633		False
S1-617557725	S2-812464685,S2-288341738,S2-125295679,S3-781779820,S3-372119615,S3-95166523,S3-316900760	True
S1-403959192		False
S1-787996402	S2-703368888,S2-530365293	True
S1-440615737	S2-81695420,S2-108886380	True
S1-116514166		False
S1-269339142		False
S1-590465335	S2-199744529,S2-344187487,S2-331640889,S2-940656336,S3-266676448,S3-848290901	True
S1-488468110	S2-518561014,S3-550924562,S3-679715163,S3-357053980	True
S1-387986907		False
S1-710084160	S2-3174464,S2-603321134,S2-61830654,S2-465456404	True
S1-836333667		False
S1-181258339		False
S1-217176808		False
S1-895363056		False
S1-268259709		False
S1-918926613		False
S1-923504420		False
S1-561791274	S2-876303380,S3-543114662	True
S1-533076263		False
S1-157106094		False
S1-154202551	S2-131268647,S2-429002273,S2-125128186,S3-176798485,S3-632880223,S3-329125839	True
S1-396341527		False
S1-133302856	S2-477300183,S3-436413076,S3-534076060	True
S1-899388282	S2-19884084,S3-549596778	True
S1-933016172		False
S1-738196718	S2-259715338,S3-187998637,S3-823151498	True
S1-25253700	S2-360928834	True
S1-515370434	S2-753830471,S2-458478306,S3-155270449	True
S1-510188523	S2-309770005,S2-162736942,S2-75349754,S3-383869600	True
S1-167138623	S2-111530363,S2-672469410,S2-676768809,S2-738054956,S3-778139212	True
S1-27362778		False
S1-679050424		False
S1-573258088	S3-483870241,S3-947594947,S3-98690032	True
S1-484274236		False
S1-141953877		False
S1-95252315		False
S1-678704867	S2-838172945,S3-911397627,S3-853135358,S3-703575825,S3-269307711	True
S1-299809936		False
S1-33599013		False
S1-53475989		False
S1-178078240		False
S1-729997412	S2-651344583,S2-665322146,S2-1460204,S2-150846722,S3-809868833,S3-523318046,S3-565975493	True
S1-757198247	S2-622919666,S3-848293319	True
S1-251954826		False
S1-825995133		False
S1-511430141	S2-390679949,S2-244060749,S3-47620219,S3-473173166,S3-400250553,S3-809020487	True
S1-120316105		False
S1-851352005		False
S1-480963001		False
S1-423203873	S2-512075353,S2-102906993,S3-756041836,S3-895244041,S3-546971829	True
S1-395492875	S2-433934298,S3-540059561	True
S1-414346531		False
S1-357220022		False
S1-895057527		False
S1-554743440		False
S1-711836231		False
S1-473581196	S3-647855437	True
S1-414948138		False
S1-990378978		False
S1-443050282	S3-148601342,S3-351307258	True
S1-97627452		False
S1-443736578		False
S1-186143538		False
S1-63670301		False
S1-978500163		False
S1-567700331	S2-512266248,S2-630717771,S2-86507580,S3-301381096,S3-391067134,S3-865864780,S3-321894505	True
S1-565527859		False
S1-608242878	S2-25503908	True
S1-812496492	S2-841369615,S2-898442522,S2-368881155	True
S1-902001756		False
S1-859482713		False
S1-120499783		False
S1-182732026	S2-394817097,S2-349819404,S2-573074212,S3-816868955,S3-938186427	True
S1-176697288	S2-74896786,S2-564250587,S2-604112583,S3-905036332	True
S1-298803707	S2-330436482,S3-68546942,S3-526793909	True
S1-936847965	S2-771159688,S3-750248173,S3-341931575,S3-371776944	True
S1-932589516	S2-101382746,S2-457638235,S3-719096956,S3-148332025	True
S1-646848716		False
S1-624708236		False
S1-734409257	S2-658690302,S2-970161546,S2-788614234	True
S1-706530940	S2-789005534,S3-972280801	True
S1-427785947		False
S1-122719030	S2-221434712,S3-278349181,S3-309124559,S3-75366556	True
S1-414098418		False
S1-199325077	S2-706922547,S3-794363543,S3-318121560	True
S1-291764934		False
S1-337494066	S2-684754721,S3-126630732	True
S1-123057557	S2-599375549,S2-808708444,S2-57369447,S3-265816513	True
S1-213703381		False
S1-826434847		False
S1-447513147	S2-430307792,S2-584298525,S2-438740984,S2-932997984,S3-626894579,S3-702585015	True
S1-83844059	S2-610996688,S2-228868656,S3-729943665,S3-995144210,S3-678806038	True
S1-526168798	S2-73445312,S2-501600448,S3-327040248,S3-851896225	True
S1-67688311	S2-923442198,S3-856666048,S3-707596083	True
S1-41796005	S2-371369064,S2-713501882,S3-25886131	True
S1-141338661	S2-802028853,S3-625972987,S3-725586694,S3-658588927	True
S1-162889901		False
S1-361115958	S3-923204374,S3-255131966,S3-180516076	True
S1-142343052	S2-606949794,S3-571620698	True
S1-52666535	S2-926729337,S2-880708580,S3-15962028	True
S1-362382843	S2-19133725,S2-227345831,S3-127034481	True
S1-107667059		False
S1-92044583		False
S1-461283184		False
S1-957544641		False
S1-421954886	S2-934492843,S2-316407598,S3-651895285,S3-386520646	True
S1-513177648	S2-824175559,S3-876914194,S3-404103289	True
S1-50816041	S2-228406071,S2-490253576,S3-888344185	True
S1-956729307		False
S1-333881452	S2-171273255,S3-625774950,S3-428130435,S3-250009934,S3-707951623	True
S1-98188349		False
S1-590818646		False
S1-139360231	S2-553811237,S3-548307978,S3-722191141,S3-70345889	True
S1-938949199	S2-11182976,S2-215908502,S3-164267153,S3-607737775,S3-616416955,S3-155438669	True
S1-68671430		False
S1-35998399	S2-28502193,S2-949561964,S3-488289547,S3-976658551,S3-926828359	True
S1-684275234	S2-760790826,S3-935209922,S3-99400773	True
S1-977671509	S2-932344641,S2-345484348	True
S1-163010487		False
S1-490856951		False
S1-587415116		False
S1-431569431		False
S1-152950257		False
S1-672695844		False
S1-858626544		False
S1-334647867		False
S1-349656951		False
S1-331665753	S2-926996533,S3-183686187	True
S1-230753557	S2-36067568,S2-370324275	True
S1-431069435	S2-438570322,S2-428376041,S2-482434496,S3-933462957,S3-285315978,S3-745866251	True
S1-298764163		False
S1-867486800	S2-563955226,S2-709373267,S2-642435523,S3-996160602,S3-89960072,S3-126293183,S3-191282719,S3-532212063	True
S1-559100330	S2-758383430,S2-54605388,S2-935295635,S3-808471997	True
S1-286162114		False
S1-280930027		False
S1-444000510		False
S1-211815632		False
S1-468356175		False
S1-78448293		False
S1-169443804	S2-367956862,S3-877749313,S3-993932993	True
S1-719201120		False
S1-2467139		False
S1-692580355		False
S1-655060800		False
S1-690923100	S2-318777492,S2-908210910,S3-260567157	True
S1-375372857	S2-773706159,S3-711914147,S3-609993833,S3-104899737	True
S1-430339108		False
S1-108666128		False
S1-124886204	S2-476211356,S3-237228184,S3-992649773,S3-731135583	True
S1-938379866	S2-447433139,S2-970918643,S3-801712349,S3-147109015,S3-140184165,S3-687319578	True
S1-49656532		False
S1-700593490	S2-937282185,S2-76794765,S2-329384358,S3-166518944	True
S1-191645928		False
S1-648513179	S2-824928914,S3-845313408,S3-706751612	True
S1-730927003		False
S1-15763072	S2-462782827,S3-238024263	True
S1-570194613		False
S1-329527328	S2-913339478,S3-842553170	True
S1-560154837		False
S1-349912982	S3-509933955,S3-186533549	True
S1-900100811	S2-965735285,S3-480040215	True
S1-195253746	S2-110596419,S3-628228864	True
S1-321908386		False
S1-566953646		False
S1-362410580	S2-432524096,S3-803742747,S3-152761439,S3-295339874	True
S1-397841077	S2-162190944,S2-222826522,S3-76183304	True
S1-107696982		False
S1-72632566		False
S1-311833739		False
S1-926401206		False
S1-856048891	S2-572877487,S2-95332119,S3-926152634,S3-294121515	True
S1-615549439		False
S1-9207337		False
S1-151869861	S2-589203707	True
S1-9799490		False
S1-945570127		False
S1-219662699	S2-898708872,S2-692501255,S3-134421270	True
S1-861766100	S2-220598665,S2-556227596,S3-1843211,S3-727048334,S3-390580949	True
S1-749176942	S2-397198436,S2-24641890,S3-316927201,S3-144092357	True
S1-315408649	S2-557799307,S2-922523380,S3-856855446,S3-897799394	True
S1-312306987		False
S1-959945977	S2-107664081,S3-637314782,S3-808433374,S3-295162667	True
S1-300785079	S2-830250025,S3-447040907	True
S1-500489979	S3-253561439	True
S1-99870119	S3-863201528	True
S1-313058924	S2-179920493,S2-203449214,S3-603528918,S3-200260673,S3-466975079	True
S1-490077787	S2-467971081,S2-871645696,S2-134605581,S3-165688245	True
S1-605007804	S2-198052242,S3-140750245	True
S1-706287948		False
S1-932961225	S2-179552115,S2-757020523,S3-12338168,S3-328452252,S3-533968231,S3-841374500	True
S1-671820584		False
S1-475300519	S2-348514541,S2-113070117,S2-969657979,S3-703303681,S3-568417953,S3-56745994,S3-993356044	True
S1-49238903	S2-514653335,S2-984350935,S2-967421701,S3-55664324	True
S1-731460088	S2-746804525,S2-498310521,S2-665066385,S2-691392366	True
S1-424537830	S2-524787363,S3-656685923,S3-75407316	True
S1-104989481		False
S1-933969988	S2-910198999,S2-366753715,S2-416215541,S3-204057858,S3-390179898	True
S1-972341536	S2-828799291,S2-269884919,S2-889311470,S3-194797616,S3-736957924,S3-627595849	True
S1-102783371	S2-193441638,S2-690165705,S2-382562402,S2-303781778,S3-944721323	True
S1-658090994		False
S1-207152822		False
S1-315100176	S2-854397040,S2-73675374,S3-32981330	True
S1-820692477		False
S1-889612852		False
S1-973833320		False
S1-72547038	S2-861273306,S2-639846830,S2-420052197,S3-567046172,S3-855947119,S3-93810883	True
S1-942551414	S2-637150444,S2-351923047,S3-663208218	True
S1-597346892		False
S1-581249184	S2-484472633,S3-444834692	True
S1-487204231	S2-903699561,S3-235443760	True
S1-808734760	S2-393695543,S3-448323334,S3-732391401,S3-436579566	True
S1-753051279		False
S1-297888731		False
S1-221655130		False
S1-961284130	S2-549333958,S2-816751626,S2-475378394	True
S1-812573178	S2-321040465,S3-329639376,S3-279252699,S3-649876345	True
S1-127168642		False
S1-867953543		False
S1-292468698	S2-139059296,S2-92592639	True
S1-874101825	S2-786680648,S2-448839378,S2-732497441,S3-735422915,S3-69307056,S3-556560301	True
S1-257539704	S2-275794086,S2-651349065,S3-317464476,S3-698763324	True
S1-329953043		False
S1-566134094	S2-631373541,S3-720476501,S3-137438618,S3-367412295	True
S1-55184280	S2-352513759,S2-141228229,S3-19585175,S3-339294744	True
S1-148107508	S2-383940300,S2-736873231,S2-375295192,S2-444280270,S3-71372524	True
S1-291835436	S2-915469805	True
S1-945047918		False
S1-722553040		False
S1-9474627	S3-915436633,S3-45039413,S3-764991148	True
S1-702439226	S2-176898113,S3-377454743,S3-833417529,S3-731148729,S3-38592637,S3-702718976	True
S1-147109484	S2-78536469	True
S1-194745261		False
S1-507467016		False
S1-86348775		False
S1-817617516		False
S1-522409931	S2-314190848,S2-284840472,S3-384019771,S3-257407639	True
S1-737852638		False
S1-141392984		False
S1-770388845	S2-706073931,S2-969980452,S2-930878242,S2-1433837,S2-312232197	True
S1-172061127	S2-228342616,S2-185318958,S3-922121816,S3-83972564,S3-243586286	True
S1-50976976		False
S1-224990984	S2-822157692,S2-824927955,S3-260688092,S3-589094100	True
S1-672986155		False
S1-456414898		False
S1-607107857		False
S1-417058214		False
S1-577099242	S2-952066839,S3-351784671,S3-330449392,S3-469455766,S3-279680617,S3-324295925	True
S1-264549359	S2-854408514,S3-469239175,S3-744318161,S3-116243315,S3-101593292	True
S1-748230462	S2-775697418,S3-334747071	True
S1-715933355		False
S1-727465611	S2-397419170,S2-318792880,S3-494073877	True
S1-297619637		False
S1-931575639		False
S1-829734		False
S1-874033125	S2-41280267,S2-16182637,S2-988393735,S3-502009665,S3-913163303	True
S1-11325956	S2-924268487,S2-416487101,S2-236183691,S3-551698209,S3-770752658	True
S1-836072018	S2-478893683,S3-185434830,S3-232117792	True
S1-305689286	S2-470897007,S2-233366950,S2-3376191,S2-449013476,S2-401801611,S3-146124673	True
S1-762813370	S2-251624555,S3-759587287,S3-173528189	True
S1-684647642	S2-9180296,S2-157110714,S3-621130054	True
S1-930078246	S2-361756398,S3-218394177	True
S1-265093520	S2-162900115,S2-847569189,S2-756223753,S3-446683134,S3-376411072	True
S1-245840453		False
S1-863296286	S2-66100592,S3-298747652,S3-359865507	True
S1-988862170		False
S1-261970981	S2-841777287,S3-210014942,S3-183296743,S3-321527975	True
S1-50490370	S2-915118339,S3-871835505	True
S1-266311544		False
S1-322097946		False
S1-909394711	S2-502223361,S2-671936694,S3-668071657	True
S1-43848466	S2-326047166,S2-59751661,S3-325105225	True
S1-860262876		False
S1-142199403	S2-458913975,S2-86857714,S3-449247613,S3-545934565	True
S1-656809191		False
S1-795477034	S3-637249513,S3-195946045	True
S1-905765497	S2-441509258,S2-257222018,S3-112795098,S3-391151358,S3-165386358,S3-753940063	True
S1-360134381	S2-461737188,S3-683288092	True
S1-47948951		False
S1-737091776	S2-923131567,S2-813203296,S3-958435517,S3-172644339	True
S1-564146502		False
S1-148364358	S2-315126056,S2-883541701,S2-608355351,S2-787918598,S3-50296291	True
S1-548066048		False
S1-702416304	S2-714772598,S3-466995244,S3-264962390	True
S1-622961223	S2-724308494,S2-630815348,S2-307000412,S3-397887989,S3-35232586,S3-237391025	True
S1-165890046		False
S1-419987491	S2-49992924,S2-287028811,S3-423229701,S3-236234458	True
S1-192787396	S2-712003202,S2-599028913,S3-767545236,S3-476585012	True
S1-94691529		False
S1-911531073	S3-708494845,S3-471939560	True
S1-335812131	S2-660113485,S2-208364554,S2-696379473,S3-661381094	True
S1-839346961		False
S1-332014558		False
S1-12850449		False
S1-263686931	S2-414477369,S3-415064884	True
S1-367075208		False
S1-962887174	S2-480964115,S3-115577398,S3-361863291,S3-637057143	True
S1-524269263	S2-484885789,S2-407588565	True
S1-234145395		False
S1-727332065	S2-997439709,S2-57923590,S3-366442715	True
S1-362072107	S2-101418613,S2-715626917,S2-456665449,S3-426405048,S3-18221872	True
S1-981882261		False
S1-187025405		False
S1-367604714		False
S1-305582147		False
S1-643836577	S2-347170638,S3-318372445	True
S1-472300656	S2-361104448,S2-865706115,S3-543291846	True
S1-169676865	S2-607558412,S3-842026418,S3-443165041	True
S1-539605804	S2-684967704,S2-640767976,S2-942062006,S2-374423636,S3-585808337	True
S1-523272264		False
S1-400316515	S2-138642730,S2-160902311,S2-801577790,S2-371418738	True
S1-952772634		False
S1-682932724	S2-810228380,S2-401318745,S3-269399230,S3-618982999,S3-345595677	True
S1-843991421	S2-999167712,S3-595311997,S3-198701141,S3-173354094,S3-721924622	True
S1-165917211		False
S1-496089708	S2-535293043,S2-715669395	True
S1-30623935		False
S1-914753507		False
S1-858980594	S2-500758984,S2-766520087,S2-420390386,S3-934575781,S3-475871771	True
S1-384340106		False
S1-74827570		False
S1-440927012		False
S1-377011316	S3-201370197,S3-821481581	True
S1-848760807	S2-477349242,S3-457426079	True
S1-781775814	S2-10949985,S3-326379953	True
S1-152365010		False
S1-368841980		False
S1-27613697		False
S1-232395396	S2-628969243,S3-839733323	True
S1-466082890	S2-315920424,S2-365981623,S2-6472819,S3-343353933,S3-806140697	True
S1-883457600	S2-907781982,S2-641228644,S2-518484896,S2-350854523,S3-665107411	True
S1-37394300	S2-100010115,S2-590709276,S3-848227040	True
S1-424822517	S2-715579257,S2-966853438,S2-545364919,S2-642944324,S2-553177309,S3-309317860	True
S1-70622686	S3-526789903,S3-616692583	True
S1-127684458	S2-285649090,S3-89769899,S3-295026020,S3-404536526,S3-238128439	True
S1-946170186	S2-286952195,S3-938068348,S3-268191734,S3-203298656	True
S1-716356031		False
S1-520881319	S2-138224517,S3-99762586,S3-862509917,S3-207039144,S3-896368830	True
S1-704136218	S2-442290575,S3-386780837	True
S1-52316899	S2-555489052,S3-768005257,S3-618471964,S3-677405359	True
S1-505867824	S2-984289001,S2-825966524,S3-707733759	True
S1-260578993		False
S1-257730060		False
S1-73752262		False
S1-764039464		False
S1-724528203	S2-8110577,S3-64045026	True
S1-886067730	S2-108173523,S2-727132457,S3-63702434	True
S1-593950506		False
S1-919836703	S3-722874277,S3-19694818,S3-611021107	True
S1-559054236		False
S1-295645788		False
S1-771678422	S2-870715488,S2-379663342,S3-176445827,S3-343727206	True
S1-835122446	S2-394896770,S2-76684327,S2-943900968,S2-55613925,S3-350845238,S3-757462065	True
S1-611276051	S2-365006629,S2-414345293,S3-937799026,S3-991786307,S3-770661032	True
S1-87998960	S2-452810600,S3-262747757	True
S1-366881531		False
S1-151561538	S2-604919167,S2-465312355,S3-930970865	True
S1-558906926		False
S1-32204483	S2-656044092,S2-974852509,S2-30242325,S3-718651968	True
S1-38848800		False
S1-534675582		False
S1-83657750	S2-240069540,S2-329832310,S3-572015311,S3-586969113	True
S1-239487509	S3-836217140	True
S1-223723291		False
S1-841240277	S2-858511205,S3-87658229,S3-175062474,S3-667942941,S3-542095353	True
S1-151926573	S2-667072197,S2-735960865,S2-595281928,S3-605801236,S3-862025478	True
S1-880087513	S2-70819635,S3-549430046	True
S1-369108826		False
S1-589499100		False
S1-639341762	S2-526690461,S3-795288095,S3-253248284	True
S1-173144568	S2-517946723,S2-837693465,S3-479993592,S3-655364667	True
S1-23501534		False
S1-776123823		False
S1-292968866		False
S1-830520907	S2-745044115,S2-910772253,S2-544255483,S3-700393378	True
S1-340213632		False
S1-310777892	S2-339831192,S2-353877180,S3-962605030,S3-842715535	True
S1-765089533		False
S1-143665407		False
S1-638384611		False
S1-178264047		False
S1-341251280		False
S1-18636335		False
S1-496239148		False
S1-156770971	S2-565506019,S2-133398704,S2-379234344,S3-673761384	True
S1-848954114		False
S1-601309575		False
S1-789801627	S2-249265687,S2-731994652,S3-343541749,S3-169630655	True
S1-638586969		False
S1-712912934	S2-507572253,S3-152135572,S3-992623512,S3-746764912	True
S1-92473819		False
S1-705943832	S2-824427093,S3-854609464,S3-50840503	True
S1-604014763	S2-850208592,S2-831109339,S2-574091893,S3-572261677	True
S1-798095618		False
S1-769362089	S3-520229876,S3-591407093	True
S1-557916162		False
S1-52482031		False
S1-718214051	S2-467406290,S3-257978839,S3-925410947,S3-95350139	True
S1-893950118	S2-419493145,S2-470927044,S3-486463842	True
S1-903029390	S2-371122035,S2-288568895,S3-764615098,S3-545435273	True
S1-900624125	S2-482339433,S2-124796558	True
S1-679929938	S2-968841288,S3-31836766,S3-281578768	True
S1-463326915	S2-811271026,S2-247149850,S2-312843073,S2-183750084,S2-12664906,S3-462284573,S3-150987275	True
S1-191717944		False
S1-23910385		False
S1-197722717	S2-952852985,S2-358443949,S3-633769750,S3-491169999	True
S1-957522859	S2-935839185,S2-341571135,S2-113146710,S3-587856723,S3-52331732,S3-316994055,S3-201329109	True
S1-185528662		False
S1-648931962		False
S1-136994372		False
S1-514713262		False
S1-684675671		False
S1-175588795		False
S1-199214177	S2-530757410,S3-341688548,S3-184916362	True
S1-502332876		False
S1-730135667		False
S1-693877598		False
S1-264138972		False
S1-309264877		False
S1-262862286	S2-708488823,S2-736674132,S3-288260943	True
S1-743281533	S2-575914097,S3-589490330,S3-385853310	True
S1-150367879	S2-284931436,S2-550023881,S3-148628179	True
S1-106771245		False
S1-563284732		False
S1-609658986		False
S1-602403608		False
S1-953338016		False
S1-426670407		False
S1-443324344	S3-810329526,S3-873721283	True
S1-156740809	S2-727178219,S3-478886228	True
S1-364470337	S2-12803983,S2-852318666,S2-395048516,S2-678996767,S3-968255354,S3-899297894,S3-759658242	True
S1-293559511		False
S1-503032343	S2-674507346,S2-938673484,S2-730789074,S3-495684195	True
S1-994855802		False
S1-337495462		False
S1-899800831		False
S1-973229355	S2-836629025,S2-544531641,S3-983327828,S3-347977528	True
S1-206941216		False
S1-360006382		False
S1-612667561		False
S1-923472377		False
S1-280643102	S2-743164748,S3-832502637,S3-866701637	True
S1-380224927		False
S1-251025587		False
S1-340660789	S2-150107194,S2-950262561,S2-461093530,S3-249328854,S3-398153949,S3-736794551	True
S1-250676995		False
S1-566675967		False
S1-646333698	S2-904559200,S2-418156599,S2-758852665,S3-428661722,S3-398067231	True
S1-741425846		False
S1-663258757	S2-861503651,S3-293781990	True
S1-807605259	S2-187311259,S3-444399757	True
S1-286462211		False
S1-341069968	S2-998715317,S2-853304666,S2-883194048,S2-669639805,S3-256974502,S3-479991612,S3-698529933,S3-84966393	True
S1-278394012	S2-376544472,S3-551086035,S3-964794101,S3-651907716,S3-479691967,S3-307654972	True
S1-712207202	S2-776732297,S2-119803034,S3-446173616,S3-989654791	True
S1-729790518		False
S1-836903156		False
S1-549537938		False
S1-132099129	S2-256177034,S3-860091487,S3-531430528,S3-166363979,S3-368442880	True
S1-828942470		False
S1-509270263	S2-856165046,S3-838226057,S3-6938725	True
S1-451091776		False
S1-941248579	S2-975728473,S2-671283249,S3-729171111,S3-698168155	True
S1-885019127	S2-716295319,S3-911608783	True
S1-393935597	S2-510465221,S3-825939639,S3-457716237,S3-294718979,S3-801434424	True
S1-488953968	S2-962205956,S3-392285568	True
S1-945095756	S3-422646219	True
S1-970068479		False
S1-799717182	S2-635731389,S3-501809150	True
S1-800604282	S2-68507033,S2-30309250,S2-874418690	True
S1-759190710		False
S1-965876088		False
S1-175116562		False
S1-670720746	S2-553217843,S3-173990050,S3-318157275	True
S1-210529401		False
S1-910720284		False
S1-760807037	S2-435256766,S2-913795432,S3-54330643	True
S1-43929633		False
S1-570393264	S2-452126074,S3-742865839,S3-463070737,S3-503675779	True
S1-75927808	S2-765952661,S3-229529443	True
S1-930550132		False
S1-634305428	S3-138022274	True
S1-51124154	S2-597855192,S3-939501655	True
S1-503450805		False
S1-879272926		False
S1-673776720		False
S1-240038369	S2-675657834,S3-650040506,S3-333084051	True
S1-803141805	S3-427005793	True
S1-273758603		False
S1-728347468	S2-392597412,S2-975701036,S3-688552678,S3-549106930,S3-498807242,S3-513480622,S3-465714969,S3-383966507	True
S1-836406383	S2-775363614,S2-621871396,S3-242276434	True
S1-753327293		False
S1-226028476	S2-410612541,S3-23534037	True
S1-448434860		False
S1-212308908	S2-130181162,S3-344950932,S3-651030579	True
S1-631698313		False
S1-724999561	S2-486531191,S2-623975629,S3-398543377,S3-83546803	True
S1-525730887	S2-332784327,S3-208210073,S3-249588448,S3-746726220	True
S1-54456586	S2-113992369,S3-162300425	True
S1-181660586		False
S1-442503768		False
S1-792945031		False
S1-598451039		False
S1-899610818		False
S1-943539621	S2-940299498,S2-871627205,S2-572488372,S2-398671249,S3-925055296,S3-160541073	True
S1-194436001	S3-690321422,S3-885480330,S3-826756414	True
S1-589947531		False
S1-650906906		False
S1-745499423		False
S1-508798349	S2-965010635,S2-864785031,S3-585544036	True
S1-764619019	S2-724479745,S3-468483039,S3-991833948	True
S1-990011340		False
S1-695676394	S2-498567674,S3-680500688,S3-401105222,S3-45658871	True
S1-571869296	S2-614685031,S2-812489816,S3-415037509,S3-830181892,S3-719894227	True
S1-359300491	S2-389903822	True
S1-260576034	S2-578397035,S3-306808913	True
S1-349794037		False
S1-732331699		False
S1-614017580	S2-177764266,S2-291111185,S3-818998091,S3-627591553	True
S1-119547742	S2-68811830,S2-728210727,S2-223322518,S3-376307721,S3-190427829	True
S1-108146120	S2-875493315,S3-230594453,S3-56332851	True
S1-657429598		False
S1-63222283		False
S1-243184693	S2-904209705,S2-931015483,S3-492900970,S3-536358127	True
S1-921872670		False
S1-976092950		False
S1-355794890		False
S1-718028990		False
S1-394522269	S2-393190843,S2-188230405,S3-48939963,S3-220290962	True
S1-468630095		False
S1-805156931	S2-99162766,S2-321039327,S3-855749115,S3-333733095	True
S1-181079102	S2-502739765,S2-44607744,S3-242258469,S3-282050348,S3-363100191	True
S1-304537508		False
S1-961728486		False
S1-747221734	S2-597965867,S3-418904897,S3-515306434	True
S1-732692237		False
S1-250210056	S2-410696791,S2-51175728,S3-685109159	True
S1-539293920	S2-476018173,S2-162535796,S2-355696842,S3-364212180,S3-669548830,S3-270668896	True
S1-900005286	S2-520965840,S2-136344280,S3-480696650	True
S1-78166444	S2-220573065,S2-104273427,S2-200989066,S3-370332295,S3-880328083,S3-229981134	True
S1-140560792	S2-623570280,S3-597230303,S3-499948085,S3-178345940,S3-371177698	True
S1-326073581		False
S1-487983933		False
S1-499588864		False
S1-175695608		False
S1-171760041	S2-797558439,S3-955897415	True
S1-812194678	S2-765754641,S3-212702077	True
S1-234588793		False
S1-386973588	S2-973322079,S3-840152530,S3-332750266	True
S1-256139582		False
S1-820824917	S2-876104893,S2-104243320,S3-69736584,S3-912346164	True
S1-756008519	S2-651579537,S2-88821368,S3-701255009	True
S1-943091991		False
S1-332075660		False
S1-872896758		False
S1-930714416		False
S1-11829796		False
S1-532500287		False
S1-365620486		False
S1-985127036	S2-842626299,S3-350301379,S3-975379016,S3-716422766,S3-690316468,S3-692668055	True
S1-1683672	S2-34655991,S2-473071372,S2-269597022	True
S1-404997823		False
S1-997286338		False
S1-792223965	S2-229914774,S3-838730300	True
S1-395918306		False
S1-296190529		False
S1-831981829	S2-985093966,S2-370611842,S2-706295408,S3-47835550,S3-914967379	True
S1-381418788	S2-339322454,S2-18831958,S3-448358738	True
S1-708580727		False
S1-174038869		False
S1-691536500	S2-706892569,S2-715476057,S3-948929563,S3-656698780,S3-693747954	True
S1-744658662		False
S1-936457331		False
S1-451633839	S2-373649676,S2-984829588,S3-759086251,S3-212565498	True
S1-825207720		False
S1-683856704		False
S1-456292380	S2-596610648,S2-687213913,S3-333786270,S3-295533316	True
S1-650816358		False
S1-27868701	S2-263621578,S3-535529455,S3-919003310,S3-804804814	True
S1-775510647		False
S1-977395615		False
S1-578579378		False
S1-268480611		False
S1-144625234	S2-212439709,S2-590438265,S2-661044035,S3-131018862	True
S1-421282609		False
S1-917192088	S2-544228154,S2-896304699,S3-711483669	True
S1-430688550		False
S1-760169832	S3-310427269,S3-641105423,S3-794167839	True
S1-329252853	S2-314260298,S2-455919256,S2-911009837,S3-48656021,S3-979158114	True
S1-786320631	S2-664893076,S2-812905105,S2-493206190,S2-203500341,S3-300739147	True
S1-383371028		False
S1-806994316	S2-48220063,S2-921493331,S2-468955866,S2-659125711,S3-912364382,S3-809539365	True
S1-67951700	S2-318508610,S2-677243895,S3-648976653	True
S1-105829476		False
S1-55081385		False
S1-788077865	S2-547460296,S2-438834270,S3-419318136	True
S1-826036723	S2-836832573	True
S1-950095156	S2-294036619,S2-816307379,S2-567721937,S3-66042111,S3-139579854	True
S1-728877364		False
S1-423658686	S2-9440346,S2-344342361,S2-702645685,S3-885453281,S3-954233898	True
S1-797821157		False
S1-84957179	S2-334277978,S3-821124039,S3-213171256,S3-61377726,S3-523475173	True
S1-713243452		False
S1-167904247	S2-737508814,S2-722903348,S3-994180670,S3-23857016	True
S1-312002673		False
S1-54333125	S2-777008631,S2-233690970,S3-843859447,S3-650483598,S3-415835572	True
S1-503676593	S2-301108418,S2-961504436,S3-848598639,S3-142579774	True
S1-814008178		False
S1-950704269	S2-372285105	True
S1-467227120	S2-587859420,S2-580831223,S2-683317584,S2-951325380	True
S1-517636427	S2-40578646,S3-248290775,S3-329521264	True
S1-276162747	S2-84123765	True
S1-828391212	S2-108383684,S3-400221807,S3-129220449	True
S1-927619396		False
S1-834666430	S2-965755843,S3-251225750,S3-185014930	True
S1-751559126	S2-669958770,S3-163296354	True
S1-892907561	S2-478135776,S3-820015964,S3-754042392,S3-843772644,S3-386597615	True
S1-759624534		False
S1-334406436	S2-355723304,S2-236323486,S3-956867398	True
S1-56324200		False
S1-561096565		False
S1-367251926		False
S1-1342680	S2-228302935,S2-245756178,S3-266782117,S3-981657641	True
S1-260509851	S2-898206385,S3-90747424,S3-265591937,S3-577125029,S3-715979835	True
S1-985110535	S2-562997754,S2-569725742,S2-636293512,S3-298559926,S3-47791700	True
S1-172886876	S2-567245236,S3-550975295,S3-632753056,S3-702996004	True
S1-294644308		False
S1-318010111	S2-816994793,S2-207105619,S2-980715992,S2-845769795,S2-181383747,S3-911005714	True
S1-917178393		False
S1-400971409	S2-43931402,S2-401813662,S3-223135959	True
S1-653451913		False
S1-528966932	S2-509698365,S3-246962379	True
S1-744516756	S3-748798799,S3-678201573,S3-307943651,S3-395534020	True
S1-501790615		False
S1-445284146	S2-647469397,S3-114522917,S3-340850833,S3-282688176	True
S1-309462681		False
S1-747866601	S2-320453876,S3-427628204,S3-570302498	True
S1-330726974		False
S1-620703940		False
S1-65066392		False
S1-949968632		False
S1-783263562	S2-802785210,S3-485332744,S3-915577000,S3-704526267,S3-143599681	True
S1-412664104	S2-684053274,S2-107810979,S2-502413517,S3-322848937,S3-921867925,S3-370728262	True
S1-271103412		False
S1-768413308		False
S1-972281914	S2-846214101,S3-177549457	True
S1-194818693		False
S1-547468313		False
S1-119539741		False
S1-951016188		False
S1-797331778	S2-309565644,S2-875427270,S3-608406402,S3-197651780,S3-734594233	True
S1-644321714	S2-900542122,S2-174971011,S2-770266537,S3-686847398	True
S1-908789009	S2-960688487,S3-832596666	True
S1-96837745		False
S1-400579903		False
S1-58167800	S2-789412256,S3-611929092	True
S1-664239920	S2-10115851,S2-816366311,S3-25232731,S3-790552351,S3-206917166	True
S1-86853317	S2-826618618,S2-64480502,S3-273764126,S3-30697594	True
S1-328395405		False
S1-817211923		False
S1-235030782		False
S1-324539937	S3-444726335,S3-90013188	True
S1-221875324		False
S1-61952605		False
S1-618767520		False
S1-854765835		False
S1-628461789	S2-40218819,S2-680058801,S2-12736039,S3-960988074,S3-496698546	True
S1-112798992		False
S1-735441029	S2-227084128,S3-758871926,S3-754231769,S3-445112361,S3-432366638	True
S1-131693247	S2-91641607,S3-944015472,S3-597635126	True
S1-512497481	S2-896294605,S3-404178342,S3-911432912	True
S1-902752429	S2-307604066,S3-519648393,S3-73904795	True
S1-611582080		False
S1-598415437		False
S1-580662979	S2-112326963,S2-379045485,S2-21089502,S3-888936435	True
S1-430063567	S2-255780324,S3-723278237	True
S1-566773784	S3-523491624,S3-73874137,S3-936411170	True
S1-531893712	S2-240926506,S3-379208021,S3-32790369,S3-164158111	True
S1-883342379	S2-945083356	True
S1-707770150		False
S1-653451247		False
S1-693044052		False
S1-370552182		False
S1-393590168	S2-439561490,S3-874401029,S3-801393473	True
S1-626337984	S2-460108178,S2-149485587,S2-951057304,S2-631657051,S3-423129012,S3-919418613,S3-777393762	True
S1-25006368	S2-881328305,S3-442117093,S3-574296606,S3-36599282	True
S1-896743465		False
S1-994389471		False
S1-456254903		False
S1-820444394	S2-978082202,S3-654827002	True
S1-773461380		False
S1-847608967	S2-556393755,S3-358183535	True
S1-38160397		False
S1-522567800	S2-467781229,S2-876957861	True
S1-742623022		False
S1-420146200		False
S1-28651890	S2-47573155,S3-432285250,S3-706829353,S3-441892174,S3-99952171	True
S1-421045921	S2-426299701,S2-272263895,S2-72730901,S3-283571046,S3-689301740	True
S1-440618182	S2-288991897,S3-831369132,S3-935414223	True
S1-562647571		False
S1-230790122		False
S1-318776839		False
S1-964658790		False
S1-860629701	S2-967300965,S3-418190022	True
S1-361690703		False
S1-214264304	S2-192773279,S2-69735021,S3-99734908,S3-235818505	True
S1-401451986	S2-177406560,S2-462230151,S3-762482966,S3-290264043	True
S1-961965949	S2-909696666,S2-769045291,S2-624681392,S2-243928376,S3-73238426,S3-557982145,S3-481274406	True
S1-937230273	S2-133013809,S2-832153228,S3-237228890	True
S1-547297847		False
S1-175062879	S2-629091729,S3-234512543	True
S1-787773122		False
S1-304102107		False
S1-981513179	S2-632997405,S3-431888560,S3-458989804,S3-531463735,S3-27044330	True
S1-518800419	S2-784580418,S2-239236363,S3-833733093	True
S1-331342732		False
S1-846509652		False
S1-737202983		False
S1-114521667		False
S1-183593569	S2-966735067,S2-955130529,S3-773481676,S3-883217248	True
S1-544855233	S2-532270360,S2-62457108	True
S1-153341447	S2-273282572,S3-944372769	True
S1-633002743		False
S1-627256105		False
S1-584246029		False
S1-631374298	S2-228321217,S2-192007889,S3-289509552,S3-120621254	True
S1-835946602	S3-59099247	True
S1-894590812		False
S1-926302850	S2-46175816,S2-888992684,S3-276191080	True
S1-661882712		False
S1-812864546	S2-230250427,S3-461413993,S3-830106333	True
S1-242043266		False
S1-169432953	S2-28271037,S2-289132188,S3-841358909,S3-458001323	True
S1-812304239		False
S1-404991379		False
S1-883841461		False
S1-60749658	S3-441728835,S3-426233510	True
S1-966204		False
S1-478233477	S2-122602282,S3-556456164	True
S1-544544066		False
S1-267826089	S2-864951663,S2-160036260,S2-839732464,S3-592735930,S3-176719923	True
S1-669192013	S2-141030361,S3-346596805	True
S1-190705207	S2-562001238,S2-739794474,S3-945545842,S3-908182616,S3-796560242	True
S1-309997515	S2-394629147,S2-41683455,S3-177683694,S3-403556519,S3-886404376	True
S1-120231913		False
S1-315217439		False
S1-731975202		False
S1-580427005	S2-595484271	True
S1-690895426		False
S1-11644902	S2-775304221,S2-684799966,S2-451916575,S3-402278620	True
S1-840915634	S2-772671769,S2-333433893,S3-733789223,S3-163376737	True
S1-554254461	S2-212221441,S3-298456055	True
S1-123198333	S2-899103532,S2-640381341,S3-393081758	True
S1-963704897		False
S1-96589899	S2-900134502,S2-37156450,S3-14289370,S3-170996163	True
S1-942541859		False
S1-6605942	S2-203382928,S2-487119618,S2-992974138,S2-91421368,S3-514758824,S3-663556194,S3-607286682	True
S1-240424172	S2-703508642,S2-344794745,S3-282165151,S3-816136108,S3-607918230	True
S1-47423952	S2-404483461,S3-915480830	True
S1-90392325		False
S1-490827962		False
S1-211239669	S2-789786984,S2-17921219,S3-561124262,S3-858968137,S3-828853787,S3-967114483	True
S1-259738657	S2-589209685,S2-481605480,S3-984228158,S3-228651953	True
S1-762975371		False
S1-690487370	S2-755692142,S2-807707659,S2-872105416,S3-585921577,S3-577009282	True
S1-855013166	S2-828282659,S3-982949422,S3-285701994	True
S1-224872523		False
S1-722389256	S2-370211628,S2-604070487,S2-179185337,S3-352371110,S3-890060302,S3-46575523	True
S1-645114365		False
S1-824017208		False
S1-471137740		False
S1-835144146		False
S1-987376685	S2-21594120,S3-256110510	True
S1-322856533		False
S1-11245942		False
S1-102770406	S2-199141992,S2-205779924,S3-372863705,S3-224474992	True
S1-466184426	S2-43366029	True
S1-868824185	S2-323177283,S2-837238058,S3-907357039	True
S1-421554983		False
S1-3433417	S2-609433651,S3-726223043,S3-590772116	True
S1-192787922	S2-95042215,S2-527046398,S3-122045840,S3-991543067	True
S1-131539958	S3-199902733,S3-445458294,S3-399969628	True
S1-336331667	S2-107858863,S2-112286653,S3-94666983,S3-595495965,S3-150698300	True
S1-852943423		False
S1-443220524		False
S1-954516182	S2-286612738,S2-715244658,S2-650333019,S3-457205583,S3-970657509,S3-782885146	True
S1-73961210		False
S1-129683289	S2-193825274,S3-888635039,S3-246588001	True
S1-889262364	S2-426045654,S2-538113254,S2-936062158,S3-999283542	True
S1-825792699	S2-481523406,S3-310382856,S3-11670943	True
S1-998439009	S2-663345307,S2-444373624,S3-853348213,S3-24441847,S3-594498560	True
S1-700322889	S3-143665794,S3-971050859	True
S1-434184355		False
S1-867512231	S2-443161494,S3-991207960,S3-410046106	True
S1-843399812	S2-752151786,S3-339576139,S3-762867206,S3-184682955	True
S1-305246462	S2-348068130,S3-661884977	True
S1-10066327	S3-563993770	True
S1-120881462	S2-444115211,S2-211777788,S3-300490212	True
S1-348224167	S2-812331173,S2-338482537,S3-537906668	True
S1-824037908		False
S1-585982142	S2-397262210,S2-542238860,S3-149202028,S3-143087853,S3-617886504,S3-522890059	True
S1-626030696	S2-61341390,S3-551763991	True
S1-95270795	S2-585664782,S2-213310237,S2-163418801,S3-172321081	True
S1-185229701		False
S1-984839189	S2-886805692,S3-475036543,S3-106174337,S3-371154189	True
S1-935617293	S2-803255595,S3-594792046,S3-629174056	True
S1-95864422	S2-534445836,S2-50825979,S2-958300923,S3-885482211	True
S1-607153651	S2-780336323,S2-620679509,S3-234253122	True
S1-617837061	S2-956093927,S2-912689218,S2-557518230,S3-873101824	True
S1-635156572	S2-96709878,S3-652762081,S3-562409282,S3-245829986	True
S1-168352424		False
S1-113228646		False
S1-598641012	S3-515038026,S3-490547267,S3-409628113	True
S1-296785762		False
S1-960161426	S2-919791450,S2-938152983,S2-358037784,S3-114380790,S3-736875600,S3-872765713	True
S1-491606108		False
S1-636414382	S2-452358977,S2-693531711,S2-199420801,S3-520098731,S3-467008011	True
S1-833785075	S2-963079320,S2-682196905,S2-732813616,S3-658323334	True
S1-174416774	S2-11749639,S2-986666376,S3-670682791,S3-958356498,S3-662660585	True
S1-632991429	S2-109120070,S3-942299951	True
S1-326746657	S2-648622695,S2-494953778,S2-601644204,S3-897902067	True
S1-102756156		False
S1-564011067		False
S1-334761116		False
S1-880070255	S2-935192670,S3-199795755	True
S1-390259250		False
S1-658111669	S2-153475578,S3-89223521	True
S1-543608374	S2-448860404,S2-382279242,S3-9159855,S3-304898478,S3-137358895	True
S1-768721900		False
S1-51311946		False
S1-289444646		False
S1-213532425	S2-429732894	True
S1-53527818		False
S1-274857265		False
S1-962327347	S2-881458049	True
S1-776945395	S2-272321240,S3-922750974,S3-137657419	True
S1-25843483	S2-837757789,S2-987783114,S3-102290892	True
S1-490964862	S2-4239424,S3-283628284	True
S1-416586007	S2-973653063,S2-305334889,S3-307032938,S3-603788479,S3-54877288	True
S1-440688050		False
S1-292576669	S2-261478196,S2-901456910	True
S1-24323217	S2-545455649,S2-924647013,S2-526895412,S3-497129786	True
S1-38438818	S3-819740702,S3-338041835	True
S1-716681251		False
S1-872188266	S2-419148309,S2-297948588,S3-567443751,S3-949145560	True
S1-623158077		False
S1-166773356		False
S1-827568060	S2-33388685,S3-72620236,S3-761488654,S3-66101676,S3-567845724	True
S1-42649646	S2-902238900,S2-296350725,S3-200432822,S3-518378649	True
S1-342155877		False
S1-110233022	S2-849471281	True
S1-527907312		False
S1-16606135		False
S1-897455370	S2-793699272,S2-940135022,S3-787991457,S3-727372855,S3-463769744	True
S1-262509581	S2-323475673,S2-427290148	True
S1-115349554	S2-342119355,S3-77961428	True
S1-975249623	S2-45974096,S2-510042741,S2-583092830,S2-142203098,S3-514952283	True
S1-772297673		False
S1-939698960		False
S1-978460869	S2-23960153,S2-210078294,S3-140684407,S3-15207700	True
S1-238053945	S2-213473009,S3-466922397,S3-516960815,S3-663284652,S3-293212832	True
S1-205954132	S2-456162544,S3-114604739,S3-17303961,S3-705653277	True
S1-853279259	S2-228533631,S2-877154084,S2-232985638,S3-751742166	True
S1-851851366		False
S1-226324017		False
S1-598130073	S2-602038249,S2-550195346,S3-690006615,S3-420797449,S3-177677991	True
S1-220505351		False
S1-583617004	S2-772134994,S2-392728233,S2-942226355,S2-148539819,S3-808658629	True
S1-129754077		False
S1-607571344		False
S1-916365283	S2-662144348,S2-671532436,S3-393865793	True
S1-348843518		False
S1-981204851		False
S1-997162459	S2-197094631,S2-898335281,S3-965125199	True
S1-436496778		False
S1-380456631		False
S1-731385577	S2-624346209,S2-145025772,S3-916530352	True
S1-952909355	S2-30389164,S2-98062604,S3-647017718	True
S1-735212422		False
S1-643566490	S2-927903194,S2-379355904,S3-177600597,S3-491725866	True
S1-911968278		False
S1-377406207		False
S1-312244446		False
S1-532566054	S2-866719401,S3-919001428,S3-17173189	True
S1-974591105	S2-598365785,S2-248089925,S2-255719826,S2-757329648,S3-340630942	True
S1-231740242	S2-361568216,S3-54408881,S3-741764934,S3-274170163	True
S1-358992637		False
S1-286449292	S2-280151259,S3-453091795,S3-140941481,S3-185423624	True
S1-656091390		False
S1-234300705	S2-401435795,S3-428526733	True
S1-658918640		False
S1-507278594	S3-312024577,S3-359969523,S3-834304256	True
S1-61099474		False
S1-673021521	S2-925504715,S2-435055311,S3-452490818	True
S1-56201743		False
S1-497612242	S2-533260233,S3-576975636,S3-349271366,S3-359962594,S3-214234598,S3-988589631	True
S1-579752194	S2-716926240,S2-868730800,S2-375857477,S2-754666069,S3-700445304,S3-708620280,S3-479279175	True
S1-855083648		False
S1-635634394		False
S1-312676777	S2-697242030,S2-187581808,S2-668615046	True
S1-88480960		False
S1-458777140		False
S1-404816378	S2-486084942,S2-226978493,S2-984766809,S3-548977295	True
S1-803487993		False
S1-689478867		False
S1-922211334		False
S1-690290640		False
S1-481267939	S2-771434824,S2-545730499,S2-914523653,S3-2920345,S3-984432877	True
S1-829119505	S2-143319147,S3-256698592	True
S1-644586610		False
S1-17218703		False
S1-836301962	S2-577375106,S3-989056782,S3-735691568,S3-987582896	True
S1-30228323	S2-628585311,S2-459362209,S3-803039809,S3-660230462,S3-241442436,S3-232016314	True
S1-123215194		False
S1-150692045	S2-385024056,S3-758222993,S3-694691957,S3-492524908	True
S1-611996619	S2-667394096,S3-162796785,S3-29149223	True
S1-333454645		False
S1-98455918		False
S1-839911130		False
S1-491530232		False
S1-902164427		False
S1-887384489		False
S1-862120505	S2-474313397,S3-502834866	True
S1-695296673		False
S1-753758696		False
S1-958868436	S2-297253743,S3-835172109	True
S1-423867610		False
S1-809762147		False
S1-967900443	S2-174563158,S2-631619162,S2-874588196,S3-880154813	True
S1-426800595	S2-179724558,S2-768694851,S2-500660264,S3-506495843,S3-488016628	True
S1-435045222		False
S1-906800871		False
S1-446247449	S2-154895685,S2-465710656,S2-471210731,S3-999349899	True
S1-678937232		False
S1-977255235	S2-807651003,S2-452155115,S3-507020148	True
S1-217089996	S2-14382745,S2-977202239,S3-605074066,S3-88101033,S3-239009832,S3-827657394,S3-469149668	True
S1-391132472		False
S1-557926847	S2-460644711,S2-612002486,S2-312024805,S3-494466232,S3-44260488,S3-307133595	True
S1-357250895		False
S1-487303741	S2-168546881,S3-260143899	True
S1-668880210	S2-606460193,S3-594920923	True
S1-474561919	S2-312686063,S3-436170446,S3-353998131	True
S1-361119587	S2-113964203,S2-603614787,S2-582251529,S3-401078244	True
S1-333127006		False
S1-960200174	S2-866045575	True
S1-198447900	S2-66557442,S3-67742126	True
S1-771437054	S2-375246513,S2-484735282,S3-900748749,S3-705987961,S3-535124740	True
S1-366042910	S2-571288505,S2-355226028,S3-262976080,S3-831496370,S3-496552003	True
S1-607780469		False
S1-474800114	S2-325809854,S2-515173302,S2-321605769,S2-752991595	True
S1-619815589		False
S1-351692386	S2-888776254,S3-482534738,S3-610207761	True
S1-140266804	S2-234476231,S2-308517199,S2-140425013,S2-617285969	True
S1-451767542		False
S1-756858850	S2-85864935,S2-436556369,S2-237985978,S3-385689293,S3-461883782,S3-582584411	True
S1-869198074	S2-504664930,S2-611960026,S3-769105365,S3-504617693	True
S1-283707296	S2-662341535,S3-669378552,S3-640119325	True
S1-168074846		False
S1-226426661	S2-630313054,S2-272835381,S3-210569651,S3-821648774,S3-923273569,S3-873397767,S3-469020446	True
S1-202958528	S2-972955374,S3-998386356,S3-518338857	True
S1-497779867		False
S1-944916498		False
S1-48952350		False
S1-589595998		False
S1-975848835		False
S1-476496823	S2-677263877,S2-640334655,S3-314943902,S3-249460838,S3-56622265	True
S1-685851123	S2-796127889,S2-361135383,S2-766222104,S2-58681397,S3-941768989,S3-125041215,S3-13548673,S3-878036406	True
S1-914044981	S2-723911657,S3-564674612,S3-403943075,S3-941568290	True
S1-175233370	S2-634673709,S3-315073141	True
S1-244464191		False
S1-470446649	S2-990397997,S2-646134028,S2-824235649,S2-923636355,S3-944743622,S3-431141764	True
S1-725225692		False
S1-377337973	S2-5267923,S2-120660454,S3-980976402,S3-967511023	True
S1-319996161	S2-391325855,S3-56219981,S3-629831627	True
S1-598760132		False
S1-239716060		False
S1-79475610	S2-186700364,S3-314211001,S3-295754203,S3-395092705	True
S1-480791569		False
S1-371982420		False
S1-619020064	S2-252687063,S2-398318954,S2-422547066,S3-705672295	True
S1-522201255		False
S1-806575693		False
S1-903318040		False
S1-738023559		False
S1-845716464	S2-986687779,S3-590446737,S3-289773876,S3-948127837	True
S1-852572579	S2-414178371,S3-689401172,S3-45405929	True
S1-624334668	S2-940542662,S2-337021996,S3-708113815	True
S1-238533511	S2-41172393,S3-893263071	True
S1-697252263		False
S1-22218180		False
S1-917029235	S2-245063251,S2-672671629,S3-362093574,S3-153317574	True
S1-976120732		False
S1-931725109		False
S1-779550869		False
S1-251117118	S2-759523074,S3-834241388,S3-53900013,S3-742485301	True
S1-26907418		False
S1-102073641	S2-980210454,S3-6936291,S3-729144295	True
S1-269951360		False
S1-768047117		False
S1-399530904		False
S1-845193647		False
S1-887292756	S2-65486126,S2-210077706,S3-443354574,S3-971085412	True
S1-601581835	S2-227806966,S2-903125198,S2-711404829,S3-710722542,S3-381016556,S3-990713192,S3-610869189,S3-787875924	True
S1-834330111	S2-18996160	True
S1-169522699	S2-10766799,S2-304217826,S2-510278341,S2-962463835,S3-93217999,S3-10913934	True
S1-874555723		False
S1-640296462	S2-39640554,S2-632913533,S3-304345760,S3-546308920,S3-132198942	True
S1-174602700	S2-509585228,S3-227289145	True
S1-795900801	S2-315348968,S2-755290745,S2-792884466,S3-824489850,S3-625438457,S3-250445269,S3-914299300	True
S1-744787942	S2-873222116,S2-486680535,S3-353623929,S3-350244915,S3-234589929,S3-264846981	True
S1-801110499	S2-3204727,S3-971307480	True
S1-195094659	S2-734120190,S3-567278415	True
S1-670613544	S2-84856852,S3-247607515	True
S1-641220040		False
S1-363533052		False
S1-784630652		False
S1-538411453	S2-254755672,S2-536357345,S2-3603802,S2-604968541,S2-841141006,S3-190378626	True
S1-332366732		False
S1-376419686		False
S1-991204641	S2-202987983,S3-68178948	True
S1-132980811		False
S1-671785284	S2-898169895,S3-44732791,S3-69168061	True
S1-664012042		False
S1-357145492	S2-476044601,S2-780361898,S3-203281213	True
S1-155425310		False
S1-67637545	S2-519635396,S2-619008977,S3-532293518,S3-711582472	True
S1-577234271		False
S1-805472385	S2-555721168,S2-168986136,S2-797651113,S2-996616949,S3-501466395	True
S1-801112032		False
S1-410193510	S2-544214061,S2-779811053,S2-534931948,S3-722719935,S3-104501787,S3-870026670	True
S1-276556277	S2-870059780,S3-393334142,S3-422824170	True
S1-503141536		False
S1-17593966	S2-211908452,S2-890433079,S2-660497933,S3-380978586	True
S1-772324402	S2-237399332,S2-859415191,S3-305477925	True
S1-88432571	S2-993258335,S2-313729960,S3-72067528,S3-456943507,S3-776756473	True
S1-381000252	S2-383203110,S2-435045769,S3-486839933,S3-462793757	True
S1-968380327		False
S1-120502211	S2-23891275,S2-118473998,S3-134130739,S3-822231611	True
S1-240466604		False
S1-178674437	S2-967518459,S3-958434477,S3-372896923,S3-94875426	True
S1-868199327	S3-842818833	True
S1-778915329	S2-319243304,S3-510570935,S3-930733845	True
S1-717431362		False
S1-370736941		False
S1-319135674		False
S1-491164706	S2-142253374,S2-923681715,S3-623253614	True
S1-127616936	S2-655260473,S3-590812910,S3-609579906	True
S1-161566212	S2-174585747,S3-954750043,S3-92049325,S3-137799968	True
S1-409823551		False
S1-260487191	S2-57756211,S2-324652546,S2-608035086,S3-968622771	True
S1-967554288	S2-10191662,S2-945906153,S3-657348593	True
S1-833379453	S2-183868738,S2-661950888,S2-622852414,S3-829993106,S3-636377422	True
S1-385215170	S2-976835776,S3-905268001	True
S1-278554941		False
S1-181221052	S2-219156415,S3-705633473,S3-84718277,S3-544841067	True
S1-222017221	S2-595684415,S2-909860455,S3-918862798,S3-534922789	True
S1-491505700		False
S1-820070518	S2-93329065,S3-966317946,S3-143404250	True
S1-690184391	S2-231493727,S2-476056948,S3-755557940,S3-688405662,S3-135768397	True
S1-637958116	S2-881370409,S2-460063660,S2-241766574,S3-849612042	True
S1-152763672		False
S1-720557467	S2-465288582,S3-199348074,S3-537860804,S3-120778028	True
S1-498029349	S2-406482095,S2-888056442,S3-321020309	True
S1-942041165		False
S1-34352502		False
S1-78621789		False
S1-454421418		False
S1-431548561		False
S1-265261532		False
S1-839269775		False
S1-868779058		False
S1-323327073	S2-297026375,S2-710615380,S3-894316538,S3-813065519	True
S1-420284400		False
S1-665255083		False
S1-977942105	S2-349691640,S2-118447065,S3-665508827	True
S1-640750206		False
S1-131524304	S3-372564354	True
S1-853840049		False
S1-352209362		False
S1-215669771	S2-921069178,S2-71086470,S2-9222021,S3-956457307	True
S1-788952493		False
S1-735366383	S2-555883818,S3-946192123	True
S1-884955289	S2-781164789,S2-749964340,S3-263405931,S3-989755209,S3-859390141,S3-831976450	True
S1-315557561	S2-936854116,S3-488772510	True
S1-828894637		False
S1-362736916		False
S1-187944071		False
S1-602590500		False
S1-181495956		False
S1-997952333	S2-977817779,S3-845947603,S3-305494795	True
S1-470336633	S2-113403745,S2-132318309,S2-504973418,S3-182053015	True
S1-626094805		False
S1-188916893	S2-176255736,S2-690045819,S2-541367642,S2-557375916,S3-682966056,S3-8818868	True
S1-353849991	S2-796587158,S2-220855537,S3-336334388	True
S1-111413289		False
S1-651924913		False
S1-40983157		False
S1-986408065		False
S1-208471175		False
S1-416521903	S2-544780878,S2-970275749,S2-665808655,S3-855894076,S3-821428020	True
S1-852048159		False
S1-736511201		False
S1-237857285		False
S1-800537570	S2-390586439,S2-617418852,S3-260153156	True
S1-983001915		False
S1-291652821		False
S1-596861354		False
S1-319216879	S2-426631116,S2-477910398,S2-698042819,S3-260158774,S3-592639765	True
S1-103659255	S2-467585776,S2-512028346,S3-783425002,S3-480632379,S3-201990044	True
S1-340117221	S2-308299275,S3-934375770	True
S1-279371415	S2-589597954,S2-358844320,S3-44649698,S3-782968359	True
S1-995910422		False
S1-786343587	S2-72316568,S3-158539594	True
S1-966115668	S2-389963245,S3-598319421,S3-787601097,S3-422303259	True
S1-160333577		False
S1-319792468	S2-319501139,S2-889889517,S3-838779317,S3-712665052,S3-390504683	True
S1-147983400		False
S1-845346988	S2-143157355,S2-60547119,S2-625918703,S3-317663178	True
S1-638614898	S2-555621162,S2-169065636,S3-758297419,S3-158994186,S3-473652227	True
S1-435488049		False
S1-53115293		False
S1-599226040	S2-904066410,S3-99086758,S3-476206750	True
S1-46513209		False
S1-560125816	S2-314155482,S3-558394042	True
S1-655901927	S2-598390663,S2-915092623,S3-116101178,S3-453802105	True
S1-600524290	S2-929579748,S2-604190988,S3-993042533	True
S1-388453944	S2-736709910,S2-391997231,S2-202545057,S3-89900439,S3-357511318	True
S1-531888335		False
S1-106128604		False
S1-536369091		False
S1-417718417		False
S1-74451887	S2-740989472,S2-642009168,S3-216179837	True
S1-29377080	S2-598866465,S2-543982479,S2-408329513,S2-683335796,S3-491359815,S3-191487453,S3-942205379	True
S1-799554898		False
S1-969684141		False
S1-296302625	S2-54531900,S3-820157238,S3-322992142,S3-351316815,S3-478317044	True
S1-168033230	S2-10317520,S3-975200672	True
S1-995019504	S2-685469328,S3-230500529,S3-856663424,S3-841770326	True
S1-914317046	S2-67484406,S2-885303679,S3-441413755,S3-240915435,S3-9691416	True
S1-107904419	S2-4363052,S3-493114997	True
S1-727293628		False
S1-805042429		False
S1-77717596	S3-668062140	True
S1-124882326		False
S1-790996767		False
S1-921724209		False
S1-370336764	S2-350027275,S2-142990298,S2-858237251,S3-695886221	True
S1-213948267		False
S1-736588285		False
S1-689898556		False
S1-936688192	S2-233890596,S3-734046094,S3-605955405	True
S1-882860022		False
S1-799760269		False
S1-733796639		False
S1-623777232	S2-451587192,S3-148695800,S3-52949989,S3-498010679	True
S1-835242952	S2-851783384,S2-548237443,S3-555961963	True
S1-587231263		False
S1-443917264		False
S1-17572493		False
S1-473970551	S2-410247544,S3-185603023	True
S1-66211949		False
S1-619120560		False
S1-808460923		False
S1-125769607		False
S1-756492820		False
S1-830596096		False
S1-413980595		False
S1-23842641	S2-691640888,S3-345594239,S3-119587661	True
S1-620662869		False
S1-370323227	S2-292804429,S2-322839148,S3-993100737,S3-394971237,S3-141713962	True
S1-790336393		False
S1-750519400	S2-150399186,S2-742991599,S2-865534449,S3-937809943,S3-164315948	True
S1-555407826		False
S1-223094381	S2-759830057,S2-464649342,S3-768509691,S3-264166319,S3-379039924	True
S1-16378287	S2-213995863,S3-927025162	True
S1-849513675	S2-948288611,S2-142172615,S2-484992586,S3-773552608,S3-486393016,S3-983923956	True
S1-762488049		False
S1-941704722		False
S1-415933668	S2-43068565,S2-288439224,S2-669744807,S3-650356598,S3-390794047,S3-45871415	True
S1-57981121	S2-939882129,S2-942999669,S2-74648616,S2-896874201,S3-695431236,S3-653957810	True
S1-712212476		False
S1-750552824		False
S1-110019332	S2-667433489,S2-840443211,S2-926751591,S2-906309753,S2-67204854	True
S1-490562780	S2-549473768,S2-932303655,S2-376047021,S3-999070706,S3-619435978	True
S1-881773989	S2-356323903,S2-728085147,S2-859951282,S3-828963677	True
S1-71530967	S2-608764282,S2-650976491,S2-636593415,S3-478469482,S3-424075607,S3-918909465,S3-819989852,S3-640249392	True
S1-6673133	S2-179981975,S3-298742605,S3-813310011,S3-842848904	True
S1-334943099		False
S1-704581495	S3-635330114	True
S1-182502763		False
S1-773588696		False
S1-718206029	S2-746602630,S3-102110214,S3-391829609	True
S1-904358812	S2-423459018,S3-136878739,S3-969073734,S3-874618706	True
S1-54438069		False
S1-202418840		False
S1-691337006		False
S1-930305441		False
S1-860111683	S2-981317492,S2-567454163,S3-885446872	True
S1-338076600		False
S1-953291237		False
S1-401440648		False
S1-105352076	S2-108606408,S2-306592991,S2-474966689,S2-28231042,S3-724144543,S3-100235990	True
S1-809839026		False
S1-808903370		False
S1-291020469	S2-245335406,S3-546310207	True
S1-669547993	S2-640112716	True
S1-521576841		False
S1-96928403		False
S1-659884990	S2-780923328,S3-907832864,S3-841780661	True
S1-1868400	S2-581021923	True
S1-487970166		False
S1-975677152		False
S1-257906754	S2-958892972,S2-742253211,S2-338384634,S2-253548401,S3-412253283,S3-428370709	True
S1-254037962		False
S1-587975716	S2-473827237,S3-579910259	True
S1-280636561		False
S1-830863772	S2-557204661,S2-365566011,S3-128921418,S3-883579165,S3-38375156	True
S1-144756219	S2-255377966,S2-880648221,S3-784050680,S3-92545622	True
S1-290130981		False
S1-82208003	S2-662519040,S2-850937647,S3-942832211,S3-410473696,S3-681766873	True
S1-259872415	S2-946802736,S3-501004996	True
S1-904103478	S2-744132844,S3-286166198	True
S1-861300320		False
S1-265799085		False
S1-357725297	S2-127167421,S2-920888651,S3-373594294	True
S1-657972340	S2-633713714,S2-885515185,S3-795228123,S3-884257949	True
S1-449485891		False
S1-77983229		False
S1-56524518	S2-71422754,S2-880376577,S2-674317561,S3-309030882	True
S1-319336873		False
S1-331502034	S2-470623852,S3-967778192,S3-441171570	True
S1-914120860		False
S1-44341978		False
S1-724423400		False
S1-958243156		False
S1-356147215		False
S1-365085515	S2-345544955,S2-401540793,S2-942882757,S2-470222347,S3-332308102,S3-337467831,S3-635278085	True
S1-224624589	S2-771721164,S2-748974015,S2-474718766,S3-687584217,S3-151013247	True
S1-942548286		False
S1-896992131	S2-349239160,S2-997215514,S2-319130688,S3-309150153	True
S1-195306212		False
S1-668471267	S2-411701106,S2-642294799,S2-30236383,S2-342059171,S3-820163954	True
S1-347688295	S2-441240911,S2-515136759,S3-171236661,S3-533195778,S3-471621551	True
S1-874676230	S2-905029610,S2-112095417,S2-864121294,S3-483561295,S3-366705687,S3-283157042,S3-959113156	True
S1-661002951	S2-427680643,S3-217365164	True
S1-487157285	S2-601846350,S2-478783262,S3-4298317	True
S1-623699918	S2-517324031,S3-644978831,S3-897987,S3-130061626,S3-458673826	True
S1-731492580		False
S1-672531648		False
S1-397938225		False
S1-913103841	S3-948778535	True
S1-176545620		False
S1-976075344		False
S1-609292823	S2-282801000,S2-624963312,S3-493505770,S3-831942211,S3-809266802	True
S1-336853624		False
S1-362167554	S2-171811015,S2-686685807,S3-25136676,S3-797564849	True
S1-11345307		False
S1-152571807	S2-523309881,S3-668970849	True
S1-209830042	S2-104684457,S3-388196352	True
S1-840869825		False
S1-775849568	S2-290302704,S2-873752821,S3-128038830	True
S1-347162415	S2-262244773,S2-50955052,S3-476886082	True
S1-140784932	S2-405880970,S2-154668691,S3-629927305,S3-114268467,S3-203983285	True
S1-103723405		False
S1-331140957	S2-992424841,S3-822593852,S3-412504067	True
S1-886837392	S2-23347032,S3-499627819,S3-875725451,S3-848719182	True
S1-781358988		False
S1-704979725		False
S1-878379208	S2-422121563,S3-612522765,S3-511445035	True
S1-617029968		False
S1-540866622	S2-346270328,S3-800424039	True
S1-867634813		False
S1-2559821	S2-756741825,S3-249369649,S3-126610518,S3-908695675	True
S1-469836163	S2-446945911,S3-841822788	True
S1-653847967	S2-859092567,S3-997580790	True
S1-439498894		False
S1-584978188		False
S1-183778411		False
S1-255526159		False
S1-545672798	S2-626431206,S2-901500128,S2-752114247,S2-451560824	True
S1-166075125	S2-714050323,S2-679189617,S2-124869331,S3-766657080,S3-358711320	True
S1-892170733	S2-632685521,S3-303079956	True
S1-983563624		False
S1-208352682	S2-63907350,S3-965580129	True
S1-181814892		False
S1-934225369	S2-776878266,S2-963906786,S2-766229552,S3-33068394,S3-117602869,S3-977239924,S3-966057309	True
S1-694855948	S2-916637665,S3-145274461,S3-143751510,S3-911900196,S3-848219452	True
S1-500435204		False
S1-483110943		False
S1-23644762	S2-301524095,S2-645727168,S2-659708140,S3-921457396,S3-490161864,S3-348126990	True
S1-859209515		False
S1-882449018		False
S1-516144338		False
S1-700176417		False
S1-726754854	S2-692077885,S3-278190446,S3-768389103	True
S1-638203515		False
S1-78260735	S2-859751832,S3-368316399	True
S1-970937257	S3-916681505	True
S1-720952672		False
S1-72372043		False
S1-732437416	S2-54124342,S3-129492649	True
S1-602030075	S2-509194571,S2-144790305,S2-755485207	True
S1-826904587	S2-712341845	True
S1-634892463	S2-269737905,S3-574248842,S3-865320049	True
S1-838085024		False
S1-941573741		False
S1-607716017		False
S1-989988212	S2-142360642,S2-199836629,S2-364507464,S3-78524299,S3-173004958	True
S1-166141123		False
S1-655013677		False
S1-964404362	S2-818265267,S2-795165790,S2-160941371,S3-585864491,S3-214852292,S3-874982016,S3-152857185	True
S1-36562517	S2-705775952,S3-238045466,S3-626145535	True
S1-71346988	S2-151506813,S2-493892445,S3-207642226	True
S1-711551591	S2-943761307,S2-25946152,S3-795545595,S3-664209702,S3-537366741,S3-377729037	True
S1-273681493	S2-432301464,S3-728879121	True
S1-716892483		False
S1-373999508	S2-729544330,S3-583746633,S3-590837713	True
S1-732265639		False
S1-428151769		False
S1-414703446	S2-429792547,S3-355355137,S3-571265178	True
S1-379745411		False
S1-350494631	S2-292545890,S3-63079603,S3-60309164	True
S1-807642795		False
S1-547237920		False
S1-367831010		False
S1-751397366	S2-739082068,S2-188600085,S3-472768390,S3-334822890	True
S1-951019515	S2-953643969,S3-331765845,S3-715678152,S3-443149175,S3-657346036	True
S1-570104985	S2-23259066,S3-46709272,S3-262396571	True
S1-700327805		False
S1-22222167	S2-640037166,S2-417836602,S2-491486454,S3-132375732,S3-658216161,S3-892434216,S3-781955039	True
S1-838870765	S2-693354090,S2-84393730,S3-902716178,S3-202813968,S3-364134929,S3-827129018	True
S1-932796664		False
S1-517080331		False
S1-349107629	S2-542593097,S2-803678233	True
S1-614241488		False
S1-283530439	S2-307192439	True
S1-90020064		False
S1-158393084		False
S1-4932273		False
S1-303043932	S2-614287776,S2-963152351,S3-297484682	True
S1-343928152		False
S1-903183051		False
S1-993216759		False
S1-58144264		False
S1-273391395		False
S1-676529555	S2-293917314,S3-681126400	True
S1-222703002		False
S1-315149951		False
S1-935655048		False
S1-333719295	S2-444635558,S2-906535326,S3-381266492	True
S1-348763538	S2-763870557,S3-854696856	True
S1-505712365		False
S1-671248771	S2-906971015,S2-573210239,S2-88687374	True
S1-283250281	S2-994570102,S2-795048581,S3-994530523,S3-925602677,S3-755812398	True
S1-570052687	S2-640579897,S3-155943516,S3-327570777	True
S1-805084675		False
S1-697821020		False
S1-529049640	S2-922813050,S2-574823976,S3-829365159	True
S1-136037694	S2-311539809,S2-191853210,S3-48282922	True
S1-359095882	S2-73217688,S2-280944159,S3-294673299,S3-1685074	True
S1-80316782	S2-321454846,S2-403897473,S3-855323712,S3-296376722	True
S1-902159973	S2-886999671,S2-924232756,S2-926655540,S3-408238598	True
S1-280013616	S2-673651740,S3-741075744	True
S1-810387662		False
S1-455352441		False
S1-931054332	S2-789259450,S3-240397587,S3-654148096,S3-414189486,S3-419588527	True
S1-384337396		False
S1-922585279	S2-763490652,S2-52685837,S2-921335428,S3-259994172	True
S1-129130088		False
S1-285507963	S2-37123916,S2-947213149	True
S1-780468215		False
S1-513541173	S2-54008305,S3-184429549,S3-552664718,S3-98667939,S3-737766152	True
S1-93447584		False
S1-840468768	S2-954232658,S3-390169830,S3-109249877,S3-722069148	True
S1-920293080		False
S1-76656291	S2-641009918,S3-121015854	True
S1-74588756		False
S1-286667236	S2-734220561,S2-682349607,S3-907995530,S3-243558014,S3-572781526	True
S1-991222807		False
S1-93029864		False
S1-13755059	S2-451790113,S2-601955063,S3-863555355,S3-320040055	True
S1-321319164		False
S1-753911066	S2-809069789,S2-68964190,S2-173550369,S2-61069480,S2-756893815,S3-867595010	True
S1-328102789		False
S1-124533939		False
S1-48917886	S2-166737309	True
S1-908059900		False
S1-696526625	S2-227358992,S2-484043095,S2-141255249,S2-708105369,S3-862312460	True
S1-286435442	S2-23651669,S3-546759155	True
S1-997208814	S2-661468659,S3-966201548	True
S1-886292449		False
S1-425206730	S2-866954296,S3-705777538,S3-645088734	True
S1-386128135	S2-969595849,S2-707736173,S3-165126198,S3-759835813,S3-65762959,S3-234948224	True
S1-455080448	S2-800496947,S2-931768323,S3-77943083,S3-142710463,S3-560346885	True
S1-423209116	S2-638268375,S2-360068406,S3-113738843,S3-358936192	True
S1-389597275		False
S1-703530076		False
S1-355496746	S2-885348801,S2-18818716,S3-482186791,S3-397827659	True
S1-247299420		False
S1-109858901		False
S1-250542952	S2-775198567,S2-25418032,S2-442886519,S3-151625895	True
S1-911813638		False
S1-636117901		False
S1-310696906		False
S1-327549843		False
S1-180229258	S2-390753468,S2-888203382,S2-509424644,S3-344844477,S3-585902373,S3-251676310	True
S1-263786699		False
S1-999510779	S3-272852226	True
S1-325445467	S2-501261639,S2-189428205,S2-907259141,S2-499671072,S3-939460269,S3-374388385	True
S1-558787293		False
S1-478618034	S2-691510999,S2-801683821,S3-944682803	True
S1-465567450	S2-126144727	True
S1-807914523	S2-885575715,S2-121182338,S2-432984369,S3-494213373,S3-217364943,S3-239343892,S3-273301438	True
S1-345451890	S2-436174835,S2-798850613,S3-625655827,S3-915549833	True
S1-708540151		False
S1-937555644		False
S1-497002957		False
S1-852802223		False
S1-395213603		False
S1-160167521		False
S1-738738915	S2-187028146,S3-81267218,S3-724639782,S3-594270838,S3-463805458,S3-225667808	True
S1-883429506	S2-475366201,S2-926390007,S3-219956892	True
S1-305573785		False
S1-622528365		False
S1-51458824	S2-621781670,S2-653889348,S3-260455019	True
S1-910835072		False
S1-243012528	S3-397190958,S3-793079295	True
S1-53142618		False
S1-545219053		False
S1-555330103		False
S1-173643162		False
S1-475105668	S3-680885573,S3-83621249	True
S1-769707460	S2-362937362,S2-537971966,S2-647338385,S3-509859664,S3-949135988,S3-931541698	True
S1-125514543		False
S1-861796118		False
S1-487138059		False
S1-931614261		False
S1-334133820		False
S1-973335639	S2-132547509,S2-805834347,S2-484447110,S3-536739155	True
S1-101732507	S2-935405994,S2-588320088,S2-264084007,S3-624292347,S3-188381835	True
S1-433621167		False
S1-481579604	S2-557875866,S3-412460493,S3-366655185	True
S1-348303952		False
S1-100597555	S2-725980859,S2-517692557,S3-791170724	True
S1-51932977	S2-436401963,S3-143864470	True
S1-540886414		False
S1-780809889	S2-412928703,S3-113841684,S3-477935895	True
S1-423747109	S2-186698244,S2-696949172	True
S1-662261029		False
S1-570425340		False
S1-442577032	S3-998048832,S3-71700026,S3-675932129	True
S1-614979077		False
S1-400780493		False
S1-456782935		False
S1-655208180	S2-172577648,S2-591908336,S3-895095032,S3-99072676,S3-630233049,S3-274021294	True
S1-357781160	S2-44289854,S3-954924831	True
S1-870492162		False
S1-71246031		False
S1-563997786	S2-79704924,S3-140712097	True
S1-984464523	S2-173068072,S2-424009835,S2-886429288,S3-410403668	True
S1-130671366	S2-601271914,S2-315629244,S2-367955030	True
S1-799367212	S2-118172612,S2-350761233,S3-34452863,S3-262382341,S3-542571424	True
S1-695358907		False
S1-10905585		False
S1-705554439	S2-993757775,S2-505377719	True
S1-596018875		False
S1-98332468	S2-801389399,S2-313427619,S2-719352297,S3-316033677,S3-339644214,S3-547758501,S3-967740007	True
S1-772787670	S2-164614778,S3-911833324	True
S1-259365354		False
S1-312173440		False
S1-773983176		False
S1-497691983		False
S1-747311523	S2-830590625,S2-354345513,S3-103669108,S3-634646257	True
S1-881799199		False
S1-117079756	S2-837081362,S2-632864461,S3-982404743,S3-376766134,S3-456568969	True
S1-798364244		False
S1-737550899	S2-712684400,S3-375253207,S3-954179132	True
S1-17512397		False
S1-729100754		False
S1-596772681		False
S1-855809404		False
S1-244099464	S2-240410572,S3-261381539,S3-303370192,S3-627554037,S3-160978932,S3-971469271	True
S1-696333430	S2-7274552,S2-149794939,S2-843338230,S3-328878245	True
S1-853070157	S2-112640088,S2-714298487	True
S1-446884679	S2-845952838,S2-754883281,S2-570954499,S3-949354536,S3-925266773	True
S1-96485632		False
S1-356666164	S2-105863467,S2-779538532,S3-174768205,S3-621249801	True
S1-849841430	S2-519744914,S3-366858385	True
S1-756789297		False
S1-212551008	S2-401124972,S2-612222168	True
S1-31179470		False
S1-376287385	S2-379116371,S3-317413164	True
S1-270177300	S2-789281875,S2-699785284,S3-169499087,S3-667638872,S3-779989578	True
S1-471086579		False
S1-83577822	S2-136852932,S3-370087637,S3-59545614	True
S1-114863489	S2-550616629,S2-292825132,S3-345096425,S3-470814254,S3-981379084,S3-499908805	True
S1-688700040		False
S1-358147433	S2-835573514,S2-66692305,S3-809299167	True
S1-232289273	S2-216435200,S3-799516847,S3-260585076,S3-613646122,S3-318273296,S3-428334374	True
S1-105622411		False
S1-279104292	S2-955208330,S3-536730628	True
S1-196556776		False
S1-136944299	S2-263332499,S3-327013650,S3-173599011	True
S1-214017902		False
S1-457776402	S2-382722096,S2-840575458,S2-534646579,S3-240005859,S3-943104197	True
S1-143401772		False
S1-840905446		False
S1-44708022	S2-343976578,S3-931718315	True
S1-419364566	S2-121763153,S3-241335303,S3-537122558	True
S1-226242860	S2-380096333,S2-7392165,S3-443150040	True
S1-98623964	S2-928932940,S3-913686675,S3-687233047,S3-90001291	True
S1-187943809		False
S1-585872466	S2-940701105,S2-913137228,S2-751775139,S2-82681563,S3-850950676	True
S1-347763775	S2-812434630,S3-585334097,S3-136113263	True
S1-60560147	S2-205673635,S2-920336666,S3-443433950,S3-484071575	True
S1-27298862	S2-530126563,S2-928493554,S3-15344939,S3-54673512,S3-23669127	True
S1-389552180		False
S1-973091683	S2-331218936,S2-681060155,S3-542627150	True
S1-938629121	S2-717773082,S3-267133341,S3-335188035,S3-773539125	True
S1-718764472	S2-793664470,S3-378825567	True
S1-441007612	S2-653595891,S2-763456875,S2-986411101,S2-711425353,S3-482229660,S3-364763378,S3-961123711	True
S1-836447585	S2-474869464,S2-378553594,S3-143926429	True
S1-883575372	S2-497205457,S3-166094934,S3-475184749,S3-407252719	True
S1-217683839	S2-718342036,S2-676359445,S3-949573905,S3-376726071	True
S1-545969006		False
S1-198011981		False
S1-147901340		False
S1-295038266		False
S1-146291615		False
S1-864002266		False
S1-845017794	S2-832084559,S3-937528997,S3-280820466	True
S1-571245726	S2-806331091,S2-609561878,S3-679997286,S3-407735973,S3-468183352,S3-327358917	True
S1-863229050	S2-542780436,S2-971541903,S3-209459214	True
S1-527146070		False
S1-751256738	S2-387993957,S2-422325681,S3-510879119,S3-679653055,S3-505506368	True
S1-453683302	S2-599692635,S2-685186161,S3-865721312	True
S1-173698898		False
S1-742364698	S2-285976635,S2-309765242,S3-760325798	True
S1-182704967	S2-395927584,S2-177342121,S3-386120945,S3-898324225,S3-517140878	True
S1-38891207		False
S1-133361136		False
S1-953665911		False
S1-118311788		False
S1-626618893	S2-47228191,S2-203386223,S3-880881823,S3-575727161	True
S1-624321294	S2-108356036,S3-926862139,S3-669503921	True
S1-268004017	S2-986847706,S2-526518756,S2-307100392,S3-509371742	True
S1-968896212	S2-857508374,S2-295135665,S3-756895780	True
S1-696832481		False
S1-953276349		False
S1-579002667		False
S1-879522269	S2-20339178,S2-837060968,S3-314401719,S3-213177291	True
S1-619502988	S2-803199072,S3-25997824,S3-161229889	True
S1-152270980	S2-642090959,S3-772354003,S3-509004961,S3-579492848	True
S1-450034460	S2-443903883,S2-963802550,S3-243586727,S3-259816686,S3-823059479,S3-11302300	True
S1-581532244		False
S1-998533458		False
S1-776258533		False
S1-363614710		False
S1-415749604	S2-848132324,S2-850489027,S3-888328872,S3-573432649,S3-373141289,S3-68791962	True
S1-559942575	S2-925562382,S2-799955722,S3-17956687,S3-21919978	True
S1-964324829		False
S1-404832521	S2-245577333,S3-895257885,S3-546262094	True
S1-283058683		False
S1-538209718		False
S1-677252549	S2-497565190,S3-596675749	True
S1-658911674		False
S1-109171228		False
S1-653978557		False
S1-974596898	S2-113197007,S2-531096076,S3-15826110,S3-753802577,S3-147199,S3-108040668	True
S1-895368986		False
S1-548451931		False
S1-524237027	S2-63132316,S2-217326003,S3-938225197,S3-290558891	True
S1-78556198		False
S1-939233798	S2-888830247,S3-807287890	True
S1-460474257	S2-636968139,S2-460900792,S3-461758530,S3-946225049,S3-308563067	True
S1-991225292	S2-807965577,S2-942646153,S2-249044695	True
S1-59618530	S3-308603358,S3-472512723,S3-289977026,S3-219017966	True
S1-392661509		False
S1-920191851		False
S1-928427743		False
S1-808928892	S2-537081262,S3-898638246,S3-227132917,S3-900775578	True
S1-501605617		False
S1-61233769	S2-797971394,S3-916540214,S3-429989199,S3-867667301,S3-866283135	True
S1-553285259	S2-731227274,S3-627952813	True
S1-184927907		False
S1-985854584	S3-676442518,S3-547919331,S3-680010485,S3-380952591	True
S1-635521195		False
S1-14538923	S2-681026857,S2-49729693,S3-796377839,S3-375211541	True
S1-808586187		False
S1-788000580	S2-903227840,S2-625397465,S3-236699539,S3-162290103,S3-1501099	True
S1-556018375		False
S1-400474708		False
S1-221180386		False
S1-598779043		False
S1-203190021	S2-315598594,S2-37510397,S2-874153537,S3-955520291	True
S1-526572378		False
S1-103391682		False
S1-580144490		False
S1-821320395	S2-125764478,S3-154157544,S3-393543257	True
S1-250287967		False
S1-587842714	S2-585457216,S2-744083321,S2-73326541,S3-397867280	True
S1-629073346		False
S1-849606302	S2-511751369,S2-292994582,S3-585539510,S3-142015608	True
S1-852624044		False
S1-744424155	S2-741726633,S2-736674188,S3-209247143,S3-475584406	True
S1-157280646	S2-896458067,S3-907729302,S3-323660654	True
S1-565363061		False
S1-644889918		False
S1-819350754	S2-410716904,S2-973317094,S2-961746866,S3-955664027,S3-843145751	True
S1-720213537	S2-892720506,S2-141752394,S2-12487069,S2-593717781,S3-485455596,S3-745487517	True
S1-249440342		False
S1-301240166		False
S1-231645926		False
S1-425020191		False
S1-962417258	S2-915899265,S2-788548201,S3-501297467,S3-429287026	True
S1-713050099		False
S1-543337887		False
S1-703453588		False
S1-416505001	S2-886100533,S2-945021816,S3-559975530	True
S1-253919414		False
S1-885042529	S2-850975809,S2-939505403,S2-887296978,S3-638403530,S3-660952372	True
S1-873010363	S2-456980030,S3-867946692,S3-532990099,S3-407896206	True
S1-5110028	S2-203726137,S3-143820875,S3-439895407,S3-577684016	True
S1-712716289	S2-199192075,S2-933676435,S3-597965413	True
S1-817475006		False
S1-661406030		False
S1-862139886	S2-864367615,S2-835186797,S3-905126988	True
S1-484587643		False
S1-331462110	S2-69324444,S2-816782398,S3-888179920	True
S1-731278092	S2-304832163,S2-119293857,S3-215465843,S3-17160018	True
S1-223436057	S2-734007355,S2-437787105,S3-429054987,S3-749058140	True
S1-576617828	S2-332505872,S2-55244330,S3-720566410	True
S1-261658808		False
S1-93877774		False
S1-419215865		False
S1-124284875		False
S1-989149318		False
S1-797826533	S2-489346506,S3-931338280,S3-866040400	True
S1-915758539		False
S1-124615621	S2-630930371	True
S1-396896684	S2-492255989,S3-813530601,S3-921532071,S3-586330312	True
S1-555405123		False
S1-351319841		False
S1-675342482		False
S1-491412814	S2-603555565,S2-7582654,S2-409426633,S2-952574226,S2-567504953,S3-324570745,S3-67861882,S3-557052889,S3-554583190	True
S1-293851085		False
S1-325775143	S2-797978336,S2-382214815	True
S1-320084670	S3-553554087,S3-925406118	True
S1-816543634	S2-511943244,S3-670412825	True
S1-426274831		False
S1-223147909		False
S1-64375496	S2-374543857,S3-150814140,S3-293212003	True
S1-267300214		False
S1-659698809	S2-452491490,S3-50229689,S3-401830008,S3-795588568	True
S1-361913077		False
S1-659972405		False
S1-661158946		False
S1-772609567	S2-124216592,S2-224296206,S3-203037072	True
S1-390734866		False
S1-885955513		False
S1-19517196	S2-717352642,S3-788096308,S3-794882250,S3-751393003	True
S1-493848547		False
S1-883012662		False
S1-381904264		False
S1-507229624	S2-355723178,S3-699908766	True
S1-818903220		False
S1-238403066		False
S1-971072031	S2-502127540,S2-390793138,S2-354837219,S2-158070716	True
S1-969409528		False
S1-488835603		False
S1-418009669	S2-986862361	True
S1-878012180		False
S1-446381400	S2-345833056,S2-783160959,S2-655349569,S3-67539909,S3-122971272	True
S1-969554906	S2-488917952	True
S1-531562033		False
S1-815349576	S2-348714947,S3-805171391,S3-603641089,S3-278060824	True
S1-448044543	S2-6081749,S2-983546767,S3-849393661,S3-81601976	True
S1-771462206	S2-562684924,S3-195995138	True
S1-736186427	S2-880751116,S2-175555343,S3-96185418,S3-705259585,S3-964478167	True
S1-97584093		False
S1-728915255		False
S1-2776972	S2-633831044	True
S1-115913391		False
S1-474197175	S2-498796766,S2-529004582,S2-678023993	True
S1-43009532		False
S1-837849340		False
S1-552734656		False
S1-1192524	S2-768448235,S2-639946264,S3-404921301	True
S1-817552605	S2-100825448,S2-29759037,S2-273613677,S2-304091000,S3-626661439	True
S1-282051783	S2-8864274,S2-105684649,S3-301144308	True
S1-490872519	S2-204998391,S2-502150306,S2-134584972,S3-652961336,S3-84762434,S3-958462843	True
S1-810752177		False
S1-873623561		False
S1-576653156		False
S1-751303554		False
S1-950792992		False
S1-151573638	S2-944998173,S3-909311790	True
S1-107861463	S2-99555431,S2-29808841,S2-230032114,S3-688053815,S3-614355747,S3-636106471	True
S1-479545304	S2-110952188,S3-345225251,S3-258023275	True
S1-872141290		False
S1-397534545		False
S1-19666995		False
S1-345680314		False
S1-68285284		False
S1-227303860		False
S1-270692827		False
S1-401775840		False
S1-455548047	S2-607569712,S3-313233661	True
S1-146700391		False
S1-868862943	S3-609427885	True
S1-29953340		False
S1-228395755	S2-112650422,S3-45421441	True
S1-427240552		False
S1-318152376		False
S1-131029936	S2-394338237,S3-25666038	True
S1-973697926	S2-444083975,S3-505285974,S3-794703152	True
S1-153657888		False
S1-473984715		False
S1-741803895		False
S1-842041416		False
S1-842099468		False
S1-15503409		False
S1-406507359	S2-845114773,S2-515051949,S3-126424982	True
S1-704160322	S2-663700307,S2-98570055,S2-969024118,S3-600412648,S3-421967558	True
S1-61359883		False
S1-463164086	S2-933517762,S3-323329062,S3-942496875,S3-721832799,S3-778343226,S3-477140428	True
S1-484349397	S2-258715636	True
S1-871025999		False
S1-430098907	S2-962220449,S2-508921278,S2-127525715,S3-292113937,S3-795527760,S3-512700276	True
S1-456198754		False
S1-914640019	S2-842420614,S3-483068820,S3-117315605,S3-646069492	True
S1-667625967		False
S1-385973961	S3-110214405,S3-758803805	True
S1-423660171	S2-789548224,S2-500987124,S2-517483831,S3-965926676,S3-429961399	True
S1-690717414		False
S1-953612487	S2-276465376,S2-567629921,S2-61482362,S3-539959133,S3-255081029	True
S1-288236068		False
S1-627917472	S2-372325179,S2-147599060,S2-80696743,S3-55449137,S3-916577581,S3-318190587,S3-926469913	True
S1-435147054	S2-562699114,S2-688052808,S2-105728151,S3-923359550,S3-478121727	True
S1-602208328	S2-876723454,S2-399650565	True
S1-401071505		False
S1-209859362	S2-932319235,S3-370751518,S3-379162207,S3-64253398,S3-566501521,S3-45582124	True
S1-99451817	S2-187294860,S2-940170595,S2-180699909,S3-589840865,S3-597698647	True
S1-911304318	S2-215469121,S3-411156227	True
S1-871557364		False
S1-587677965	S2-821359161,S3-150532916	True
S1-836388400		False
S1-496532783	S2-744736310,S3-931990477,S3-968681424,S3-954327280,S3-169400648	True
S1-719462923		False
S1-497944536	S2-256448336,S3-8738207,S3-176853469	True
S1-559865000		False
S1-585101237	S2-349541417,S3-510549528,S3-834678131	True
S1-107590030		False
S1-983967542		False
S1-490927912	S2-568898605,S2-846734498,S2-178414514,S3-961527372,S3-125951324	True
S1-893797802		False
S1-849262402		False
S1-454921261		False
S1-316480512	S2-281921254,S2-623070495,S2-141560616,S2-661018940,S3-301787659	True
S1-298795506		False
S1-735292797		False
S1-751887806		False
S1-514318452	S2-793103715,S2-405231587,S2-677944319,S3-593772208,S3-909499228,S3-561615928	True
S1-271874593	S2-491972835,S2-381716501,S2-622232685,S3-823672065,S3-738611082,S3-297732538	True
S1-147398095	S2-601571219,S2-350051194	True
S1-851051866		False
S1-632177687	S2-718522647,S3-249080882,S3-842524743	True
S1-58147561	S2-579502810,S2-53427010,S3-607417685,S3-970247974	True
S1-978610164	S2-387347281,S2-290509346,S2-939671990,S3-524996371,S3-839862754,S3-779040239	True
S1-188560405		False
S1-608594634		False
S1-638890575	S2-419406029,S3-957119216	True
S1-109863871	S2-549370648,S3-241912666,S3-891589807,S3-389181788	True
S1-157301430	S2-527921692,S3-452297564,S3-832032912	True
S1-304432657		False
S1-536986095		False
S1-336855613	S2-358383643,S2-497901925,S3-173486603	True
S1-41259180		False
S1-488364605	S2-560416583,S3-708243652	True
S1-537092343	S2-311092143,S2-517948874,S2-884513635,S3-673462209,S3-526693013	True
S1-172735718	S2-659269007,S3-953332519,S3-112323751	True
S1-57358231	S2-281539069,S3-392976923,S3-121993584	True
S1-217133253	S2-191085327,S2-81468430,S2-138854746,S3-688227228	True
S1-258015341		False
S1-942773929	S2-903171386,S3-358827905,S3-788833815	True
S1-672049117	S2-242465772,S2-326528476,S3-338996180	True
S1-236592448	S2-405552704,S2-238082218,S2-51300883,S3-733355424,S3-683270964	True
S1-14457071	S3-796949574	True
S1-181035541		False
S1-251452000		False
S1-404727685	S3-309111710	True
S1-437257572		False
S1-579652718	S2-652393979,S2-616930538,S3-605991128,S3-534946132	True
S1-846159357		False
S1-406223091		False
S1-829829743	S2-430226458,S2-687387662,S2-640092162,S3-867293849	True
S1-6924894	S2-747491421,S2-4375130,S3-974413631,S3-884601086	True
S1-292874823	S2-295950714,S2-310988571,S3-701990804,S3-176177854	True
S1-762207471		False
S1-593949415	S2-523253964,S3-309625735,S3-14668778	True
S1-178834555		False
S1-482968339	S3-981169853,S3-212829579	True
S1-60497943	S2-775154032,S2-546647681,S3-985203924	True
S1-167554532	S2-999600501,S2-149215045,S3-35207080,S3-510034952,S3-764826668	True
S1-78576573		False
S1-814847146		False
S1-336332935	S2-363274757,S2-73956805,S2-458781516,S3-106226798,S3-723431926	True
S1-295495325	S2-738455469,S2-666382453,S2-394600153	True
S1-489492695		False
S1-35282833		False
S1-221275611		False
S1-811698102		False
S1-882002250	S2-99969056,S2-619154493,S2-544558576	True
S1-59757718	S2-705814682,S3-651529317,S3-88151880	True
S1-972375964	S2-435651807,S2-494159103	True
S1-906898620	S2-599969479,S3-420407735,S3-3778465	True
S1-434392166	S2-895788325,S2-391556146,S3-313364201,S3-395117719	True
S1-853327983	S2-960379456,S2-45255164,S2-862798317,S2-261342169,S3-391534832	True
S1-607414870	S2-865958252,S3-757674725	True
S1-785715659	S2-995067530,S2-576374838,S3-668283181,S3-497356422,S3-323581331,S3-581823520	True
S1-878446836	S2-921524566,S2-975854172,S2-160855784,S3-890155739	True
S1-352001419		False
S1-217893222	S2-998639395,S2-807868118,S3-291107204	True
S1-45362062	S3-479656414,S3-695364865	True
S1-642516322	S2-263277198,S3-92616836,S3-577402723	True
S1-18426913	S2-432667555,S2-268915604,S2-379516330,S3-447663860	True
S1-908533659		False
S1-819034936	S2-475079667,S2-590678789,S2-489117065,S2-546570511,S3-900930556,S3-121216415	True
S1-704988964		False
S1-241141137		False
S1-708844486		False
S1-822840444	S2-181861268,S3-572419624,S3-680827446	True
S1-863539118	S2-842162692,S3-306022268,S3-36990284	True
S1-60708782		False
S1-790814960		False
S1-571732027		False
S1-397325019	S2-97685745,S2-312337791,S2-46612179,S2-469244613,S3-551634412,S3-597031695	True
S1-693372997	S3-75871592,S3-414649179	True
S1-485314721	S2-539692335,S2-739942143,S3-504418596	True
S1-510020803		False
S1-805176547	S2-456917439,S2-713066404,S2-453610122,S3-720357534	True
S1-398011792		False
S1-360138724	S2-82391689,S2-429636505,S2-185332065,S2-172829898,S2-48958903,S3-475257802,S3-296059188	True
S1-595376543	S2-276932707,S3-367569266	True
S1-487664791		False
S1-707999553	S2-27975702,S3-422503728,S3-453296462	True
S1-671658471	S3-652786900	True
S1-758278748		False
S1-3076946	S3-499046152,S3-739408572,S3-498959536,S3-690654919	True
S1-846653166	S2-791174334,S2-446322475,S3-933274965,S3-206546572	True
S1-23455961		False
S1-637690618		False
S1-285084784	S2-651867894,S2-425577487,S2-587757805,S3-907533196,S3-70401869,S3-387197800	True
S1-309425893	S2-704625719,S2-181359442,S3-185942594,S3-827558320,S3-395789091	True
S1-247298986		False
S1-195205595		False
S1-309690379		False
S1-144526869		False
S1-504862893		False
S1-243323157	S2-584699998,S3-911865054	True
S1-104082517		False
S1-534364850	S2-350536914,S2-605123495,S3-326997574,S3-655313457	True
S1-392401109	S2-363353235,S3-521101324	True
S1-692551550		False
S1-825397128		False
S1-32534959		False
S1-635049834	S2-515467275,S3-614775986,S3-543735648,S3-573111661	True
S1-652304456		False
S1-539635864		False
S1-141801842	S2-555592663,S2-901410215,S3-44453990	True
S1-562253734		False
S1-41120547		False
S1-423167128		False
S1-904953603		False
S1-949362305	S2-458399443,S2-592163225,S3-123347592,S3-613263920,S3-518462816	True
S1-616630498		False
S1-864506413		False
S1-240990593		False
S1-188638545		False
S1-80816751		False
S1-602517693		False
S1-924284683	S2-529905232,S2-188840686,S3-901072280	True
S1-390025290	S2-161725341,S3-396043144	True
S1-938746332		False
S1-109144799		False
S1-819025823		False
S1-599000186	S2-808569861,S2-208498579,S3-789742329,S3-367698414,S3-152584846,S3-344027910	True
S1-28144244	S2-130835748,S3-448533335,S3-492101445	True
S1-606762428		False
S1-606424384		False
S1-19668294	S2-864182743,S2-666469869,S2-728062662,S2-151229817,S3-119223204,S3-722819009,S3-958311010	True
S1-395273949	S2-226880580,S2-321341836,S2-851723761,S3-526834007,S3-179233358	True
S1-518161642		False
S1-111826547	S2-338563080,S2-24881387,S3-61969970,S3-773380303	True
S1-801936865		False
S1-450774977	S2-705937648,S2-655463061,S3-546997994,S3-308771951	True
S1-455224207		False
S1-332455001	S2-18082065,S3-297430730,S3-490298612	True
S1-708971079	S2-226967841,S2-237333582,S3-903254002,S3-268830412	True
S1-679389562	S2-745410063,S3-904952764	True
S1-148378377	S2-668988304,S2-825290472,S2-318321298,S3-31427829,S3-69340700	True
S1-823055798	S3-183561254,S3-739675699,S3-436155576	True
S1-371173179	S2-608714,S3-615288714,S3-545464679	True
S1-262030071		False
S1-35982808	S3-530233985,S3-862158283,S3-93663706	True
S1-190816232		False
S1-139643111	S2-161119737,S3-423207236,S3-186093583,S3-694994778,S3-5646343	True
S1-212659922	S2-490837132,S3-19213833,S3-51946896	True
S1-599340669		False
S1-348927413		False
S1-275379037		False
S1-701914559	S2-232375873,S3-33456980	True
S1-738180837		False
S1-183041879		False
S1-48916729		False
S1-306966235		False
S1-884159760	S2-758957513,S3-427856688,S3-477335315	True
S1-709464956		False
S1-230725192		False
S1-630106373	S2-275963696,S2-885305690,S3-139576153,S3-832019555,S3-678227021	True
S1-91764788		False
S1-434338754	S2-109164152,S3-435969191,S3-229724312	True
S1-576820542	S2-886866089,S2-664745259,S2-372423409,S3-912643124,S3-854327200,S3-138119827,S3-756334996	True
S1-2820245	S3-15236215	True
S1-709077849		False
S1-285671752	S2-858220349,S2-935864366,S2-84172036,S3-948390150,S3-678718191,S3-86380001	True
S1-235301923		False
S1-819689145		False
S1-827619290	S2-750924250,S2-779675436,S3-270940682,S3-876549140	True
S1-517342878		False
S1-474736012	S2-591209994,S2-3964079	True
S1-190579594	S2-226408890,S2-130766255,S2-290737744,S3-210262418,S3-27102819	True
S1-659171517	S2-782746531,S2-708272311,S2-628540927,S2-634904668,S3-219485718,S3-744783332	True
S1-874521480	S2-895731919,S2-658706834,S3-365109126	True
S1-754490477		False
S1-399148980		False
S1-134418382	S2-31621343,S2-787721998,S3-540315158	True
S1-692957423		False
S1-347524417		False
S1-823045534	S2-312963831	True
S1-121997713		False
S1-3004114		False
S1-455196441		False
S1-417789406	S2-567895924,S2-72621507,S2-482120389,S3-867422966,S3-245280039	True
S1-121906381	S2-19647456,S2-830573912,S2-923672736,S3-206178092	True
S1-590617714		False
S1-133862068	S2-45215097,S2-870680984,S3-596631647	True
S1-988365900		False
S1-575892378	S3-83428634,S3-565591967,S3-308131002	True
S1-309546183	S2-530278425,S3-530118807,S3-730843765	True
S1-862267124	S2-573899402,S3-235019922,S3-850731565	True
S1-496169630		False
S1-342293482		False
S1-744163825	S2-353238554,S2-119437276,S3-799325555,S3-501061637,S3-989664708	True
S1-853033293		False
S1-839930916		False
S1-935854084	S2-470051510,S3-13710056,S3-948184165	True
S1-112329223		False
S1-657697654	S2-563065719,S2-523815973,S2-317941911,S3-14320593,S3-355404682	True
S1-99873002		False
S1-599922516		False
S1-979226251	S2-299278598,S2-722402750,S3-721099727,S3-223123489	True
S1-352854148		False
S1-352965026		False
S1-930028604	S2-214806783,S2-994497694,S2-495228820,S3-604742778,S3-625246343	True
S1-798427551		False
S1-904396242	S2-425103937,S2-109862963,S3-630448965,S3-300170437,S3-349814996,S3-364880289	True
S1-345504035		False
S1-300520768		False
S1-30719261		False
S1-995661860	S2-766466219,S3-766179593	True
S1-493190273	S2-569877447,S2-945101370,S3-788829582	True
S1-852960923	S2-24407054,S3-54526598,S3-589077844,S3-488747396	True
S1-980174975		False
S1-867209571		False
S1-161693029	S2-594036484,S2-388277748,S3-389452105,S3-975245466,S3-189210275	True
S1-839903806		False
S1-741389883	S2-851324337,S2-443371319,S3-348625865	True
S1-856274905		False
S1-539372694	S3-973246641,S3-13268783	True
S1-648287063	S2-736226926,S3-637342047	True
S1-414173038	S2-139108026	True
S1-323257421	S2-646279412,S2-436949001,S3-645760499,S3-231284387	True
S1-107729001		False
S1-735745369		False
S1-987057230	S2-227750851,S3-7637912,S3-197180498,S3-373513336	True
S1-953421288	S2-230499979,S2-989578875,S2-255944266,S3-728987916,S3-442788004,S3-528179060	True
S1-860877347	S2-124717921,S2-758650167,S3-533561684,S3-423457087	True
S1-44078125	S2-945209594,S2-128160483,S3-526634801,S3-256279366	True
S1-124977722		False
S1-633591514		False
S1-353315000		False
S1-585049737		False
S1-751600434		False
S1-361886868		False
S1-647632371	S2-445916872	True
S1-645848571		False
S1-931217341		False
S1-62740605	S2-418611623,S2-646510804,S3-288716516,S3-96144756,S3-741053670,S3-345544814	True
S1-305292838	S2-544321261,S2-950530669,S2-641102158,S3-15208652	True
S1-787294141	S2-925018447,S2-674715619,S2-468351030,S2-379695903,S3-803103183,S3-554036664	True
S1-14757455	S3-206313757,S3-951139168	True
S1-66481974	S2-215551440,S2-79831961,S2-46399375,S3-826718680	True
S1-871123674	S2-489189798,S2-8161257,S2-22079717,S3-821580435,S3-777080960	True
S1-481016005	S2-453249870,S2-519203258,S3-862919479,S3-417382922,S3-332781690,S3-991276844	True
S1-929744454		False
S1-986046062	S2-162545804,S3-762404445,S3-509275984,S3-779744504	True
S1-570343985	S3-806881005	True
S1-168442105	S2-38955883,S2-4330696,S3-771217953,S3-867658989,S3-3025969	True
S1-748753621		False
S1-487340198	S2-33243465,S2-299577834,S2-338440833,S3-74081542,S3-696396308	True
S1-296390223		False
S1-26166324		False
S1-771058892	S2-488348851,S3-97104078	True
S1-706911782	S2-994927252,S2-905997944,S2-248689730,S3-649076535,S3-637375397	True
S1-846946469		False
S1-954086130	S2-992203197,S3-946891,S3-295170159,S3-792074193	True
S1-394729809		False
S1-934867898	S2-901064941,S2-556380712,S2-284228797,S3-923955332,S3-653268849,S3-209630249,S3-667901065	True
S1-517299842		False
S1-368866963		False
S1-398887839	S2-133674094,S2-704782227,S2-328287566,S3-505671949,S3-844646099	True
S1-383802304		False
S1-805247171	S3-209747616,S3-545621373,S3-282514045	True
S1-163082786		False
S1-494242148		False
S1-673577715		False
S1-632539372		False
S1-50544440	S2-967802516,S2-728224237	True
S1-959351681		False
S1-857041445		False
S1-929678972		False
S1-795448852		False
S1-996756772	S2-936785408,S3-220480768,S3-889008721	True
S1-625671372	S2-570103909,S3-954939048,S3-577078614,S3-110861692	True
S1-373300889		False
S1-287508584		False
S1-752548922	S2-97358574,S2-801480763,S3-507741591,S3-744221165	True
S1-798442946		False
S1-962499092		False
S1-142479978	S3-95834876,S3-689442803	True
S1-208147462		False
S1-944197071		False
S1-517137078		False
S1-327516945		False
S1-215470327	S2-617611432,S3-968912909	True
S1-920333169	S3-641397127,S3-458876263,S3-376934155	True
S1-170881671		False
S1-595930932	S2-968520471,S3-903629868	True
S1-130968445	S2-212275545,S3-711692077	True
S1-659160760		False
S1-642114293		False
S1-796067550		False
S1-39042441	S2-581277512,S3-605944688	True
S1-278719743		False
S1-247123407		False
S1-949489030		False
S1-101880004		False
S1-689235260		False
S1-916176392	S2-573579649,S2-910398639,S3-293844607,S3-469163180	True
S1-739228291	S2-536406182,S3-271591960,S3-485124786,S3-563400100	True
S1-37181481		False
S1-872669055	S2-530143040,S2-962087707,S2-748515259,S2-123392780,S3-662722553,S3-913792467	True
S1-195017538		False
S1-296237933		False
S1-796595895	S2-426723886,S3-328880457,S3-328069100	True
S1-784422585	S2-887183170,S2-223143861,S2-671723203,S2-649519062,S3-195718862,S3-391901818,S3-984162808,S3-158474225	True
S1-302373683	S2-894026113,S2-656580735,S3-582101831,S3-85305911	True
S1-145206209	S2-789540547,S2-388983783,S3-346814485	True
S1-406428508	S2-146509042,S2-539766822,S3-167375206,S3-751968146,S3-30430395	True
S1-213926262		False
S1-546400200	S2-764577380,S2-836684320,S3-604317174,S3-61549038,S3-480860285	True
S1-823842548	S3-242577484,S3-718380649,S3-193580256,S3-476992139	True
S1-234741383	S2-764793587,S3-394660574,S3-520490242	True
S1-985765313	S2-489938397,S2-567445909,S2-570560460,S2-979651498,S3-938197198	True
S1-435358154	S2-488803148,S2-15248224,S2-912929923,S2-935481648,S2-795175301,S3-330778560	True
S1-329029622		False
S1-51340720	S2-45352178,S2-739150950,S3-16985532,S3-344709254,S3-135716428	True
S1-569035193	S3-146391138,S3-59416297,S3-371921131,S3-396683156	True
S1-42796290		False
S1-749814992		False
S1-468213021		False
S1-996820673	S3-494730098	True
S1-43272489		False
S1-619464452	S2-715235663,S2-384081606,S3-983308779,S3-478618942,S3-269799878	True
S1-371769311		False
S1-772294859	S2-350105864,S2-755115230,S2-320918597,S3-542361754,S3-229915635,S3-479668196	True
S1-951667676	S2-899065221,S3-27825400	True
S1-774154713		False
S1-133036255		False
S1-809493754		False
S1-376822458		False
S1-781260542		False
S1-256866669	S2-221044244,S2-642942767,S3-181214661	True
S1-335208791		False
S1-776897185	S2-599789431,S2-494850571,S3-535821586,S3-145642406,S3-813469234,S3-952103545,S3-527841841	True
S1-368965130	S2-993867360,S2-601725890,S3-234136819,S3-232959923,S3-722333033	True
S1-843142047		False
S1-103263806	S2-416280212,S3-871284926,S3-819316254	True
S1-592008039	S2-973560543,S2-177240145,S3-813809700	True
S1-558700477		False
S1-446502101		False
S1-652212884		False
S1-748295500		False
S1-452315909	S2-682179418,S2-792455646,S2-601120770,S2-21699972,S3-242656788,S3-65531103	True
S1-725236462		False
S1-436248209	S2-707559312,S3-275022276	True
S1-701941865	S2-127959811,S2-915458802,S3-343534173,S3-200077822	True
S1-946114765		False
S1-953376986	S2-639075550,S2-877452678,S3-229897062,S3-816309889	True
S1-560997894	S2-339104736,S2-623066636,S3-57439479,S3-623954889	True
S1-141700143		False
S1-808529279		False
S1-172873099		False
S1-210200304	S2-24558994,S2-953946876	True
S1-668589220	S2-225866286,S2-318646158,S2-15794915,S3-444607572,S3-619757265,S3-826944667	True
S1-781377227		False
S1-577770174		False
S1-356456115	S2-366382140,S2-917840611,S3-402706257,S3-25018841,S3-121517121,S3-518506159,S3-57448398	True
S1-859108767		False
S1-605728722		False
S1-182106053		False
S1-317352239		False
S1-614694079		False
S1-67093376		False
S1-194216200		False
S1-550101993		False
S1-944156545		False
S1-394133121		False
S1-878670406	S2-941622365,S2-597838541,S3-218464497	True
S1-129772520		False
S1-725952215	S2-64865147,S2-897582791,S2-768975654,S2-955204458,S3-899182407,S3-534116574	True
S1-898993725		False
S1-469849318	S3-489269932,S3-239080700	True
S1-129989985		False
S1-785901550		False
S1-662302279		False
S1-187984371		False
S1-581776682	S2-13185832,S2-961913012,S2-583833709,S2-513620072,S3-162208181,S3-629600952,S3-693331893,S3-232328281	True
S1-598604749		False
S1-290483772		False
S1-52152282	S2-715789974,S2-207825496,S3-865969043,S3-91640397,S3-500889060,S3-167069608,S3-611853591	True
S1-177615278	S2-696131246,S2-950317058,S2-55614680	True
S1-119797147	S2-721490723,S2-788710068,S3-664276105,S3-595056831	True
S1-381203913	S2-887121127,S3-783557701,S3-462373618,S3-245997817,S3-488776463,S3-445252768	True
S1-420262830		False
S1-471816130	S2-837118938,S2-228784453,S3-896220795,S3-459228228,S3-824765599	True
S1-508213063		False
S1-189921517		False
S1-790189486	S2-481146217,S2-336434687,S2-611641937,S3-332072417,S3-336731484	True
S1-640691656	S2-831353256,S2-666406621,S3-325544032,S3-283000400	True
S1-7440180		False
S1-420153673	S2-123702491,S3-835913894,S3-808195598	True
S1-423696477		False
S1-768566081		False
S1-645596986		False
S1-322254433	S2-417438478,S3-642963146	True
S1-939841545		False
S1-501808210		False
S1-197015453		False
S1-683572131		False
S1-973648780		False
S1-773237435		False
S1-404453651	S2-578788150,S2-280090942,S3-60634308	True
S1-395186401	S2-990909749,S2-749956428,S3-881865924	True
S1-811309989		False
S1-662828659	S2-719056780,S3-880312862,S3-26383319	True
S1-757915120		False
S1-36545623		False
S1-769837069	S2-467355436,S2-495138200,S3-758195205,S3-448361950,S3-478715400	True
S1-603871214	S2-723947155,S2-145177957,S3-637409449	True
S1-76421997	S2-780878627,S2-42989629,S3-334803818,S3-283020094	True
S1-316650266		False
S1-75382578		False
S1-26967231	S3-900142032	True
S1-168380219	S2-318120357,S2-221314762,S3-950266334,S3-871474462,S3-127121146,S3-15518059	True
S1-223846976		False
S1-244205727	S2-924300120,S3-149293959	True
S1-471634015		False
S1-535009067	S2-374379793,S2-630435787,S3-795836125	True
S1-68261547	S2-460552966,S2-746561404,S2-523056538,S3-264278571	True
S1-555419354	S2-811189276,S2-415568751,S3-704356623,S3-211273709,S3-212106790,S3-990669161	True
S1-787795873		False
S1-423050755		False
S1-166044520	S2-135298266,S3-687103394,S3-314966868,S3-347542319	True
S1-819500188		False
S1-21675737	S2-490657755,S2-439213091,S3-283758417,S3-616652288,S3-100992758,S3-2333923	True
S1-63490613	S2-144895464	True
S1-22135821		False
S1-720090086	S2-46658997,S2-782857802,S2-706819535,S3-174491495	True
S1-292990268		False
S1-655662483	S2-375196667,S2-168270596,S3-293488644,S3-626493291,S3-300267090,S3-913866966	True
S1-652695328	S2-716874945,S2-486923027,S3-481424389,S3-934728504	True
S1-343503353		False
S1-163026073	S2-724305244,S2-860062667,S2-689350490,S3-346903653	True
S1-869507695	S2-85158830,S2-226529241,S2-820515335,S3-229856910	True
S1-633013374	S2-267614034,S2-302427669,S2-984524636,S3-517397740,S3-476448297	True
S1-574926839		False
S1-543368512	S2-721047345,S2-874951743,S3-92381223	True
S1-6035551		False
S1-38005367	S2-771642242,S3-141100597	True
S1-562240330	S2-315365377,S2-403728299,S2-102731716,S2-903211637,S3-130474036,S3-738852738	True
S1-448229442		False
S1-864722183		False
S1-377440014	S2-452507762,S3-66998492,S3-641919583	True
S1-44366464	S2-319949898,S3-265281016	True
S1-594803039		False
S1-321268985	S2-372536698,S3-214839542,S3-832567652	True
S1-135831521	S2-714993024,S3-832957307	True
S1-744314236		False
S1-160244367		False
S1-400926400		False
S1-96681602	S2-798634062,S3-177246473	True
S1-472713549	S2-402636707,S2-205619588,S2-812638950,S3-32385292,S3-655618266,S3-801986102	True
S1-963424619		False
S1-37129015	S2-804140779,S3-694771178,S3-429696950	True
S1-90298607		False
S1-990986419	S2-766085381	True
S1-302376168	S2-285210248,S2-807133669	True
S1-830533472	S2-566441867,S3-382721302,S3-113853782,S3-535702739	True
S1-714887439		False
S1-424577260	S2-563586778,S2-856018831,S2-388148437,S3-997600575,S3-455459682,S3-134903543,S3-520257332	True
S1-374340011		False
S1-515011205	S2-430713878,S3-276907717	True
S1-518580497		False
S1-795927862		False
S1-337357352		False
S1-599001504		False
S1-270514393		False
S1-413510339		False
S1-957713882	S2-787846250,S3-865392249,S3-117410318	True
S1-920646018		False
S1-763071154	S2-614913534,S2-485900610,S2-750037360	True
S1-924235962		False
S1-774253443	S2-726114644,S2-165037641,S3-910558007,S3-78032377,S3-130751944	True
S1-868674299		False
S1-340275375		False
S1-506330373		False
S1-935923193		False
S1-827614778		False
S1-423739826		False
S1-172707069	S2-22840423,S3-317934277,S3-968345784,S3-470200041,S3-241645295	True
S1-306196872		False
S1-510060094	S2-952261381,S2-303471482,S2-642256474,S3-935338855	True
S1-852135109		False
S1-826033266		False
S1-398845660	S2-772363419,S2-39296269,S3-151454099,S3-150856053,S3-860359305,S3-724468508,S3-619461655	True
S1-913530766	S2-727284017,S2-87598830,S2-687859641,S3-765626818,S3-873116641	True
S1-506501745	S2-858211306,S2-52216916,S2-112458346,S3-744309055,S3-833220816	True
S1-606246398		False
S1-576170459	S2-792581328,S2-822062747,S3-873491940,S3-136419415,S3-371807241,S3-159777926	True
S1-753589526	S2-154888429,S3-830451294	True
S1-40626110	S2-596115481,S3-706396189,S3-538896645,S3-886206386	True
S1-74686397		False
S1-351384018		False
S1-7008431		False
S1-244530962	S2-954024153,S2-902670102,S2-68665830,S3-193276785,S3-730236829	True
S1-881848832		False
S1-783152913		False
S1-288739642	S2-342665500,S3-928983505,S3-714355358,S3-922371004,S3-180800693	True
S1-671529187	S2-926750409,S2-270495451,S2-628930135,S3-227778136,S3-205888057,S3-569384614	True
S1-212976232		False
S1-148988259		False
S1-537016360		False
S1-617113451	S2-924948062,S2-905122718,S2-764533577,S3-330553811	True
S1-524050258		False
S1-760933604	S2-847153247,S3-323750156,S3-820617534,S3-722998247	True
S1-546784724		False
S1-690951539	S2-70321175,S3-570682442,S3-71409867	True
S1-696223599	S2-202733554,S2-237909285,S2-784130800,S3-136632389,S3-892562114,S3-747879622	True
S1-678068998	S2-538407095,S2-99402693,S2-227270118,S2-996338575,S3-563955457	True
S1-569138862	S2-543066567,S2-391313834,S3-410580045,S3-920694589,S3-547265636	True
S1-335111939		False
S1-293324962		False
S1-392272188	S2-152841093,S3-118209171,S3-34228074,S3-206259296,S3-48328220	True
S1-505094566	S2-819717270,S3-848656975,S3-6099283,S3-995432085	True
S1-967731444		False
S1-805378608		False
S1-333681394		False
S1-458439631		False
S1-521122432		False
S1-213746980		False
S1-418525742	S2-600137313,S2-711626315,S2-247081783,S2-680965998,S3-21938228	True
S1-469239458	S2-92182392	True
S1-416184466		False
S1-986941805		False
S1-964161391		False
S1-369373047	S2-330825029,S2-444770361,S3-164632931,S3-713004976,S3-462836357	True
S1-415949796		False
S1-625693136	S2-45782638,S2-97848321,S2-760997188,S3-962451980	True
S1-282128712		False
S1-961095436		False
S1-693550185	S2-458926466,S3-398052955,S3-101644500	True
S1-987568323	S2-629196936,S3-55225629	True
S1-927836491	S2-867082432,S2-52889461,S3-417976384	True
S1-222938944	S2-469948653,S2-489357062,S3-737781090,S3-680136741	True
S1-134852210		False
S1-371332069		False
S1-273494161		False
S1-370847537	S2-694843751,S2-32240573	True
S1-309516519		False
S1-351591969		False
S1-754592684		False
S1-30718895	S2-837656623,S2-130841264,S2-591346656,S3-31436440,S3-191563493	True
S1-193340207		False
S1-660072700	S3-791398519,S3-337490999	True
S1-859325026	S2-279237514,S2-11180320,S2-349159725,S2-897176555,S3-709687965	True
S1-917767430	S2-288672825,S2-470167924	True
S1-29151744		False
S1-687619653		False
S1-902087460	S2-175933162,S3-538997633,S3-682759562	True
S1-821450825	S2-437711829,S2-757388025,S3-109914072,S3-253425422,S3-342085803	True
S1-783531653		False
S1-27589962		False
S1-355493805	S2-260018712,S2-367376345,S2-783243424,S2-283803303,S3-30369886,S3-742158955	True
S1-760102179		False
S1-382280459	S2-936407384,S2-275721248,S3-762792446,S3-625997765	True
S1-656785577		False
S1-650794704	S2-420747881,S2-206610047,S3-612572284,S3-851813027	True
S1-549656519	S2-401694087,S2-482910630,S2-347740848,S2-571774905,S3-487303630	True
S1-892866587		False
S1-657993551	S3-304145603,S3-149062422,S3-993201164,S3-459994017	True
S1-685871872		False
S1-516151263	S2-111579974,S2-131023736,S3-63511941	True
S1-581888719		False
S1-928006282	S2-619783926,S3-43153623,S3-403315355	True
S1-431568268	S2-981822516,S3-686807556,S3-954157286	True
S1-734251107	S2-29870167,S2-486477570,S2-860707827,S2-978953470,S3-789798365	True
S1-64602818	S2-504644642,S3-31167534,S3-91642970,S3-798923957	True
S1-430543298	S2-998833377,S2-965427074,S3-823858952,S3-230078090	True
S1-714307985		False
S1-525362767	S2-92816574,S2-329797263,S3-795481469,S3-430212483,S3-982992277	True
S1-849050483		False
S1-587410817	S2-282020921,S3-798768066,S3-168888172,S3-964627773	True
S1-610645416		False
S1-151967099		False
S1-153072431	S2-725069316,S2-766031384,S3-376692705	True
S1-447647366	S2-260453278,S2-630970868	True
S1-988861464		False
S1-319355986		False
S1-69033553	S2-733075634,S2-613202450,S2-344861175,S2-773235399,S3-51900835,S3-750634083	True
S1-819180445	S2-414347627,S2-150577004,S3-647852442	True
S1-528124529		False
S1-102111407		False
S1-276663108	S2-906775282,S2-509854354,S3-290684171	True
S1-408362352		False
S1-637314045		False
S1-653820694	S2-639253011,S2-145249849,S3-410913161,S3-97315184,S3-367619204	True
S1-602403832		False
S1-793078503	S2-544460883,S2-489938993,S3-136147889	True
S1-453862159		False
S1-104406671	S2-467706093,S3-499815662,S3-442527222,S3-847380738	True
S1-516487272	S2-975266339	True
S1-584028828	S2-704319230,S2-28438580,S3-316634210,S3-621027657	True
S1-151476851	S2-671663786,S2-605359577,S2-539179423,S3-19206313,S3-747822817	True
S1-146191047	S2-378070221,S3-828065020	True
S1-787631518		False
S1-755886041	S2-474128180,S2-533426890,S3-914891397,S3-808457775,S3-986232408	True
S1-433769941		False
S1-322254584		False
S1-917460417	S2-120941902,S2-918926823,S3-387979745,S3-828629656	True
S1-139574329		False
S1-679411688		False
S1-558537706	S2-634250302,S2-782573714,S2-674901397,S3-713448448	True
S1-164342876		False
S1-200511099	S2-989120141,S3-497515876	True
S1-712310439		False
S1-78170000		False
S1-353341224		False
S1-203813793	S2-296784790,S3-72987704,S3-659459802,S3-193829840	True
S1-128877422		False
S1-427431786		False
S1-852727223		False
S1-519497224		False
S1-595971878	S2-484901067,S2-850903364,S3-603970415	True
S1-352151554		False
S1-309736205	S2-423951849,S2-901112977,S3-316276137,S3-53778756,S3-507157021	True
S1-647205062	S2-323918133,S2-106594407,S3-502897574,S3-981800713	True
S1-472565463	S2-997899082,S2-413492559,S3-935927928,S3-120771571,S3-96263391,S3-503610046	True
S1-748833815		False
S1-922301800	S2-549544832,S2-305067279,S2-155664303,S3-514900284,S3-875860146,S3-180824662	True
S1-474569450		False
S1-547636247	S2-854649360,S3-949814062	True
S1-364538614	S2-379711834,S2-178865831,S3-975434956,S3-446178677	True
S1-947716135	S2-61212717,S2-353927934,S3-678193739	True
S1-669731904		False
S1-313080709		False
S1-734347316		False
S1-810106696		False
S1-530085559		False
S1-713967550	S2-516306372,S3-361607493	True
S1-19751974		False
S1-114139123	S2-235795952,S3-331055905	True
S1-705913880		False
S1-922941867	S2-543095697,S3-860704992,S3-903067743,S3-517242022	True
S1-586169034		False
S1-144617263	S3-621432092,S3-12469703,S3-38541812	True
S1-272633324		False
S1-335681986	S2-558297203,S2-965793458,S3-893009976,S3-760054520,S3-347284150	True
S1-39105276	S3-139407821,S3-657620011,S3-591667480	True
S1-135048497		False
S1-897674699		False
S1-335824496	S2-869141985	True
S1-698016272		False
S1-248243159		False
S1-393937220		False
S1-403236800		False
S1-899854376		False
S1-879415459		False
S1-259599546		False
S1-274656433		False
S1-293004231		False
S1-832137430		False
S1-857689215		False
S1-42496589	S2-513125374,S2-595031716,S3-855293634	True
S1-109136148		False
S1-37268644		False
S1-380958590	S2-841508889,S3-204182886,S3-885552719,S3-421623363	True
S1-175431516		False
S1-957715834		False
S1-891854471	S2-432352153	True
S1-470531248	S2-306193696	True
S1-86161635		False
S1-323131694	S2-352985390,S3-370844655	True
S1-742582959		False
S1-863394463		False
S1-400968833		False
S1-341535934	S2-757879224,S3-465884856,S3-918469936,S3-508558757,S3-120967244	True
S1-975882948	S2-316989393,S2-687897054,S2-700853736,S3-962250393,S3-577942942	True
S1-477273906	S2-151655622,S2-730707146,S3-181278510	True
S1-880584190		False
S1-716661383	S2-120249634,S3-747801457,S3-432248241,S3-429380095	True
S1-918422022	S2-292691295,S2-64708033,S2-712288601,S3-578586488,S3-88391560	True
S1-250347318	S2-339670626,S2-386362281,S3-726242604,S3-6089219,S3-861081546	True
S1-559835980		False
S1-776544185		False
S1-224225268		False
S1-325071238	S2-198401668,S2-458982917,S2-63670552,S3-411194493,S3-532011135,S3-249860350,S3-32537500	True
S1-8508567		False
S1-380895199		False
S1-425360757	S2-500020975,S2-779119872,S3-708347252,S3-870573375	True
S1-482427032		False
S1-22722349	S2-639658155,S2-498657510,S2-199987224,S3-937364241,S3-483955091	True
S1-503630501	S2-933703957,S2-417423198,S2-684790843,S2-567251514,S2-320858068,S3-150400547,S3-417397713	True
S1-7604717		False
S1-478682122		False
S1-399950595		False
S1-578470147	S2-784427545,S2-848010384,S2-362385810,S2-231851355,S3-174377367,S3-403955505	True
S1-934244943	S2-952613750,S2-857311601,S2-460219153,S2-660217235,S2-13032221,S3-700043203,S3-943800058	True
S1-203263680	S2-902908025,S3-533146595,S3-126017305	True
S1-604180470		False
S1-187546928		False
S1-483503985		False
S1-412763246		False
S1-307386025		False
S1-331276595		False
S1-463230142		False
S1-790224971		False
S1-134154365	S2-97486171	True
S1-980375856	S2-994262282,S2-586872155,S3-912429661	True
S1-237940628	S2-698615542,S2-511657738,S2-274727892,S3-888730641	True
S1-897559126		False
S1-245802110	S3-555372608,S3-413888630	True
S1-108496560		False
S1-612940831		False
S1-309492491	S2-664942647,S3-745189652,S3-624551477	True
S1-111734963		False
S1-151616396		False
S1-459201088	S2-393709023,S3-918555492	True
S1-364298753	S2-809217888,S2-465593798,S3-318857837,S3-903754589	True
S1-272973833	S2-239094631,S2-794660602,S2-352363502,S3-787637955,S3-244495440,S3-219940694,S3-990642222	True
S1-609638871	S2-820122355,S2-302673556,S3-569672966,S3-645588876	True
S1-26000924		False
S1-124006787	S2-292243861,S2-958381811,S3-467611557,S3-253963465,S3-410320209	True
S1-398566101	S2-14143789,S3-467304530,S3-196092701,S3-218453022	True
S1-904647471	S2-490424888,S2-966380661,S2-940174436,S3-296524156	True
S1-818786667		False
S1-844734849	S2-727475520,S3-492920526,S3-178024908,S3-43860527	True
S1-747728674	S2-710545215,S2-929041917,S3-6059895,S3-681441924,S3-453463132	True
S1-246896560		False
S1-249530766		False
S1-809783825	S2-893388353,S2-429540078,S3-336601467,S3-251229763,S3-570658039	True
S1-329370566		False
S1-710168617	S2-380314653,S3-186507238	True
S1-679253418	S2-11381381,S2-864475632,S3-273319014	True
S1-869423547		False
S1-762867604		False
S1-493880830		False
S1-202767616	S2-635386766,S3-746840040	True
S1-635493067	S2-853339422,S2-595318340,S2-119970543,S3-152627671,S3-935381956	True
S1-378958530	S2-343722895,S3-795202713,S3-114113399	True
S1-279197415	S2-358282192,S2-381177365,S3-850740265,S3-572132111,S3-759155020,S3-584148725,S3-721584959,S3-921923505	True
S1-470784830	S2-430245630,S3-361109953,S3-714940203	True
S1-594817109		False
S1-430775614	S2-859350010,S3-905599966	True
S1-596208423	S2-974859045,S3-878011801,S3-555710245	True
S1-666515171	S2-790069449,S3-661347292,S3-490429019	True
S1-871984341	S2-141316194,S3-860202695,S3-19874418	True
S1-264713992	S2-497502750,S2-288351831,S2-259898418,S3-476855685	True
S1-351107226	S2-304240555,S2-178745669,S2-284369053,S3-281042161,S3-475774646	True
S1-363355888	S2-232964779,S3-65419788,S3-413743379,S3-354229453	True
S1-5751162	S2-495624126,S2-433654709,S2-502738925,S3-194719784	True
S1-655855698	S2-844937059,S3-602753483	True
S1-550208372	S2-739829775,S2-665827573,S3-453567830,S3-457658632,S3-649527805	True
S1-257819915	S2-876973065,S2-300763290,S3-696225019,S3-695304406	True
S1-875490225		False
S1-507435182	S2-102674158,S2-50651120,S2-697368868,S3-220300294,S3-323484557	True
S1-604974384	S2-951307276,S3-476368840,S3-622546399,S3-882383544	True
S1-930990712	S2-309676998,S3-838959196,S3-384099614	True
S1-285786761		False
S1-459367994		False
S1-359835541	S2-794210117,S3-745410770,S3-35105935	True
S1-18082408		False
S1-833721879	S2-869343148,S2-331684830	True
S1-579491175	S2-836180175,S3-631896432,S3-753788674	True
S1-567309603	S2-537729790,S3-727680116,S3-402656597	True
S1-78013458	S2-976917710,S3-830090516,S3-786947019	True
S1-78033402	S2-123704411	True
S1-99312876	S2-311411309,S3-293820194,S3-99972209,S3-182483889	True
S1-861046185		False
S1-298756156	S2-615077245,S2-484143774,S2-125854176,S3-370388727,S3-613832507	True
S1-975553867		False
S1-496517615		False
S1-65780653	S2-46489308,S2-445554034	True
S1-431235500	S2-307376574,S2-730242141,S2-625308131,S3-79661432,S3-632157193	True
S1-70278090		False
S1-757983213		False
S1-773587444		False
S1-442899823		False
S1-179054668		False
S1-121910620	S2-342303513,S3-791631410	True
S1-857478614	S2-896217550,S3-679289143	True
S1-824329613		False
S1-290642036	S2-5613724,S3-703512811,S3-315150680	True
S1-974645939		False
S1-929115463	S2-183893519,S2-980391608,S3-688752416,S3-788876755,S3-370915617	True
S1-746014999		False
S1-580797671	S2-174128824,S3-787418787,S3-28990470,S3-783397809,S3-102004971,S3-849603585	True
S1-362762476	S2-538375412,S3-903412875	True
S1-866566484		False
S1-85521481	S2-278475083,S2-957603008,S3-792737732,S3-53568662	True
S1-699099867	S2-125060783,S2-433484050,S3-729317914	True
S1-132973086	S2-872479421,S3-361214731	True
S1-172130890	S2-475189975,S2-169476682,S2-847865150,S3-448498881,S3-210125591	True
S1-433770204	S2-47305463,S2-438803177,S2-233084416,S2-923375786,S3-300034194	True
S1-299185154	S2-873309503,S3-738391774,S3-99202976,S3-69828562	True
S1-879094257	S2-637964752	True
S1-983327763	S2-675240769,S2-870823657,S3-138691898	True
S1-828989933	S2-856848243,S2-113248648,S3-109231802	True
S1-564419530		False
S1-122418626		False
S1-394835240		False
S1-272752433		False
S1-676427495		False
S1-573920634	S2-531736619,S3-693685702,S3-919536664	True
S1-411842388	S2-998698986,S2-40968598,S2-479577609,S2-541930450,S3-616231193	True
S1-319724298	S2-130354661,S2-85936458,S2-896580929,S3-538189128	True
S1-680056138	S2-19793613,S3-50586174	True
S1-599664125		False
S1-254568921	S2-621266196,S2-660475902,S2-959975426,S3-773527668,S3-249374116,S3-884474916	True
S1-200575510	S2-458133333,S2-429756208,S2-963589657,S3-487816782,S3-808682578	True
S1-628340068	S2-647376811,S2-809933899,S3-208050371,S3-530316870	True
S1-718252262		False
S1-824143399		False
S1-79047029	S2-554199731,S3-667037797	True
S1-981280959		False
S1-144215127		False
S1-189397965	S2-671759550,S2-552731496,S3-561768382	True
S1-882041165		False
S1-730612334		False
S1-818279237	S2-88719127,S2-66632814,S2-880083560,S3-677529991,S3-788096261	True
S1-735819787	S2-630982832,S3-403697808,S3-131538717	True
S1-291549635	S2-851730635,S2-171945605,S3-824040456	True
S1-460409244	S2-520624736,S2-974003012,S3-911474911	True
S1-698462614	S2-989061343,S2-436193332,S2-220876807,S3-155174963	True
S1-406048097		False
S1-982760223		False
S1-403048426	S2-647993031,S2-36273397,S2-923338306	True
S1-756394960	S2-224230526,S2-812203051,S3-63141528,S3-749814988,S3-36711500	True
S1-595243790		False
S1-60979738		False
S1-388588327		False
S1-1164711	S2-901250499,S3-573671953,S3-652025680,S3-343807531,S3-415309042	True
S1-505041537	S3-306472896,S3-725087261,S3-442074884	True
S1-894539111	S2-111676624,S3-991177223,S3-536724572,S3-728808373	True
S1-634969450		False
S1-659027879		False
S1-483019542		False
S1-567645282		False
S1-35482474	S2-608657403,S3-694775844,S3-390273831	True
S1-152869694	S2-778958504,S3-622920407	True
S1-939726705	S2-22083919,S3-625641482,S3-22545193,S3-5852848	True
S1-353923513		False
S1-31435868	S2-315747197,S3-245842032,S3-919417392	True
S1-881214493		False
S1-341926789	S2-842858610,S2-166370266,S3-243783206	True
S1-21630012		False
S1-260943340		False
S1-130360898	S2-15782220,S3-10146523,S3-638887327	True
S1-38925140	S2-746815699,S3-324855826,S3-879808356,S3-344401103	True
S1-511919636	S2-556705093,S3-577291053	True
S1-627994395	S2-580752373,S3-321291199	True
S1-695880073	S2-727143080,S3-470380830,S3-399089240	True
S1-880760646	S2-581945086,S2-350379521,S3-52095176,S3-755292822	True
S1-926806355		False
S1-345884725	S2-183895520,S2-388124877	True
S1-58854462		False
S1-513319808		False
S1-358280474		False
S1-734547013	S2-587635355,S2-864157315,S3-781979267,S3-431558344,S3-561178183,S3-622559641	True
S1-631609098	S2-756590804,S2-588924333,S3-429348585	True
S1-958239106		False
S1-142138873	S2-106628361,S3-176489125,S3-893453244	True
S1-90503284	S3-167374334,S3-670739126	True
S1-794041090		False
S1-197901707	S2-658585097,S2-96561151,S2-91055941,S2-688478002,S2-672712227,S3-602989291	True
S1-451927357		False
S1-259009098	S2-594900617,S2-995301146,S3-499488770,S3-877445179	True
S1-717733257		False
S1-923561347		False
S1-165918725		False
S1-845368678		False
S1-751833173		False
S1-540067788		False
S1-318217597	S2-163763499,S3-412358536,S3-184575963	True
S1-741027010	S2-855283587,S2-174678849,S3-420536626,S3-289926801,S3-822725585,S3-464122906	True
S1-726690326		False
S1-474470934		False
S1-191958092	S3-32823757	True
S1-334841019	S2-221337433,S2-345031795,S2-654056724,S3-23007802,S3-778471672	True
S1-223275093		False
S1-254644287	S2-895403107,S2-859660349,S3-266705251	True
S1-293692477		False
S1-587461484	S2-675192413,S2-474482371,S3-618949264,S3-125444048	True
S1-213674040		False
S1-834114220		False
S1-508532644	S2-891448489,S2-194440552,S3-937236735,S3-921550783,S3-420684708,S3-625692887	True
S1-825769466		False
S1-468853212	S3-231832428	True
S1-218114193	S3-817135648	True
S1-491178875	S2-708245584	True
S1-862358434		False
S1-450419161	S2-585794013,S2-942277024,S2-171868966,S2-592815855,S3-431158894	True
S1-803556911	S2-506526043,S2-688378472,S2-244044872,S2-436610275,S3-614621073,S3-75178906,S3-837769304,S3-481534526	True
S1-333085970	S3-628298188,S3-98289860	True
S1-413306153		False
S1-348537491		False
S1-718436669		False
S1-24093460	S2-759567865,S2-187040468,S2-947115634,S2-696026568,S3-407056291	True
S1-57380626	S2-523706491,S2-233126325,S3-565387153	True
S1-509453773		False
S1-217890497	S2-813844798,S2-129682431,S3-924684086,S3-610428334,S3-294980505,S3-123072781	True
S1-750276049		False
S1-181016321		False
S1-835269033	S2-33342897,S2-778282244,S2-771102412,S3-562076265,S3-781890038	True
S1-132675318		False
S1-584729323	S2-782794239,S2-463726087	True
S1-535738640		False
S1-529401878		False
S1-392429249	S2-664949137,S3-43629753,S3-928027811	True
S1-125694083	S2-771245692,S2-277351743,S3-912079830	True
S1-800662436		False
S1-731275317		False
S1-8795994	S3-349002795	True
S1-87574303		False
S1-394827270	S2-380037029,S3-399339167	True
S1-888624189	S2-40170685,S2-92271745,S3-30589633,S3-137663304	True
S1-830632413		False
S1-454434075	S2-352819673,S2-470615791,S3-532827923,S3-198000314,S3-195128282	True
S1-234711443	S2-114987023,S3-450905806	True
S1-97662283	S2-45883950,S2-995158196,S3-480785209,S3-304976227	True
S1-558523579	S2-693716910,S3-560313483,S3-444036610	True
S1-781278775		False
S1-101199775	S2-422252240,S2-438301595,S3-609576516,S3-105360083,S3-535929166	True
S1-308588732	S2-661459364,S2-956357479,S3-13253309	True
S1-802105118	S2-103300902,S2-379701339,S2-796522367,S3-550211356,S3-866504733,S3-97425528	True
S1-400929936		False
S1-895189032		False
S1-689635551	S2-655462631,S2-658331709,S3-134703210	True
S1-943423360	S2-775018965,S3-145046707,S3-233861658,S3-630349154	True
S1-693363376	S2-393917180,S2-565807851,S3-979581775,S3-819657777,S3-470098285,S3-342439165	True
S1-402593353	S2-33789971,S2-384018161,S3-904818287,S3-745063487,S3-207896912,S3-76004736	True
S1-721875014	S2-496444421,S3-195049847	True
S1-390191245		False
S1-913263139		False
S1-725313123		False
S1-128074645	S2-500643303,S2-606920781,S3-553059667,S3-672676633	True
S1-444539826		False
S1-350323165	S2-151589523,S2-758147244,S3-181105875	True
S1-875953797		False
S1-20476808		False
S1-715693061	S2-19924660,S3-230930031,S3-389090358	True
S1-798614686		False
S1-188909881		False
S1-900069856	S2-264496971,S2-291919599	True
S1-709310914		False
S1-251054503		False
S1-332406754		False
S1-542736262		False
S1-762450437		False
S1-349168692		False
S1-132697050	S3-812748327,S3-587494120,S3-913358595	True
S1-612246922	S2-103722623,S2-691188067,S2-186066437,S3-107460970	True
S1-79917354	S2-624566299,S2-994526550,S2-37735530,S3-798423540,S3-729464471	True
S1-932222611	S2-474280626,S2-122995302	True
S1-628457906		False
S1-886854562	S2-219803497,S3-252744571,S3-127580649	True
S1-745981045	S2-777486519,S2-789316256,S3-74720922	True
S1-110380641		False
S1-123619217	S2-828607972,S3-750260466	True
S1-396517532		False
S1-35408334	S2-388619915,S2-421840018,S2-398966612,S3-366062760,S3-142485226	True
S1-865884892		False
S1-50955043	S2-458401690,S2-78104918,S3-301023023	True
S1-339116027	S2-584755315,S2-79805466,S3-506744690,S3-611653463,S3-159139681	True
S1-459887585		False
S1-221152503	S2-187558992,S3-739044310	True
S1-574564912		False
S1-46033877		False
S1-742204118	S2-571119020,S3-937735542	True
S1-410826011		False
S1-214365895		False
S1-487273543		False
S1-896803047		False
S1-683389574	S2-539495091,S2-968868168,S2-214386520,S3-203017832,S3-404020583,S3-316732025	True
S1-319779237		False
S1-527914480	S2-646157841,S2-721500026	True
S1-191481691	S2-884666878,S2-191080547	True
S1-930194517		False
S1-364170774		False
S1-963467179	S2-148482393,S2-745684577,S3-247969375	True
S1-796713718	S2-943453403,S2-967756549,S3-764288027,S3-216966482	True
S1-232263750	S2-513337334,S3-946346503,S3-357068892	True
S1-651919744	S2-588216690,S2-62241207,S2-408378777,S3-399679672	True
S1-836764916		False
S1-897127660		False
S1-206507864	S2-706583040,S2-778432589,S3-553217211	True
S1-476392574		False
S1-255836676		False
S1-96905340		False
S1-155844135	S3-579923731,S3-844296156	True
S1-260417950	S2-690801153,S2-864264676,S3-463023152	True
S1-33321229		False
S1-657645622	S2-301739949,S2-182212023,S2-616316557,S3-782762814,S3-243099848	True
S1-759673867		False
S1-750603307	S3-109173640	True
S1-874508628	S3-843791173	True
S1-24347815	S2-199711021,S2-553830330,S3-211468860,S3-349323524	True
S1-36185933		False
S1-618211508		False
S1-524873838	S2-608628440,S2-244902069,S2-215058284,S3-952534987,S3-725678097	True
S1-85467358		False
S1-517383722	S2-641170763,S3-390819373,S3-650975062,S3-783665244	True
S1-160722256		False
S1-108736393		False
S1-818156794		False
S1-909901702		False
S1-313175286		False
S1-871159410	S2-139239938,S2-817078571	True
S1-454327510	S2-303104163,S3-728184542	True
S1-284891442		False
S1-495101437		False
S1-424748679	S2-476986661,S3-572773281	True
S1-130321218	S2-872418249,S2-337952774,S3-782361316,S3-586381470,S3-904668420	True
S1-768105304		False
S1-337813768	S2-551797568,S2-428794411,S2-89619700,S3-78843662,S3-720026318	True
S1-465955522	S3-821226872	True
S1-475640844	S2-543861591,S2-306986211,S2-93184495,S3-882279746,S3-519049895	True
S1-832125632	S2-793770184,S2-58819164,S2-323999346,S3-134121457,S3-106544713,S3-238748336	True
S1-555956019	S2-890660846,S3-390772713,S3-283853229	True
S1-18663407	S2-418918984,S3-449048518,S3-986074079,S3-673674206	True
S1-865824209		False
S1-943071914		False
S1-561534148		False
S1-643848839		False
S1-697550045	S2-824526307,S2-652470574,S3-785248647,S3-230206487,S3-786351300,S3-553828111	True
S1-816183675		False
S1-740064419		False
S1-846088773		False
S1-128377324		False
S1-102544199	S2-214229537,S3-779143782,S3-873852977	True
S1-989882629	S2-768763956,S2-635086307,S2-913106075,S3-911211495,S3-276698743	True
S1-917568094		False
S1-90887752	S2-15007925,S2-525464616,S3-854456899	True
S1-800738562		False
S1-237972416		False
S1-478603096	S3-668632091	True
S1-700633240		False
S1-843235898	S2-814959700,S3-873788613,S3-860927993	True
S1-36924315		False
S1-829497624	S2-796042138,S2-543352343,S3-234282733,S3-351676612	True
S1-469769086		False
S1-851970303		False
S1-311609264		False
S1-51713210	S2-369862678,S3-494310575	True
S1-119891388	S2-630549857,S3-512596161,S3-750636398,S3-162240069,S3-536963533	True
S1-120895687		False
S1-198902082	S2-578022467,S2-344901117,S3-306788005,S3-121443462	True
S1-123243474		False
S1-806035041		False
S1-98397215	S3-318306757	True
S1-251293902		False
S1-242401730	S2-864588893,S2-54333449,S2-648425916	True
S1-880899714	S2-224503506,S2-692451601,S2-457673549,S2-334398638,S3-526878369,S3-617018114,S3-375287497	True
S1-279031347		False
S1-907732573		False
S1-709482583	S2-985809139,S2-401113908,S3-343912167,S3-916462658	True
S1-760690192	S3-212082895,S3-509708609,S3-184454358	True
S1-158170543	S2-281028863,S2-387740768,S2-703246351,S3-495349620,S3-586546314	True
S1-281900530	S3-657532739,S3-921404912,S3-322269414,S3-845354118	True
S1-47739280	S2-35779309,S2-662020267,S2-55631221,S3-438046162,S3-975194854	True
S1-939806302	S2-683623673,S2-70632447,S2-531698667,S3-341240520,S3-901827555,S3-169609323,S3-236482819,S3-530484119	True
S1-612909916		False
S1-590008187	S2-220152178,S3-483413314,S3-770250395,S3-316327781	True
S1-598625334		False
S1-672957377	S2-344342452,S2-928216601,S3-873480064,S3-874993203	True
S1-571049473		False
S1-497127236	S2-109886520,S2-685362723,S2-463392177,S3-264804389,S3-582397367,S3-356860791	True
S1-491211901	S2-900081194,S3-952431621,S3-280271211	True
S1-689637549	S2-834659579,S3-11730857,S3-897461910	True
S1-635090699	S3-670119138	True
S1-331958827		False
S1-112475331	S2-314526106,S3-520378506,S3-677668410	True
S1-658104238	S2-417758033,S2-149859994,S3-909184695,S3-324323416,S3-683161083,S3-918633237	True
S1-904142164	S2-814182278,S3-739363368	True
S1-625161934		False
S1-765545444	S2-342359704,S2-747336042,S3-795698772,S3-583014353,S3-933678384,S3-778768868	True
S1-779448301		False
S1-108845773		False
S1-234383247	S2-904711403,S3-873323800,S3-140489551	True
S1-96375159		False
S1-707011825		False
S1-980687640		False
S1-208979162		False
S1-247277015		False
S1-556615309	S2-610561379	True
S1-566989615		False
S1-98833942	S2-16003316,S2-261334918,S3-564490085,S3-435750508,S3-795924545	True
S1-395745593		False
S1-77341115	S2-813360955,S3-814785702,S3-601886038	True
S1-531702989	S2-470177567,S2-35868659,S3-571809159,S3-650340821,S3-142856763	True
S1-462723538		False
S1-469141312		False
S1-45150687		False
S1-324734599	S2-780987403,S3-63819200,S3-701126093	True
S1-320984702	S2-287552764,S3-311929244	True
S1-353511938		False
S1-140324576		False
S1-270027766	S2-271067582,S2-82867427,S2-415946598	True
S1-536484782		False
S1-362063019	S2-595391932,S3-534980529	True
S1-391543130		False
S1-206403149		False
S1-438553210		False
S1-716396701		False
S1-249923384		False
S1-245585224		False
S1-32007501		False
S1-551293460		False
S1-705304277	S2-770863706,S3-773426060,S3-283471758	True
S1-854386463	S2-18689073,S2-260016077,S3-664815978	True
S1-773555213	S2-92607000,S3-579926553,S3-398573974	True
S1-162297690	S2-220297686,S2-974993467,S2-778251980,S3-888524800	True
S1-606906652	S2-476044299,S2-750334229,S3-516492093,S3-38686470,S3-255290344	True
S1-79037	S2-573482152,S2-41072706,S2-674148319,S2-490285477,S3-89208611,S3-960271534	True
S1-179846221		False
S1-168018468		False
S1-472366983	S2-787349857,S2-301014328,S2-865661709,S3-850806274	True
S1-604864936	S3-926771503,S3-876179994,S3-119839480	True
S1-546884067	S2-472802289,S2-515598102,S3-473507763,S3-293377002	True
S1-728382619		False
S1-822990120		False
S1-489399761		False
S1-941300474		False
S1-425805532		False
S1-65332786		False
S1-419390653	S2-606600194,S2-492051769,S2-920801318,S3-740762317	True
S1-895839180		False
S1-574256851		False
S1-57622439	S2-494160155,S2-251987548	True
S1-839171901	S2-617307314,S2-372946344,S3-788338501,S3-233733731	True
S1-562990323		False
S1-842568763	S2-49801227,S3-404603159	True
S1-616900500		False
S1-859419781		False
S1-185986804		False
S1-416586769	S2-39179818,S3-980832438,S3-292244577	True
S1-675693842	S2-205383045,S2-309897926,S3-982242390,S3-137098599,S3-956242657	True
S1-281199945	S2-517487203,S3-740976212	True
S1-237337148	S3-921447683,S3-729459215,S3-479532793	True
S1-128760147	S3-261597506,S3-367981218,S3-3326707	True
S1-90332801		False
S1-102102658	S3-863764355,S3-788607725	True
S1-137543148	S2-622787933,S2-665456821,S2-824502029,S3-326964383	True
S1-82058203	S3-132179650	True
S1-943560415	S2-896464646	True
S1-612274708		False
S1-579695599		False
S1-945760143	S2-203646396,S2-571194591,S2-212951228,S3-133457308	True
S1-785967422		False
S1-867600846		False
S1-112958950		False
S1-904576773	S2-556537825,S3-171276305,S3-358835744	True
S1-863459883	S2-778588602,S3-388320961,S3-875003351	True
S1-97991393		False
S1-97480748		False
S1-971038971	S2-763030804,S2-99566909,S3-661212552,S3-220913940	True
S1-327871279		False
S1-313521495	S2-2336548,S2-956417166,S3-515930431,S3-169364197,S3-181351888	True
S1-444794218	S2-306619484,S3-38424826,S3-926095919,S3-403524021,S3-920952576	True
S1-676950811	S2-923833075,S2-665212275,S3-662378031,S3-693078991	True
S1-109185857		False
S1-274292660	S2-708476164,S3-872978125,S3-380846247,S3-440101342	True
S1-248078043		False
S1-225207764		False
S1-775074115	S2-180474976,S2-647222404,S3-45664016,S3-638081667,S3-486851282	True
S1-191048605		False
S1-903221370		False
S1-331567779	S2-109598388,S2-814364278,S3-789335410,S3-695115728,S3-664118738	True
S1-696128979	S2-69272246,S3-853358829,S3-10346801,S3-978995884	True
S1-361011390		False
S1-376758188	S2-144403383,S3-638245070	True
S1-607105856	S2-952486243,S2-351194115,S3-782707641	True
S1-602698543		False
S1-995900729	S2-859270693,S2-586819154,S3-695940160	True
S1-627191800	S2-642653584,S2-525915203,S2-772552690,S2-879491474,S2-548759650,S3-566688661,S3-794792677	True
S1-786620756	S2-59448980,S3-755423769,S3-718732757	True
S1-325578488		False
S1-37516853	S2-924746270,S3-105146150	True
S1-141990790	S3-359783774,S3-890753573	True
S1-691505642		False
S1-68750247		False
S1-459488906		False
S1-630499839	S2-317319496,S2-206049332,S2-887021247,S3-160577576	True
S1-667332944		False
S1-594832050	S2-460759563,S3-97947396,S3-400972569	True
S1-533684330	S2-839496497,S3-613791803	True
S1-821076361		False
S1-612040768		False
S1-39212959		False
S1-760688708		False
S1-618989332	S2-978689652,S2-716490825,S2-407271294,S3-573159678	True
S1-23243162		False
S1-134831697		False
S1-964441742		False
S1-78578190	S2-435654712,S2-539827348,S3-383330071	True
S1-593691540	S2-43811569,S2-441088156,S3-270391213,S3-55706825	True
S1-463794430	S2-362218449,S2-837566563,S2-241331098,S3-742601674,S3-894557399	True
S1-975174423	S2-922985953,S3-212701263,S3-76020988	True
S1-834162206		False
S1-786009935	S2-242595154,S3-281889500,S3-455799916,S3-268134098,S3-724842334	True
S1-451777397	S2-576540098,S3-760445015	True
S1-461785548	S2-234265591,S2-776359425,S3-646197497,S3-57505761	True
S1-356704853		False
S1-263606860	S2-594016300,S2-361839562,S2-150590194,S3-16954116	True
S1-865068292	S2-732875393,S2-40057155,S3-641313423,S3-190191814,S3-782796325	True
S1-357495169		False
S1-123401815		False
S1-641214186		False
S1-816211851	S2-558893573,S2-868326372,S3-520670796	True
S1-79646448	S2-196007488,S2-945182156,S3-308304417,S3-318965182	True
S1-551078512	S2-599143258,S2-632132002	True
S1-831968180	S2-716041424,S3-952440940,S3-820964559,S3-666260824,S3-833004901	True
S1-630160855	S3-776509730,S3-339478897	True
S1-964671629	S2-129402581,S2-684589994,S3-182114440	True
S1-336273434	S2-556307266,S3-161520890	True
S1-589973237		False
S1-335907196	S2-111306114,S3-632756306,S3-628097110,S3-683873765	True
S1-11142136		False
S1-743908484	S2-863166926,S2-902289083,S2-408146708,S3-853122366,S3-611575512,S3-143467349	True
S1-880790145		False
S1-1625901		False
S1-732731260		False
S1-719954954		False
S1-888130247		False
S1-128574514		False
S1-88523803	S2-937596442,S3-452549946,S3-715576100,S3-728028707	True
S1-158412824	S2-912823306,S2-313516095,S2-841975237,S2-842217097,S3-501255698	True
S1-573001341	S2-156616459,S2-141916779,S3-651266133	True
S1-533297350		False
S1-349351924		False
S1-724345552	S2-228733609,S2-625713135,S3-752526069	True
S1-819376014		False
S1-66871446	S2-721065290,S3-683258959	True
S1-973497934		False
S1-275167613	S2-65825423,S3-192363475	True
S1-327661480	S2-585717675,S2-305474311,S2-464480810,S3-183997218,S3-322320939,S3-276533247,S3-871309334	True
S1-439596796	S2-919856818,S2-196543392,S3-721924126	True
S1-128185656		False
S1-980401821	S2-813830291,S3-514528680	True
S1-474528527		False
S1-380098779	S2-25381119,S2-115660226,S2-508937074	True
S1-478691622	S2-217543038,S2-690759353,S2-502025943,S3-754218797,S3-603351700	True
S1-921052710		False
S1-941108907		False
S1-379500096		False
S1-718722845		False
S1-421610231		False
S1-258047336		False
S1-141750657		False
S1-145901028	S2-105620908,S3-107816798,S3-494704375	True
S1-415264882		False
S1-36414908		False
S1-149074355		False
S1-607216320	S2-645322296,S2-790972130,S2-137558973,S3-101200675,S3-631637180	True
S1-995985950	S2-32398246,S2-288086965,S2-561017275,S3-508011098,S3-456245129	True
S1-179842306	S2-93297760,S3-926015634,S3-337093435	True
S1-487283767	S2-812091897,S2-931213401	True
S1-522127766		False
S1-597086773	S2-313153538,S3-115864586	True
S1-385828479	S2-264447044,S2-350435166	True
S1-170375308		False
S1-959850215	S2-269817494,S3-550856959,S3-314689529,S3-336595848	True
S1-176141842		False
S1-486935635	S2-200804135,S2-803046137,S2-95595339,S3-559447122	True
S1-969837834		False
S1-465837519	S2-339751409,S3-963269448	True
S1-202604666	S2-762100475,S2-381033569,S3-498474415,S3-980529365	True
S1-130901098		False
S1-409968185	S2-679774812,S3-587261738	True
S1-367086744		False
S1-854841596	S2-282740491,S3-407624150,S3-1890545	True
S1-363700124		False
S1-387158966		False
S1-695959597		False
S1-257510436	S2-514380264,S2-595863341,S2-647421469,S3-221997804,S3-522972945	True
S1-218962398		False
S1-407074441	S2-320956359,S2-415065906,S3-577632403,S3-670093140,S3-969536496	True
S1-81390666		False
S1-803347749	S2-626728040,S2-154619881,S2-942242991,S3-611043326,S3-419822067	True
S1-195519670		False
S1-144732418		False
S1-86663498		False
S1-137719438	S3-509152584,S3-821572307,S3-37436790	True
S1-628693740		False
S1-853686861	S2-844762174,S3-721559585	True
S1-69269033		False
S1-676339292	S2-562403352,S3-667334249,S3-237284366,S3-952820789	True
S1-847691578		False
S1-374957894	S2-229760532,S3-353628784,S3-425716443,S3-962113618	True
S1-149100552	S2-744913727,S2-351772485,S3-227970114	True
S1-3861722		False
S1-977070843	S2-737938574,S3-78544342	True
S1-912070224	S2-280264928,S2-304896490,S3-170546675,S3-783489425	True
S1-349675546		False
S1-644291392	S3-82777883,S3-593490069	True
S1-628961385	S2-50995452,S3-341373906,S3-586607659,S3-906593699	True
S1-163814325		False
S1-87863670		False
S1-78788576	S2-605213431,S3-243273616,S3-174192709	True
S1-919738819	S2-353040139,S2-19856470,S3-190128689	True
S1-368958787		False
S1-279658653		False
S1-669015757		False
S1-417579740		False
S1-410211585	S2-379024111,S2-204832884,S3-851508118,S3-858279843,S3-497173067	True
S1-669397632		False
S1-522386213	S2-49669496,S2-278183105,S3-318809111,S3-811779237,S3-736570379,S3-410082150	True
S1-68999920	S2-399657607,S2-360883585,S3-35754878,S3-512070666	True
S1-267144433		False
S1-306680281		False
S1-213330614	S2-786395356,S3-403864170,S3-520838186,S3-466948888	True
S1-299193380	S2-313285847,S3-34498140	True
S1-381539520	S2-543445773,S2-607149019,S3-793836123,S3-224699791	True
S1-470010026		False
S1-430254763	S2-29009473,S3-395349534	True
S1-934363673		False
S1-502990976		False
S1-660507743		False
S1-969583047	S2-896964954,S2-211822510	True
S1-1759035		False
S1-506397527		False
S1-12217855	S2-368268173,S3-703416823	True
S1-647512804	S2-994715710,S3-933577015,S3-187537257	True
S1-635713087		False
S1-558005774		False
S1-776079390		False
S1-465293687	S2-524533182,S2-810374186,S3-705372595	True
S1-886461091		False
S1-663172245	S3-518318081	True
S1-954543697		False
S1-961229279		False
S1-319644057	S2-739238584,S2-641480366,S3-705811316,S3-793024705	True
S1-578066783	S2-465179668,S2-489915751,S2-326266306,S3-251164332	True
S1-191403615	S2-374351305	True
S1-585859925	S2-24387380,S2-533789253,S2-943486139,S3-779254831,S3-57610520	True
S1-126496098	S2-284432173,S2-94508063,S2-54681028,S3-522668385,S3-227090242,S3-130182063,S3-103154259	True
S1-216579148	S2-119082758,S2-982320074,S3-896903040,S3-924345772	True
S1-266286648	S2-725648374	True
S1-624972372	S2-66400232,S2-160186602,S3-487193335	True
S1-426351691	S2-851138595,S2-179335632,S3-512512136,S3-666052758,S3-811269183,S3-293554010,S3-482622612	True
S1-929920006		False
S1-362808898	S2-839061767,S2-779885741,S3-949744024	True
S1-42032327		False
S1-114326686		False
S1-371373078		False
S1-144641538	S2-830708719,S3-927125141,S3-193200976,S3-388707123	True
S1-58335712	S2-731790918,S2-807556996,S3-853244435,S3-50913889,S3-827797229	True
S1-271040075	S2-518896026,S2-33041458,S2-231878371,S2-710721636,S3-530434205,S3-207928081	True
S1-889936903		False
S1-300865798	S2-322004613,S2-275076722,S2-700460277,S3-273462384,S3-507692709	True
S1-47210589	S2-110334368,S3-506999932	True
S1-813891555		False
S1-458070526	S2-702207369,S3-732608698	True
S1-362981470	S2-879742844,S2-773512518,S2-973471505,S2-54976376,S3-688347269,S3-854661305	True
S1-745539282	S2-738722263,S2-800712901,S2-233515981,S2-254839412,S2-193791461,S3-959057147,S3-812720915	True
S1-766705455		False
S1-718748141	S2-656667389,S2-406834652,S3-662836005,S3-50267590,S3-567040853	True
S1-726834107		False
S1-411418867	S2-21309493	True
S1-46476161		False
S1-910524976		False
S1-689400169		False
S1-399287327	S2-743251605,S3-613404431	True
S1-252052342		False
S1-744746991		False
S1-157165510		False
S1-768555937		False
S1-263496497	S2-575313743,S2-722737334,S3-135801397	True
S1-590602855		False
S1-323515218		False
S1-846646236		False
S1-305538364		False
S1-523189728		False
S1-448317959	S2-444782690,S2-352438476,S3-95937295,S3-617253640,S3-367325600	True
S1-234692871		False
S1-94580137		False
S1-710000085		False
S1-295664522		False
S1-210856503		False
S1-235734186		False
S1-932904921		False
S1-864414679		False
S1-856693463	S2-22422316,S2-935719681,S3-569241560,S3-409164710	True
S1-80315688	S2-620015063,S2-148010723,S2-813693142,S2-737525193,S2-367908455	True
S1-795066525	S2-475284251,S2-657070422,S3-919952696,S3-353296725	True
S1-18966949	S2-929888419,S3-469670608	True
S1-555483341		False
S1-844722825	S2-708942362,S2-733108037,S3-780905920,S3-3470980,S3-266678490,S3-775309460,S3-7349619	True
S1-526311074	S2-819580905,S2-791405942,S2-20471940,S3-905109332	True
S1-253813619	S2-431589743,S3-187742301,S3-425949498,S3-805844222,S3-70978940,S3-370131426	True
S1-545265496		False
S1-482871029	S2-39450260,S2-19218147,S3-813636260,S3-23014705,S3-596313443	True
S1-38896143	S2-578546726,S3-732996724	True
S1-415049309	S2-644756177,S3-585322187,S3-679562973	True
S1-590847864		False
S1-700859320		False
S1-294821515	S2-306582489,S2-805408104,S3-193140507	True
S1-642559899	S2-594328373,S3-236446544,S3-270297412	True
S1-188731213		False
S1-83097952	S2-314328239,S3-437603312,S3-610281299,S3-237757879	True
S1-979590118		False
S1-667073929		False
S1-244120914		False
S1-704349278		False
S1-40569693	S2-623737246,S2-196198507,S2-972589470,S3-223283500	True
S1-761434247	S2-629867952,S2-165261093,S3-555761640,S3-278744464	True
S1-721890820		False
S1-515873554		False
S1-911080350		False
S1-57406165		False
S1-687164320		False
S1-493464757		False
S1-316278328	S2-246990254,S2-362151150,S3-14345040	True
S1-262798743		False
S1-889576268		False
S1-135235156		False
S1-725401792	S3-916194733,S3-126056660	True
S1-580740185	S2-179259496,S2-333715460,S3-898588206,S3-468620950	True
S1-755380513		False
S1-538976257		False
S1-757249587		False
S1-409932248	S2-339554614,S3-790487870,S3-531996692,S3-468076137,S3-599997658,S3-412633754	True
S1-898426270		False
S1-411819204	S2-62474479,S2-456434236,S3-790708686,S3-697961117,S3-187650130,S3-529609945	True
S1-881636828	S2-290998964,S3-288056224,S3-652160718,S3-444375361	True
S1-975065099	S3-782002689,S3-675028759	True
S1-718243403	S2-822260889,S2-2472112,S3-837038753,S3-636673687,S3-608967401	True
S1-180230026	S2-985405963,S3-433756044,S3-797718716	True
S1-704145630	S2-774797455,S3-664732416,S3-691028902	True
S1-37599658	S2-553281172,S2-253950354,S3-983315539	True
S1-980264394	S2-32252296,S3-135581357	True
S1-859969171		False
S1-791468793	S2-772875101,S2-643894633,S2-795451819,S2-658210133,S3-48450754,S3-124092172,S3-230699820,S3-13140543	True
S1-592911427		False
S1-803998495	S2-749764180,S3-160177282,S3-703457635	True
S1-137900551	S2-836280344,S2-580358209,S3-191506433,S3-216658200	True
S1-19414694	S2-37814529,S3-467272151,S3-404497174,S3-581595404	True
S1-876075632	S2-380198029,S3-232695042	True
S1-965574748		False
S1-818715438		False
S1-584416460		False
S1-332970701	S3-242804290,S3-786047136,S3-558401522	True
S1-807369785	S2-750516777,S2-301792652,S3-904824146	True
S1-842670187	S3-504219352	True
S1-926460321		False
S1-958960580		False
S1-358567019		False
S1-388282461	S2-481646921,S2-294305016,S3-798248766,S3-477804794	True
S1-41967136		False
S1-655674976		False
S1-279981703	S2-790806638,S3-710109547,S3-342898836	True
S1-589157597		False
S1-931432238		False
S1-97008873	S2-759983213,S3-968626443,S3-788175873	True
S1-995206705	S2-448492730,S2-141068004,S3-767397423	True
S1-943250392		False
S1-815756914	S2-48731013,S2-278163607,S2-583676411,S3-100543490,S3-974003497,S3-297662302	True
S1-481048217	S3-609020669,S3-462249671	True
S1-286737783		False
S1-333634055		False
S1-29459818	S2-434665571,S3-169139022,S3-445881708	True
S1-424181522	S2-929905097,S2-927498004,S3-205864509	True
S1-288404451		False
S1-6052715	S2-109654389,S2-675681787,S2-931375170,S2-821477216,S3-245112722	True
S1-406929382	S2-212090696,S2-276559476,S3-817776386,S3-153671402,S3-448049886	True
S1-541381090	S2-911238546,S2-652288931,S2-904532051,S3-183122530,S3-977355564	True
S1-448446308		False
S1-618412004		False
S1-151659023	S3-39100151,S3-844587421	True
S1-98671705	S2-733227633,S2-696377138,S2-439734963,S2-192482998,S3-959884700,S3-785542425	True
S1-154687537	S3-308920960,S3-817178447	True
S1-276928210	S2-740323040,S2-746620392,S3-44356497	True
S1-373125661	S2-833272305,S2-429435044,S2-404116380,S2-319216672,S2-217796861	True
S1-930490840	S2-228716568,S3-670658862	True
S1-279353886		False
S1-155097714	S2-883156236,S2-693057426,S2-962126976,S2-639805669,S2-641171662,S3-211797788,S3-9637986	True
S1-431901250		False
S1-944365604	S2-177711720,S2-826753289,S3-324310796,S3-112619522,S3-345540614,S3-133101147,S3-654890411	True
S1-614822691	S2-238795070,S3-968908527	True
S1-393202611	S2-501856851,S2-67448248,S3-698169092	True
S1-441118870		False
S1-159529125	S2-372128223,S2-108942549,S3-541429958	True
S1-762159852	S2-655422156,S2-288038489,S3-3465510,S3-524367933	True
S1-518561541		False
S1-239577553	S2-391597527,S2-378033560,S3-288417512,S3-799757900,S3-376932556	True
S1-263929081		False
S1-493898256		False
S1-542892312	S2-58177340,S2-837267934,S3-793589589,S3-891293419,S3-548693821,S3-297714928	True
S1-860792395		False
S1-847560842	S2-131351757,S3-778703059,S3-53161076	True
S1-23613767	S2-186060137,S2-366389618,S3-441240663,S3-815042629	True
S1-921147061	S2-957793187,S2-892305016,S3-294974308,S3-111170539,S3-194580981,S3-34326940,S3-724231920	True
S1-31557258		False
S1-840435924	S2-869257631,S2-839659994,S3-543708877	True
S1-883228050		False
S1-438591056	S2-503450897,S2-719429143,S3-829953709,S3-834086175	True
S1-798887218	S2-544747154,S3-756464342	True
S1-494877289	S2-884788377,S3-752633898	True
S1-790162421	S2-104582133,S3-902426336,S3-62249533,S3-323750134	True
S1-287673503	S2-555583762,S2-590093990,S2-678340608,S3-213187411,S3-184135438,S3-797570408	True
S1-983784677		False
S1-252583139	S2-838777002,S3-863077882,S3-320075525	True
S1-688766478	S2-26272252,S2-802836413,S2-134327107,S3-862818673,S3-708940247	True
S1-274583456		False
S1-665251886	S2-664136857	True
S1-604954249	S3-479199350,S3-631983671	True
S1-847258522	S2-786830180,S3-973757448,S3-985065647,S3-472632910	True
S1-970365899		False
S1-194349062	S2-544152270,S3-385552099	True
S1-38642505		False
S1-859205006	S2-736430454,S2-282610352,S3-349410914,S3-521290866,S3-99172377,S3-187107825	True
S1-510419522	S2-473288367,S2-24854600,S3-276290870,S3-620016085,S3-451030426	True
S1-889755954		False
S1-316273613	S3-863467835	True
S1-5112300		False
S1-237980176		False
S1-476951438		False
S1-768255703	S2-252900474,S3-892961538,S3-968861908,S3-126122349	True
S1-625729976		False
S1-675774955		False
S1-883463148	S2-322324021,S3-973628680	True
S1-359432177		False
S1-590970704	S2-324178959,S2-736710321,S2-395500586,S2-256335432,S2-533678226,S3-580420667	True
S1-629816199	S2-331342332	True
S1-886937119		False
S1-486735760		False
S1-22494065		False
S1-563573811	S2-205866426,S2-576378933,S2-194592648,S3-294810401	True
S1-626009544	S2-609882699,S3-315496937	True
S1-198496934	S2-9521135,S3-493515940,S3-207633313,S3-883089990	True
S1-91925897	S2-646362277,S2-322757381,S3-33336313,S3-402159477,S3-235135021,S3-80994539	True
S1-284311143	S2-495153796,S2-358639496,S3-476375067,S3-7087471	True
S1-473287266	S2-4121966,S3-697311354	True
S1-210451640		False
S1-37668758	S3-213494623	True
S1-549257922		False
S1-682794385	S2-313025150,S2-693827469,S3-13425220,S3-255889706	True
S1-741704750	S2-493574094,S3-658738813,S3-837071609,S3-665803948,S3-6049152,S3-228674199	True
S1-493537994		False
S1-618671612	S2-899963655,S2-508246107,S3-651569223,S3-345588759,S3-605702852,S3-530639879	True
S1-864856195	S2-818751060,S2-461326244,S3-678421630,S3-208611399,S3-29450418	True
S1-216252683		False
S1-693430246	S2-863638312,S3-789383752,S3-329897759	True
S1-156168648	S2-289295109,S2-721928803,S3-634279246,S3-942873381	True
S1-518180113		False
S1-548878245	S2-458083376,S3-324851378,S3-304043110,S3-832262105	True
S1-985502488	S2-9557090,S3-391402996	True
S1-542353645		False
S1-698633709	S2-475371086,S2-741232072,S2-358915674,S3-206404553,S3-21652560	True
S1-778270891	S2-558107106,S2-45736040,S2-987239940,S3-262279291,S3-396418371	True
S1-475391366		False
S1-831046505	S2-840023899,S2-138651165,S3-74959665,S3-35443965	True
S1-39007445		False
S1-510137286	S2-619502458,S2-568408381,S2-798186411,S3-591864503,S3-884807282	True
S1-563176418	S3-772177458,S3-543452206	True
S1-315205969		False
S1-140640626		False
S1-987940698		False
S1-812846112		False
S1-706277541	S2-677928312,S2-79885311,S2-137356746,S3-53947483	True
S1-32993207		False
S1-85955382	S2-253423457,S3-758580482	True
S1-30210166	S2-971294019,S3-105278417,S3-121030986,S3-540829711	True
S1-124957203		False
S1-44805213		False
S1-717735467	S2-330209945,S3-118468794,S3-222256412	True
S1-831495689		False
S1-521243874	S2-143808803,S2-643671816,S3-589646052,S3-193039945,S3-582216393,S3-476717326	True
S1-988958254		False
S1-217007575	S2-453393802,S2-391843108,S2-143123041,S3-334364716	True
S1-133347533		False
S1-200675745	S2-248722987,S3-756152069,S3-109591616,S3-674009056	True
S1-639141028		False
S1-919564753		False
S1-156653176		False
S1-615573261	S3-52581901,S3-500975656	True
S1-784309486		False
S1-639044536	S2-317178155,S2-810965651,S3-798809646,S3-527190973,S3-19744947	True
S1-796049922		False
S1-831982482		False
S1-1875928		False
S1-410307749	S2-835213310,S2-508508087,S2-124865444,S2-326194333,S3-64238063	True
S1-906953322		False
S1-837927608	S3-637405071,S3-517188197	True
S1-425713334		False
S1-135989373		False
S1-425631548	S2-729063755,S2-960004564,S2-75810495,S3-564036930,S3-619238657,S3-318253858,S3-271468907,S3-949985366	True
S1-746389427	S3-972005444,S3-50760133	True
S1-885654767		False
S1-326871192	S2-69119618,S2-345729368,S2-305213326,S3-561978914,S3-938641228	True
S1-956050272	S3-418342221	True
S1-867930164	S2-931905530,S3-864318806	True
S1-244415045		False
S1-283839836		False
S1-101293644		False
S1-54763209	S2-729181248,S3-511033493,S3-969382266,S3-94673746,S3-532152287	True
S1-69980806	S2-983982716,S3-164548299,S3-721638419	True
S1-494487922		False
S1-769671475	S2-614121805,S3-224523249,S3-938567855	True
S1-687412801		False
S1-621716		False
S1-943156534	S2-116818529,S2-396142302,S3-926837053,S3-505789888,S3-315598502	True
S1-432808267		False
S1-30013502		False
S1-723209712		False
S1-523850404		False
S1-777275997	S3-602224276,S3-107686139	True
S1-373298970	S2-450930561,S2-595528340,S3-736549108,S3-795621160	True
S1-572504753	S2-131154671,S3-705727563	True
S1-908711009		False
S1-663673910	S2-692320241,S2-489142642	True
S1-325807673		False
S1-432900183	S2-854548067,S2-881156485,S2-123045462,S3-668347551,S3-776898426	True
S1-498494122		False
S1-394349661		False
S1-478823806	S2-882750487	True
S1-479987469		False
S1-214201356		False
S1-712463343		False
S1-995347360	S2-750698731,S2-78489834,S3-131452892	True
S1-66548453		False
S1-471966298	S2-188822967,S3-503007677,S3-262138999	True
S1-112297503	S2-510166992,S2-658389583,S2-837204059,S3-645215519,S3-210140879,S3-218414091,S3-449581508	True
S1-488888514	S3-465145130,S3-562616946	True
S1-489864639	S2-207517914,S3-188046954	True
S1-368596247	S2-620861700,S3-790700236,S3-771163187,S3-929732788,S3-634671514	True
S1-677163291	S3-990167043,S3-416245344	True
S1-866492192		False
S1-507536907	S2-593125107,S2-886296571,S2-350125515	True
S1-182657471	S2-360533316,S2-304856725,S3-508335587	True
S1-152063913		False
S1-557449883	S2-971968650,S2-347419481,S2-51181126,S2-319347720,S2-390104121,S3-195318226,S3-347191525,S3-971231826	True
S1-788336641	S2-993427080,S3-501732796,S3-38547994,S3-190473990,S3-431569683	True
S1-14797009		False
S1-847527850	S2-933442681,S2-635091082,S2-548865179,S3-963199081	True
S1-503427230	S2-980276538,S2-864478501,S3-988111604	True
S1-891746526	S2-95338097,S3-540094484,S3-542981114	True
S1-906507373	S2-991936452,S2-142405053,S3-255430282	True
S1-22424880	S2-764344999,S2-480859162,S2-385739746,S3-308802782,S3-175862296,S3-515421158,S3-850661929	True
S1-335629482		False
S1-375458466		False
S1-869010194	S2-845755793,S2-856429488,S3-851855828,S3-488984122,S3-971676179	True
S1-436024888		False
S1-233090448		False
S1-834631034		False
S1-389678111	S2-879988307,S3-284243590	True
S1-610407099		False
S1-188289078	S2-302377630,S2-289069247,S2-340426706,S3-582627865,S3-219375991	True
S1-184592777	S2-519961874,S2-886558625,S3-985910103,S3-555428926	True
S1-395436075		False
S1-810841510		False
S1-11657233	S2-671183363,S3-673810172	True
S1-355742586		False
S1-373945835	S2-991959414,S2-538003687,S2-223672836	True
S1-448882009		False
S1-642915490		False
S1-858423449	S3-130786839	True
S1-739318859		False
S1-335003954		False
S1-536289099		False
S1-541372614	S2-272993552,S3-390562886,S3-84298611,S3-87929946	True
S1-941680866		False
S1-42607743	S2-448365636,S2-319933182,S3-797164851,S3-845925623,S3-415731141,S3-876741452	True
S1-301235453		False
S1-347485026	S2-845725346,S3-619150726,S3-382072166	True
S1-501575678	S2-519443208,S3-464376878	True
S1-341046088	S2-379536033,S2-787319277,S3-669992832	True
S1-319598894		False
S1-760626983		False
S1-267135488	S2-921591859,S3-110524812,S3-541865745,S3-753023097	True
S1-76489320		False
S1-533231257		False
S1-100754671		False
S1-24269727	S2-934860465,S2-82484466,S3-558256735,S3-232237896,S3-260981102,S3-246616282	True
S1-236092898		False
S1-235451978		False
S1-52927560		False
S1-791747404	S2-127862225,S2-415227750,S3-918141942	True
S1-469806008	S2-665101859,S2-616381487,S2-555409599,S3-926525136	True
S1-548261589		False
S1-956475041		False
S1-311742384		False
S1-676917815	S2-882855896,S2-63449377,S3-558533954,S3-924981768	True
S1-616591760		False
S1-607525988	S2-194829785,S2-45484201,S3-864312033,S3-70698959,S3-816419771,S3-506286513	True
S1-394308600		False
S1-249981007	S2-316421020,S2-736413629,S2-983836675,S2-341312913,S3-71114742,S3-244032530,S3-222837096,S3-137978904	True
S1-464857155		False
S1-918422836	S2-895546927,S3-578020007	True
S1-653533579	S2-651334511,S2-416065685,S3-213603496,S3-590221234,S3-553230343,S3-741710989	True
S1-818130211	S2-564438204,S2-817851476,S2-822541382,S3-438765323	True
S1-303780334		False
S1-329860225		False
S1-644149177		False
S1-33830299		False
S1-799322666		False
S1-804800292		False
S1-107137319		False
S1-288277202		False
S1-490227002		False
S1-798062163		False
S1-241586760	S2-702429215,S2-643420018,S2-317771087,S3-979072047,S3-19188314,S3-957545059,S3-644674196	True
S1-633481304		False
S1-978435969		False
S1-248787469	S2-907830153,S2-138012590,S2-691297838	True
S1-77598764	S2-960150520,S3-658507795	True
S1-337289925		False
S1-157064834		False
S1-334462512		False
S1-174542023	S2-175232844,S2-449385921,S2-237308578,S3-567628887,S3-275689224	True
S1-207150916	S2-712597402,S3-768096801,S3-707625225,S3-524624358	True
S1-73447567	S2-771902425,S3-601934926,S3-269615716,S3-217390007	True
S1-951561373	S2-267326886,S3-346234028,S3-841777293,S3-639929749	True
S1-649995940		False
S1-419492200	S2-542308792,S3-931673322	True
S1-957424703		False
S1-662793715	S2-775908564,S3-171955725	True
S1-682643538	S3-359940055	True
S1-909709936		False
S1-884101521	S2-862385106,S3-981864880,S3-868669961,S3-876597240	True
S1-122579473	S2-268223302,S2-282856209,S3-35348384,S3-674535108,S3-969189179	True
S1-594659733	S2-29239983,S2-360880569,S2-30002660,S3-967861102	True
S1-683257809	S2-166896546,S3-425331784,S3-526584561,S3-693087897,S3-750233260	True
S1-203975543		False
S1-299458938	S2-399094288,S2-634664166,S3-982978931,S3-514591198	True
S1-242568641	S2-272665017,S2-935235769,S3-216846608	True
S1-974757381		False
S1-390604641	S2-683613814,S3-682691890,S3-341305618	True
S1-560922818		False
S1-56833131	S2-23290530,S3-728180428	True
S1-621747985		False
S1-784184893	S2-653810661,S3-737041839,S3-669568601,S3-994511998,S3-431565427	True
S1-690533605	S2-234207775,S2-376483914,S2-990065630,S3-35301363,S3-943287244,S3-363361115,S3-465714547	True
S1-848809325	S2-661402201,S2-967185453,S3-437871497	True
S1-748453242		False
S1-664617838		False
S1-279804516		False
S1-752466697	S2-756144772,S3-113473959	True
S1-580725813		False
S1-505444428		False
S1-310543438		False
S1-882091186	S2-110656130,S2-967332307,S2-259392544,S3-41476755,S3-438446533,S3-741458647	True
S1-521494382	S3-681810565	True
S1-837188959	S2-675219653,S2-318377951,S2-891444951,S3-703629103,S3-588070155,S3-517533615	True
S1-662985876		False
S1-526986571	S2-504788434,S2-479457087,S2-564588198,S3-804687673,S3-549503681,S3-226886744	True
S1-330948841	S2-150737726,S3-230158607,S3-217550590	True
S1-997336274		False
S1-204725434	S2-589917135,S3-993767861	True
S1-260223111	S2-414534826,S3-564319031,S3-544656427	True
S1-738140638	S2-223501737,S3-528924126,S3-604537915	True
S1-443859399	S2-510867178,S2-577738943,S3-185265346	True
S1-401000999	S2-495791592,S2-256342342,S3-843251885,S3-555439905,S3-179296788	True
S1-957163590	S2-28693165,S2-392509327,S2-916579293,S2-944237148,S3-357334697,S3-30940589	True
S1-441022772	S2-268545446,S2-397333445,S2-759982776,S2-702899379,S3-225796501,S3-44421194	True
S1-850850921		False
S1-737845673	S2-255348389,S2-455472120,S2-735173935,S3-491151893,S3-226912564,S3-614973581	True
S1-202828284		False
S1-394323208		False
S1-29573020	S3-416241307	True
S1-617345983		False
S1-886772284	S2-398243533,S2-830029380,S3-660474437,S3-809504576,S3-773693898	True
S1-699227622		False
S1-344526876		False
S1-154197483	S2-287834855,S2-597522850,S3-527791242,S3-409731419,S3-301669581	True
S1-237636101		False
S1-293825595	S2-757696871,S3-254681093,S3-54116378	True
S1-872257028	S2-935713052,S2-721185323,S3-318832200,S3-393919214	True
S1-342277173	S2-126337689	True
S1-581335808		False
S1-784336287		False
S1-497903641	S2-163764119,S3-805112905,S3-219304212	True
S1-74579506	S2-862433917,S3-194626291	True
S1-497292030	S2-491846441,S3-367131187	True
S1-585444193	S2-552983377,S3-589465993,S3-937408088	True
S1-610499158		False
S1-679707334		False
S1-402015782	S2-308946828,S2-893697641,S2-974476882,S3-123783912,S3-231768483	True
S1-718785538		False
S1-570924913	S2-824472189,S2-47058947,S3-937327814	True
S1-713295864	S2-753835183,S2-800846851,S2-566198585,S3-261846282,S3-22812310,S3-819247750,S3-866942646	True
S1-871607114	S2-507265974,S2-657803137,S3-775393550,S3-116542964	True
S1-260932566	S2-307238237,S2-896859363,S3-988388126,S3-632695116,S3-985614026	True
S1-996273117	S2-928238123,S3-549470082	True
S1-267217524		False
S1-524909621		False
S1-370623375	S2-894399997,S3-864458356,S3-852051848	True
S1-441530793	S2-930513598,S3-261080047	True
S1-846850203	S2-868370255,S3-698925190	True
S1-385432549	S2-413032686,S3-304639673,S3-117067500	True
S1-922809375	S2-795880107,S2-98503956,S2-73027459,S3-157351399,S3-288376686,S3-219906213	True
S1-795825957	S2-931783388,S3-648980422	True
S1-80378135		False
S1-596605403		False
S1-108393147	S2-233030648,S3-714672710	True
S1-338487161	S2-211833226,S3-272159874,S3-669232689	True
S1-258406716	S2-385289944,S3-921678780	True
S1-859265331		False
S1-107933823	S2-879225650,S3-903097003,S3-168975299,S3-631118424,S3-200551321	True
S1-873749949		False
S1-21394712		False
S1-644405451		False
S1-772814254		False
S1-198575140	S2-673443190,S2-318809783,S2-568639617,S3-396772485,S3-452973755	True
S1-484300917		False
S1-488847484		False
S1-486740481	S2-524986165,S3-404232882	True
S1-849273439	S2-189885106,S2-828241805,S2-218847153,S3-268510696,S3-184674055	True
S1-772660420	S2-143946804,S2-391091449,S2-535475447,S3-512499539	True
S1-108571003		False
S1-32428757		False
S1-963297588	S2-78052207,S2-83968612,S2-475460733,S3-388626663	True
S1-856375326		False
S1-438721462	S2-715312527,S2-789575859,S2-902069318,S3-925845076	True
S1-746051106		False
S1-245281515	S2-922209800,S3-975307722	True
S1-737858011		False
S1-943240879	S2-130792508,S2-750473663,S2-362227078,S2-863194505,S3-885466120,S3-701077079	True
S1-996947210		False
S1-347475419		False
S1-97397425		False
S1-375282755	S2-47309527,S2-452032810,S3-682198033	True
S1-247693039	S3-930917527,S3-35024173,S3-474145905,S3-937305964	True
S1-350302719		False
S1-444543787		False
S1-78955142	S3-362534763	True
S1-651166680	S2-566894002,S2-1872627,S2-575927140,S3-251748048,S3-342552672	True
S1-119222015	S2-340506172,S2-397247017,S2-79242481,S3-893524391,S3-119781668	True
S1-283165144		False
S1-865725607		False
S1-324200258	S2-810993877,S2-785302662,S2-786075642,S3-226499330	True
S1-556777179	S2-318635075,S3-624835075,S3-74973018	True
S1-459113702	S2-473465288,S2-641623880,S2-410558807,S3-604774313,S3-907058821	True
S1-197311647	S2-396422074,S2-329882687,S2-41523444,S3-290426845	True
S1-883371622	S2-101085125,S2-332363858,S2-159190535,S2-935437233,S3-251741055,S3-313106431	True
S1-856028356		False
S1-384154586		False
S1-770832027	S2-544870609,S2-80457332,S3-579452879,S3-58340298	True
S1-189566181		False
S1-372987795		False
S1-378532805	S2-79810383,S2-181010834,S2-878522395,S3-462906503,S3-236359804,S3-888086869,S3-9689931,S3-440187076,S3-43628768	True
S1-112635338	S2-496058203,S2-309373479,S3-48420853,S3-279618897	True
S1-68374172		False
S1-703506128	S2-208892,S2-392012874,S3-645062375,S3-144005591	True
S1-842954015		False
S1-630493545		False
S1-312001070		False
S1-645306043	S2-588078761,S2-938373603,S3-381797390	True
S1-181752425	S2-254257218,S3-981553680	True
S1-360687294	S2-747631179,S3-564102640,S3-535648638	True
S1-660707105	S2-7460974,S2-369761411,S2-511406138,S3-786729205,S3-159233835	True
S1-437166296		False
S1-792410836		False
S1-900192785		False
S1-240363908	S2-747849474,S3-716393444,S3-51671072	True
S1-253076511		False
S1-706390919		False
S1-381451840	S2-575164389,S2-570565844,S3-95567192,S3-222303552,S3-405615221,S3-758914981	True
S1-144005965		False
S1-804236608		False
S1-404443640	S2-581450555,S2-305276159,S3-610270745	True
S1-72247043	S2-722468899,S2-138730017,S2-314717545,S3-166394018,S3-955109906	True
S1-972315949	S2-395458707,S2-925170365	True
S1-480381988		False
S1-987633290		False
S1-172185922	S2-528074481,S3-112054842,S3-968239888	True
S1-113843213	S2-980078651,S2-735995833,S3-188652729	True
S1-287556068		False
S1-721599286	S2-253420132,S3-737853712,S3-947569248,S3-874788993	True
S1-68692480	S2-255890451	True
S1-709097481		False
S1-542557618		False
S1-698587491	S2-320318090	True
S1-700606785		False
S1-715581964	S2-87483692,S2-978538608,S3-892314373,S3-798871217,S3-233058911	True
S1-301461893	S2-373830570,S2-509747071,S2-938252303,S2-710437192,S2-986368145,S3-310403099,S3-474557581,S3-495856673,S3-152826107	True
S1-675520891	S2-590648243,S3-561565029,S3-756535904,S3-428075864	True
S1-832314931	S2-279226641,S3-450147162,S3-624285537	True
S1-614951928		False
S1-43575149	S2-606496892,S3-54646270	True
S1-317972768		False
S1-801207666	S2-144461866,S3-201650814,S3-217022450	True
S1-941131196		False
S1-279472937		False
S1-580375728		False
S1-667005478		False
S1-540106596		False
S1-726966214	S2-996873817,S3-443464518,S3-290667234,S3-723820789	True
S1-827391415		False
S1-337060578		False
S1-440199026		False
S1-849192934		False
S1-736093526	S2-596145557,S3-185730795	True
S1-563078911	S2-700291226,S3-14819940,S3-714452189	True
S1-940294442		False
S1-808283448		False
S1-807576514		False
S1-525784075	S3-815492181	True
S1-880522118		False
S1-441937858		False
S1-201800913	S3-251352682	True
S1-435484357	S2-740205954,S2-393937832,S3-44873105,S3-613816746	True
S1-916521193		False
S1-142449554	S2-692619279,S2-395588297,S3-368567617,S3-839762553	True
S1-468721988		False
S1-915629535		False
S1-972879602		False
S1-793022982		False
S1-886116054		False
S1-752310937	S2-689445368,S3-211329716,S3-559311267,S3-395466530	True
S1-83478698	S2-398839408,S3-35746396,S3-68921048,S3-475318848,S3-890768482	True
S1-191455610	S2-403120746,S3-719931401	True
S1-592183337	S2-565171128,S2-472115562,S2-356714742,S2-26668148,S3-441538292	True
S1-94357654	S2-494132746	True
S1-325363759		False
S1-234801338		False
S1-765621045	S2-844893592,S3-638862668,S3-201076754	True
S1-996625679	S2-813282093,S3-202099970,S3-727245417	True
S1-483828022		False
S1-400094168		False
S1-68970063		False
S1-768855294		False
S1-534484859		False
S1-230320126		False
S1-766683641		False
S1-45122270	S2-271573933,S2-583462142,S3-739295236	True
S1-445812140		False
S1-632198891	S2-740111994,S2-747746739,S3-879874629,S3-914755913,S3-428146076	True
S1-205449610	S2-801512143,S2-493633677	True
S1-226454069		False
S1-437015602		False
S1-859873387	S2-777723605,S2-668800192,S2-732694392,S3-576689239,S3-725017398	True
S1-311878228		False
S1-962068259	S2-599331923	True
S1-56913329		False
S1-129468374	S2-150193934,S2-992286592,S2-241806560,S2-19502407,S3-305649303,S3-792345288,S3-109906863,S3-169629873	True
S1-654388922	S2-253294088,S2-176031030	True
S1-369667894		False
S1-883537348	S3-28346750,S3-994070470,S3-781132709	True
S1-122087584	S3-45425714,S3-594964488	True
S1-155397526	S2-739994457,S2-521153221,S3-728288376,S3-312412749	True
S1-951034412	S2-33072030,S3-589053280,S3-27014951,S3-658408582	True
S1-902885361		False
S1-403464333		False
S1-915340249		False
S1-168029077		False
S1-623227030	S2-570089710,S2-370281659,S3-358759902,S3-876262250	True
S1-94055641		False
S1-491574618		False
S1-753253932	S2-1469945,S3-418309034,S3-666070721	True
S1-532213743	S2-562715792,S2-486775966,S3-135066020	True
S1-963432082	S3-464532360,S3-276751008	True
S1-469402808		False
S1-334309606		False
S1-606287153		False
S1-456540554		False
S1-826529873		False
S1-897604282	S3-819629307,S3-215863322,S3-846091631,S3-423378888	True
S1-117007138	S2-155316422,S3-582296637,S3-292201460	True
S1-905852298	S2-658064306,S2-880968444,S2-709422085,S3-600888740,S3-209704121	True
S1-724633167	S2-504349342,S2-353941247,S2-605685821,S3-88037995,S3-423281965	True
S1-187969041		False
S1-160988789		False
S1-239643681		False
S1-882463732	S2-275715289,S2-765069267,S3-708901261,S3-744467251	True
S1-299545486	S2-6916198,S2-286859183,S2-600035451,S3-197999867,S3-17522298,S3-495647931,S3-301576750	True
S1-847908540		False
S1-271946499		False
S1-817970874	S3-415075146	True
S1-297377128	S2-751286645,S2-938191194,S2-718425746,S3-21902961,S3-365970553	True
S1-570659346		False
S1-447927387	S2-121634536,S3-68941252,S3-886280541	True
S1-815353047	S2-408357406,S3-820477333	True
S1-119447281	S3-948054119,S3-776344195,S3-331344621	True
S1-864047648	S3-35204041,S3-433889521,S3-9410845,S3-906609882	True
S1-709428995	S3-671693278,S3-314425665	True
S1-851736234	S2-26108207,S3-545808286,S3-802560291	True
S1-691027421		False
S1-507502518	S2-464934799,S3-87235819,S3-386471888	True
S1-867275734		False
S1-312393472	S2-955016362,S3-138381058,S3-100255814,S3-233365602	True
S1-757928695	S2-87793031,S3-924216807,S3-912295743	True
S1-121792960		False
S1-4727140		False
S1-722490420	S2-220534890,S2-842144939	True
S1-912477511	S2-264203515,S2-363268035,S3-139663914,S3-207712096,S3-785049965	True
S1-8247506	S2-743425244,S2-757717510,S3-931397679	True
S1-431066484	S2-53844369,S3-689857074,S3-553042065	True
S1-641414144		False
S1-254981503		False
S1-708767328	S2-270557538,S3-504089581	True
S1-845284161		False
S1-566686961		False
S1-885670855		False
S1-796235142	S2-19396123,S3-709793578	True
S1-945806697		False
S1-650985230		False
S1-810747715	S2-940448332,S2-208260924,S3-434966909,S3-641743916,S3-410519687,S3-585941162	True
S1-508091934		False
S1-520941152	S2-359863758,S2-232782156,S2-972400335,S3-148379411,S3-36711942	True
S1-466289610		False
S1-698216098	S2-193130174,S2-93917943,S3-485408628	True
S1-403984776		False
S1-5054806		False
S1-515300664	S2-116396991,S2-976208074	True
S1-60687496		False
S1-679218653	S2-121332798,S3-73151258	True
S1-129150721		False
S1-594076225	S2-918442795,S2-998513272,S2-463238159,S3-179464743,S3-14439649	True
S1-342334765		False
S1-67051885		False
S1-260885047		False
S1-233464165		False
S1-597926089	S3-603339164,S3-283360524	True
S1-409683605	S2-562314746,S3-423638260,S3-73117930,S3-769707666	True
S1-563267114		False
S1-655512461	S3-856585946,S3-958267384,S3-398412264	True
S1-427533560	S2-182796515,S3-7854179,S3-435872424	True
S1-210737148	S2-842362263,S2-446338610,S3-840665412	True
S1-665759547		False
S1-371387282		False
S1-864156723	S3-250817294,S3-918009894,S3-733729651	True
S1-353373529		False
S1-48944627	S2-314514693,S2-690573766,S2-248235175,S2-847049184,S3-360430497,S3-580542021	True
S1-814784098		False
S1-779831363	S3-975837238	True
S1-927211626		False
S1-402292796	S2-823244242,S2-28414282,S2-477721599,S3-211851381,S3-749046646,S3-435704189	True
S1-851459572	S3-814222736,S3-496416163,S3-446838879	True
S1-700909183		False
S1-968744010		False
S1-805261728	S3-691446232,S3-284856413,S3-373190591	True
S1-983370975		False
S1-220590893	S2-355640703,S3-929944901	True
S1-994914981	S2-530908795,S3-462225450	True
S1-816156128		False
S1-873392932	S3-933621422,S3-488481772,S3-256435376	True
S1-998866665	S2-271031802,S2-505800810,S3-881792070	True
S1-981934658	S2-948015229,S2-293453747,S2-574117867,S3-241618826,S3-772318041	True
S1-524039464	S3-498640019,S3-890621565,S3-303403938	True
S1-345474523		False
S1-759804822		False
S1-762760455	S2-424496111,S2-320679408,S2-670152660,S3-11494413,S3-533652193,S3-278480149	True
S1-408359572		False
S1-397941602	S3-290564031	True
S1-698952173		False
S1-471295235	S2-966839241,S2-159730232,S3-395320981,S3-508059763	True
S1-844726988	S2-430127987,S2-934401474,S3-569964887,S3-822557735	True
S1-821416509	S2-436609623,S2-439322617,S2-559105243,S3-583748850,S3-5465702	True
S1-813169993	S2-19162108,S2-892459740,S3-863897181,S3-35297960	True
S1-466724378	S2-808710711,S2-919242909,S3-323967010,S3-64867977	True
S1-941532273		False
S1-906352645	S2-891272346,S2-137443760,S2-437942693,S3-226814213,S3-566454910,S3-147302296	True
S1-111206568	S2-238425915,S3-652409267	True
S1-274545016		False
S1-343702928		False
S1-400699654		False
S1-724057898	S2-167597436,S2-879663880,S2-211669323,S3-339136405	True
S1-785467284		False
S1-865681399		False
S1-48129191	S2-186301881,S2-644846327,S3-390053982	True
S1-671016086	S2-999470165,S3-339751806	True
S1-779877157		False
S1-50471305		False
S1-61090133		False
S1-108564342	S3-128080207	True
S1-92264174		False
S1-924397514		False
S1-291808183		False
S1-936059020	S2-124615086,S2-475348984,S2-702459621,S3-611611753	True
S1-337394960	S2-465396076,S2-509457625,S2-845065360,S2-61754703,S3-844714684,S3-635197750,S3-352703209	True
S1-873076941	S2-55910432,S3-438745889	True
S1-193939964	S2-834401917,S2-53445103,S3-243730886	True
S1-801339769	S2-780007649,S2-190890184,S2-622444636,S3-774345256,S3-254895887,S3-952919215	True
S1-526570419		False
S1-122084859		False
S1-751727578	S2-575471788,S2-222841681,S3-387044785,S3-467728590	True
S1-751384687		False
S1-291655090	S2-511612056,S2-829860511,S3-590548885	True
S1-74146373	S2-93912015,S2-951529761,S2-538048145	True
S1-723629507		False
S1-140869427		False
S1-755619525	S3-28931540	True
S1-907690447	S2-842161320,S2-767157324,S3-820895371	True
S1-488210448	S2-571955843,S3-233326803,S3-830829687	True
S1-854640733	S2-872591506,S3-209433677	True
S1-115689042	S2-492075993,S3-572438777,S3-773452073	True
S1-185588631	S3-525247241,S3-39609002	True
S1-787255757		False
S1-83986791	S2-698215201,S2-884349461,S3-273302894	True
S1-851036231	S2-904531384,S3-229463794	True
S1-192966515	S2-814559420,S3-807520825	True
S1-351183276	S2-309967295,S3-188092456	True
S1-890998220	S2-97969111,S3-701119521,S3-58692972	True
S1-930899191	S2-25903878,S3-384538743	True
S1-24699791	S2-167593275,S2-269411218,S2-535449424,S3-963790147	True
S1-55125204		False
S1-381264063	S2-876728005,S2-925010000,S2-156187107,S3-488784252	True
S1-206012275		False
S1-716873995	S2-915887841,S3-143714457,S3-310932620,S3-248163701,S3-734601579	True
S1-274883323		False
S1-848704525	S2-80511604,S3-575708037	True
S1-959560009	S2-913830311,S3-638109898,S3-740799732	True
S1-192637143	S3-211594108,S3-381199990	True
S1-177864033	S2-612049745,S2-891062929,S3-483643083,S3-498713317,S3-317020310	True
S1-211343725		False
S1-535747902		False
S1-119622476		False
S1-389067904		False
S1-640084431	S2-82423993,S3-138589044,S3-66473464	True
S1-691670928		False
S1-334337007		False
S1-288229912		False
S1-645186010	S2-846693696,S3-849843241	True
S1-668943405		False
S1-757333565		False
S1-313149513		False
S1-981796504	S2-561165655,S2-120745800,S3-234161304	True
S1-96165225	S2-938322312,S3-271627012	True
S1-940107686	S2-478701725,S3-761213509,S3-61157883	True
S1-25514909	S2-625044167,S3-612421488,S3-69524230	True
S1-945474119		False
S1-927043740	S2-958138904,S3-879290269,S3-513710941	True
S1-944301503		False
S1-379237281		False
S1-519933092		False
S1-821249345	S2-485715344,S2-625444180,S3-509154509,S3-381066767,S3-923238632,S3-285512215	True
S1-753907203	S2-303689390,S2-15755527,S2-677472707,S2-742600232,S3-80815826,S3-28422425,S3-629736315,S3-102354332,S3-314226922	True
S1-730542788	S2-600453949,S2-817718644,S3-893092885	True
S1-635046890	S2-557663863,S2-546992287,S3-922429063	True
S1-209864353	S2-922270865,S2-510397376	True
S1-920665309		False
S1-9652851		False
S1-203551905	S2-602573550,S2-445953058,S2-213493651,S3-359799352,S3-595963744,S3-569916481,S3-459407226	True
S1-111252437		False
S1-935728567	S2-906419270,S2-707004982,S3-99216309,S3-442861886	True
S1-231077399		False
S1-279282965	S2-98787578,S3-375989778	True
S1-856791806		False
S1-361990643		False
S1-892538465		False
S1-773895185	S2-88797698,S2-578938506,S3-692829778	True
S1-178634069	S2-446763887,S2-303701615,S3-60104530,S3-58877253,S3-642476643	True
S1-476777211	S2-582113346,S3-857324259	True
S1-504285498		False
S1-218405693	S2-819559978,S3-296117515,S3-198112495	True
S1-805540367		False
S1-307297335	S2-216284386,S3-291122571,S3-32124383	True
S1-826335153		False
S1-736210234		False
S1-6164105	S2-483916243,S2-904048736,S2-117062788,S3-292342847	True
S1-415250737		False
S1-257112487		False
S1-219375759		False
S1-528961909		False
S1-197859661		False
S1-73907953		False
S1-81377886		False
S1-325020669		False
S1-993725400	S2-875612295,S2-608132373,S3-624736066	True
S1-466779130	S2-988929454,S3-572356013,S3-861862984,S3-256757369,S3-120856378	True
S1-299883041		False
S1-264583443		False
S1-345543559	S2-509908128,S2-951608695,S3-223948746	True
S1-365665537		False
S1-70580308	S2-701525541,S2-667010778,S3-894115649,S3-303690358	True
S1-46690670	S2-475846311,S2-795680508	True
S1-762485558		False
S1-644925782	S2-191287870,S2-618524436,S3-327418985,S3-437354785,S3-306073405	True
S1-511814358	S2-447756194	True
S1-245397016	S2-473776201,S2-750436199,S2-148194889,S3-192678427	True
S1-543883050		False
S1-567714138	S2-260806676,S2-503421885,S3-167671553,S3-245366553,S3-359271212	True
S1-42339719		False
S1-437873820		False
S1-459587506	S2-626129619,S3-369013723	True
S1-528500759	S3-946518653	True
S1-307547912		False
S1-542824680		False
S1-165453567	S2-458240337,S3-673607105	True
S1-958681898		False
S1-494192052	S2-424811165,S3-966303015	True
S1-706126150		False
S1-280678177		False
S1-90025664	S2-714792806,S2-339837255,S3-338114934,S3-272111268	True
S1-649717796		False
S1-237575235		False
S1-521855903		False
S1-710513649		False
S1-882437332		False
S1-470734088		False
S1-622284723		False
S1-913336710		False
S1-9187875		False
S1-88813699		False
S1-198113725		False
S1-868572299		False
S1-485281360		False
S1-715392164	S2-115905889,S2-88534209,S2-973674259,S3-652309653	True
S1-21578916	S2-98515756,S2-100928859,S2-537057772,S3-926820108	True
S1-256418464	S2-467508670,S3-70857313	True
S1-139809998		False
S1-469874455	S2-616756541,S3-414747078	True
S1-403972960		False
S1-310112868	S2-59562198,S2-341022729,S2-40824235,S2-477478556,S3-706085192,S3-466902407	True
S1-599884540		False
S1-989379505		False
S1-154433670		False
S1-324574830	S2-611430260,S3-695982902	True
S1-929311651	S2-626388389,S2-964901700,S2-27703989,S3-657484786	True
S1-623998627	S2-122066020,S2-179127233	True
S1-623403744	S2-615559691,S3-903739135,S3-658249942	True
S1-943992275	S2-534178779,S3-271340768,S3-843115171	True
S1-927933413	S2-741519468,S3-283952829	True
S1-14412510	S2-263475289,S3-441921446,S3-199725715	True
S1-801946211	S2-20928752,S2-826334105,S3-699969702	True
S1-19953435		False
S1-877297602	S2-329751191,S2-81852556,S2-863215084,S3-40019493	True
S1-35393217	S2-217264368,S2-822123941,S3-562933378,S3-281914861,S3-385548161	True
S1-202762244	S2-343842926,S2-983843407,S3-229762144,S3-9211456,S3-800547103	True
S1-225892966	S2-460380878,S3-150057549,S3-296618430,S3-323268325	True
S1-833195438		False
S1-415352942		False
S1-4154604	S2-335183692,S2-760671437,S2-829341407,S3-692854629,S3-926796176,S3-69317942	True
S1-645024370	S2-54661033,S3-411651450	True
S1-634196350	S2-48847539,S3-57786037	True
S1-227706668		False
S1-380260786	S2-334572087,S2-637182626,S3-905352352	True
S1-382802210		False
S1-539509593	S2-59385687,S2-202900982,S3-44010559	True
S1-46828436		False
S1-349086604	S3-83539696,S3-890338145,S3-516394886	True
S1-817117937		False
S1-283127254		False
S1-164408180	S2-515529709,S2-712459834,S3-838471650,S3-28250012,S3-261488653	True
S1-379564437		False
S1-903495272		False
S1-851236786		False
S1-58305004	S2-247507367,S2-370161469,S3-465498173,S3-7322926	True
S1-796382265		False
S1-202292107		False
S1-915096168	S2-384992499,S3-975635780,S3-492296159,S3-721765934,S3-419916533,S3-354451934	True
S1-444748387	S2-253186979,S3-671597018,S3-594472183	True
S1-222855740	S2-754851533,S2-195316283,S2-277036847,S3-524391700	True
S1-622232957	S2-145371663,S3-42705928	True
S1-251605827		False
S1-584498220	S2-535164173,S2-307753605,S2-872975637,S2-783132705,S3-251537135,S3-308183815	True
S1-286326668		False
S1-519729373	S2-456773502,S3-413435357,S3-773203774,S3-240818785	True
S1-310244772	S2-639249802,S2-372144128,S3-383010486,S3-716736799,S3-496346228,S3-355221038	True
S1-260923224		False
S1-24122888		False
S1-145058193		False
S1-537246160		False
S1-361754274		False
S1-476532000	S2-253569670,S3-325167215	True
S1-308751288	S2-751374415,S2-537392470,S2-692209141,S3-74467464,S3-875047157,S3-342874518	True
S1-382589238	S2-580486105,S3-960823137,S3-522560865,S3-491504882	True
S1-710457999		False
S1-715792160	S2-622396015,S2-722549561,S2-261716697,S3-702286109	True
S1-690121106		False
S1-409771724		False
S1-205256204		False
S1-854109206		False
S1-476632836	S3-318017177	True
S1-311518370	S2-626273402,S2-472478723,S3-710019601,S3-178031162,S3-516615976	True
S1-627767594	S2-828457868,S3-464164330,S3-502356080	True
S1-75449157		False
S1-236554917		False
S1-961948370	S2-245429911,S2-388498441,S3-840750969,S3-349795040	True
S1-439998143		False
S1-157077537	S2-999608053,S2-999575929,S3-503966719,S3-380594990,S3-631753751	True
S1-119237040		False
S1-372845559	S2-411029632,S3-188614202	True
S1-558831691		False
S1-777922573	S3-210716602,S3-505249663,S3-796754703	True
S1-894943694	S2-895664245,S2-735501156,S3-262350583	True
S1-283905975		False
S1-770929655	S2-881574262,S2-747866158,S3-833032731	True
S1-969019879		False
S1-101897812		False
S1-266177858	S2-428328509,S2-256650834,S3-212777884,S3-270542986,S3-930382012	True
S1-5304065	S3-568564004,S3-752383540	True
S1-548817928	S2-563938171,S2-696497803,S3-365386401	True
S1-21309854		False
S1-868081861		False
S1-58823652		False
S1-735107583		False
S1-808501232		False
S1-659616590		False
S1-153831930		False
S1-288283482		False
S1-450780304		False
S1-44267945	S2-272366754,S2-242087518,S3-478980592,S3-342776576	True
S1-546143020	S2-518346447,S2-301359511,S2-705425095,S3-186995649,S3-932319017	True
S1-833675510		False
S1-399376874		False
S1-289171775		False
S1-601959005		False
S1-236151360	S2-20193442,S3-265969360,S3-413383972,S3-39509408,S3-656535922	True
S1-730193590		False
S1-448199357		False
S1-359514718		False
S1-307321347	S2-819412716,S3-275110987,S3-795425338,S3-765503751	True
S1-475653477	S2-99529314,S2-686777052,S2-21839207,S3-357610007	True
S1-225021464	S2-85892011,S2-412667697,S3-668243694,S3-957181603	True
S1-851985452		False
S1-654783748	S2-2502651,S3-850605126	True
S1-569231304		False
S1-515973078	S2-167412686,S2-48372230,S3-942738620,S3-261315975	True
S1-846123702		False
S1-139334662		False
S1-575222658		False
S1-844119683	S2-275335331,S3-828275248,S3-692562875,S3-447461796	True
S1-534790023	S2-551605159,S2-582333031,S2-539005056,S3-937685508,S3-871487972	True
S1-990155708		False
S1-440605591	S2-887538060,S2-889406179,S3-301019313,S3-216304969	True
S1-260952051	S2-975148765,S3-188201220,S3-630972749,S3-913786471	True
S1-995272289		False
S1-626741683	S2-686648733,S2-622800472,S2-891994171,S3-161163911,S3-593399955,S3-863454208	True
S1-141272185	S2-224936413,S2-251532954,S3-45860280,S3-925837563,S3-306978423,S3-381514463	True
S1-78831120	S2-763608613,S2-560125604,S3-968286727	True
S1-526987609		False
S1-700266829		False
S1-217349225		False
S1-970168999	S3-705553103,S3-895883996	True
S1-243967245		False
S1-254880522		False
S1-732742173	S2-838541122,S2-786844213,S3-492429075,S3-362164793,S3-934383295	True
S1-638815888	S2-610246947,S2-103395808,S2-497508641,S3-719894161,S3-201049252,S3-881050955,S3-653801315	True
S1-713765688		False
S1-333265161		False
S1-47900148		False
S1-369988752	S3-133142384	True
S1-871266009	S2-809436578,S2-958609234,S3-816889026	True
S1-751001992		False
S1-187114849	S2-393691380,S2-769249467,S2-44527809,S3-134557496	True
S1-452927183		False
S1-713401681		False
S1-465474045		False
S1-770455433		False
S1-109711792		False
S1-323274511	S2-751201376,S2-159572595,S2-132912376,S3-619148420,S3-467669532,S3-883872762	True
S1-385628582	S2-302706150,S3-465593897,S3-43383303	True
S1-652589285	S2-281449715,S2-59676484,S3-397935229,S3-969701968,S3-625916613	True
S1-148919441		False
S1-767462515		False
S1-211715971	S2-411123230,S2-595029344,S3-285708039,S3-195816392,S3-571460124	True
S1-786375577		False
S1-843091278		False
S1-431891158	S2-718778208,S2-465778298,S3-62255382	True
S1-413721123	S2-540136230,S3-51267698,S3-919997498,S3-903867881	True
S1-950012515	S2-513705659,S3-335411383	True
S1-972274126		False
S1-547069744		False
S1-958844113		False
S1-813825124		False
S1-588316609		False
S1-412633537	S2-46907449,S2-671512787,S2-548090058	True
S1-58211697	S2-36498607,S3-396273533	True
S1-158694446	S2-226383470,S2-808903229,S2-19447328,S3-964385028,S3-815011515	True
S1-96676662		False
S1-596708916	S2-72749694,S3-53879788,S3-945612394	True
S1-863946191	S3-283783928,S3-226898472,S3-954219885,S3-816387398	True
S1-754734579	S2-205748720,S3-972820266	True
S1-547129913		False
S1-395454276		False
S1-470002709	S2-906390671,S2-310850118,S2-482192729,S3-877969694,S3-78144939	True
S1-35499426		False
S1-310823381	S2-310345854,S2-62202442,S3-989343363,S3-328645154	True
S1-139461046	S2-691289047,S3-698442757,S3-758623230	True
S1-662044874	S2-707003699,S3-441807788,S3-318356287,S3-765259808	True
S1-495765060		False
S1-172453281	S2-997270591,S2-907505753,S3-55747292,S3-229615019,S3-242238103,S3-676248213	True
S1-5296775	S2-823816529,S2-626027746,S3-746334817,S3-450288760,S3-267873996	True
S1-738493821	S2-472146276,S2-507017519,S2-782256185,S2-259658913,S2-669454276,S3-925538544,S3-238431149	True
S1-814903911	S3-870408518	True
S1-705609708		False
S1-499708733		False
S1-960435354		False
S1-388687978		False
S1-795678476	S2-530541324,S3-991926676,S3-959999267	True
S1-194095970		False
S1-436664641	S2-350714374,S3-871799549,S3-499219567,S3-896391011	True
S1-78935041		False
S1-57672628	S2-236062312,S3-278623775,S3-97389700,S3-212850552,S3-221244082,S3-2566125	True
S1-996220362		False
S1-310247843	S2-652969346,S2-623250897,S2-248531080,S3-432706112,S3-101423531,S3-434517343	True
S1-410620696	S2-252006998,S2-630513284	True
S1-56067521		False
S1-69779219		False
S1-256523940	S2-811667158,S2-890091660,S3-660875430,S3-55167349	True
S1-748775520	S2-610900280,S2-334935513,S3-856607335,S3-468931970,S3-388779861	True
S1-361401300		False
S1-79543160		False
S1-466809554		False
S1-345544013		False
S1-121299216	S2-576786845,S3-836952266,S3-647485122	True
S1-944296796	S2-703826056,S2-858271553,S3-187558665,S3-515893655,S3-670646402	True
S1-440356181		False
S1-595623920	S2-778832045	True
S1-516345000	S2-325154254,S3-379399975,S3-604487208,S3-696701345,S3-341306133,S3-296349724	True
S1-906995005	S2-389940607,S3-823939094,S3-58291220	True
S1-203317956		False
S1-197933954	S2-735925856,S2-258304043,S3-9755853	True
S1-518333944		False
S1-140432140		False
S1-533930002		False
S1-638347784	S2-428356004,S2-169879545,S3-248826736,S3-628397503,S3-331804937,S3-851657344	True
S1-170081356	S2-493960018,S2-125972248,S3-807052843,S3-327069809	True
S1-156448653	S2-339474485,S2-662984098,S2-175659006,S3-635843264	True
S1-840664412	S2-730968314,S3-501529977,S3-45583563,S3-310923926	True
S1-713970165	S2-911109821,S2-802065040,S2-123288228,S3-16097330,S3-485458551,S3-44937284,S3-514525758	True
S1-935192883		False
S1-770201057		False
S1-333492399	S2-80926545,S2-700206049,S3-610992703,S3-914355790,S3-979423093	True
S1-201461821		False
S1-276382387	S2-556658996,S2-753209510,S3-913662031	True
S1-118338310		False
S1-345879147	S3-118236907	True
S1-4703042	S2-781920946,S3-715586886,S3-970048557	True
S1-150740479	S2-617189832,S3-451983264	True
S1-335403735		False
S1-495835416	S2-592039247,S2-875708389,S2-320013646,S2-44075497,S3-477084171,S3-200572992	True
S1-579779192	S2-424012540,S2-787338785	True
S1-776501538	S2-7592941	True
S1-295971257		False
S1-212008439		False
S1-398453118	S2-819044945,S3-956923454,S3-331782877	True
S1-904905218	S2-895383798,S2-200908085,S3-918894062	True
S1-16783913		False
S1-917236674		False
S1-964867171	S2-770663692,S2-975594804,S2-985369949,S2-651329209,S3-211320001,S3-380693266,S3-885803758	True
S1-221494396		False
S1-357270557	S2-617045384,S2-26937607,S3-265886047	True
S1-830572784	S2-517414436,S2-516683337,S2-724093351,S3-683271417,S3-6499027	True
S1-259188488		False
S1-772080548	S3-421819096	True
S1-398014697	S3-68856684,S3-159848852,S3-665851640	True
S1-491917964	S2-793820811,S2-519573218,S3-226698264	True
S1-414047289	S2-293491628,S2-654952835,S2-957691007,S3-505641440	True
S1-306133851	S2-799744264,S3-100099793	True
S1-982389241		False
S1-666553327		False
S1-775322897	S2-582368181,S2-708738238,S2-601549403,S3-803487126	True
S1-356549863	S2-705047025,S3-787727389,S3-844892473	True
S1-597974464	S2-686620228,S3-530605775	True
S1-397934902	S2-124300367,S2-842409163,S3-737267282	True
S1-102659144	S2-673919127,S2-195561227,S2-517766191,S2-928282619,S3-636656879,S3-785323561	True
S1-954873757		False
S1-305098025	S2-519218804,S3-507298134	True
S1-691863308	S2-752146628,S2-213220202,S2-368507010,S2-650376888,S3-112911043	True
S1-389824069	S2-916791129,S3-900316612,S3-511196607	True
S1-610091605		False
S1-880401679		False
S1-330328510		False
S1-883695156		False
S1-170753108	S2-798598338,S2-638929760,S2-618346125,S3-201129962	True
S1-654307972	S2-207981346,S3-908182999,S3-742369752	True
S1-433465464	S2-614241122,S2-761118928,S2-538000498	True
S1-174570172		False
S1-602163247		False
S1-283321632		False
S1-789268463		False
S1-870028242		False
S1-8513777		False
S1-573897304		False
S1-57464269		False
S1-910293935		False
S1-418313447		False
S1-796892291	S2-853072048,S3-472916702,S3-305084465	True
S1-315694595	S2-813994051,S2-804979714,S3-710352426,S3-371424095	True
S1-137506231	S3-634356807,S3-743586443	True
S1-578808399	S3-50881481,S3-330885551,S3-601222602	True
S1-260356978	S2-157395031,S3-422194479	True
S1-151567320		False
S1-21858917		False
S1-12749893		False
S1-202997308	S2-484969686,S2-509115759,S2-107311190,S2-335934747,S3-432015809,S3-152140454	True
S1-967183797	S3-37057607,S3-236734176	True
S1-15461426	S2-35550235,S2-556861472,S3-966738128,S3-166615426,S3-597109380,S3-820915021	True
S1-374068726	S2-319913656,S3-631028541,S3-372743022,S3-807236112	True
S1-646495914	S2-413462756,S3-55412064,S3-992993945	True
S1-792146312	S2-695756515,S2-91647991,S2-681390562,S3-103141263	True
S1-203341147		False
S1-65801216		False
S1-564350418	S2-419427799,S2-786602541,S3-335890643,S3-739187096	True
S1-115310499		False
S1-548387535	S3-179533456	True
S1-782734223	S2-947299895,S2-58450646,S2-245881518,S3-182545621,S3-317621797	True
S1-783857923		False
S1-190482786		False
S1-377817843		False
S1-841351432	S2-136857022,S3-194469855,S3-564833843,S3-175039882	True
S1-866726688	S2-22613312,S2-521667491,S3-542011110	True
S1-412779003	S2-481202970,S2-837816906,S3-412415463,S3-553404128,S3-438282601	True
S1-435240866		False
S1-385528601		False
S1-993790438	S2-418286919,S2-890260060,S3-590812970,S3-226330561,S3-245008259,S3-694594944	True
S1-71548951	S2-624996029,S2-62301764,S2-117150940,S3-517209086,S3-337904328	True
S1-42723747	S2-718820778,S2-232797941,S2-877465510,S3-939197944,S3-967930614	True
S1-364376775		False
S1-675423754	S2-996154070,S3-31968583	True
S1-731825610		False
S1-729001701	S2-962869093,S2-953949137,S2-884928581,S3-654185872,S3-366086072	True
S1-825287063	S2-279130882,S3-29055278,S3-335391449	True
S1-951321394	S2-728065065,S2-850506574,S3-155605694,S3-253236603,S3-170546552,S3-84753360	True
S1-384416512	S2-97099861,S2-820878141	True
S1-992568788	S2-880537484,S2-737245940,S2-789378700,S3-775579639,S3-456353853,S3-495862190	True
S1-697427833		False
S1-698314967		False
S1-848962611		False
S1-238938931		False
S1-683867707	S2-777810285,S2-498489884	True
S1-457113743	S2-202905978,S3-117552384,S3-407669237,S3-21342355	True
S1-188490078	S2-63801544,S2-535690860,S2-569412074	True
S1-224914606	S2-683245182,S3-354014444,S3-572079137,S3-496038590	True
S1-131636852		False
S1-103490905	S2-371208668,S3-699419019	True
S1-318414998		False
S1-217457817		False
S1-377921924	S2-993093313,S3-728453295,S3-192540391	True
S1-702768217	S2-463604539,S3-790899746,S3-632900030,S3-5473495	True
S1-744567041		False
S1-862989863	S2-454316677,S2-704331122	True
S1-544884761	S2-961358033,S3-936661499	True
S1-959319480	S3-806153598	True
S1-867861262	S2-189574792,S2-729035713,S3-897769289,S3-157752974,S3-909061428	True
S1-428957529		False
S1-320422876	S2-554994681,S2-174460871,S3-319976737,S3-447422992	True
S1-797316690	S2-648490478,S2-79105535	True
S1-459136103	S2-802536458,S2-590614680,S3-137487698	True
S1-721998976	S2-691362346,S3-37816631	True
S1-344040511	S2-841620965,S2-588518605,S3-811895392	True
S1-753299078	S2-104351818,S2-208776955,S3-27322229,S3-262174185,S3-615978888	True
S1-765120988		False
S1-682624160		False
S1-171254550		False
S1-813682207		False
S1-746225275	S2-7675125,S3-972898016,S3-722932183	True
S1-45765447	S2-966027043,S2-217132905,S3-297335259	True
S1-202435923	S2-298986068,S2-814028028,S3-203750267,S3-274803166,S3-172142237	True
S1-814863708	S3-489853596,S3-88830695	True
S1-134245591		False
S1-564935265		False
S1-745444478	S2-742455446,S3-255484360,S3-243118454,S3-661920870	True
S1-266422613	S3-323129537,S3-163411258	True
S1-93588007		False
S1-220150878		False
S1-954080723	S2-827372542,S3-40622595,S3-150436624	True
S1-336120432		False
S1-947483595	S2-138202747,S2-768472009,S2-526732700,S3-298430792,S3-279935775,S3-207962527,S3-524661847	True
S1-740034804	S2-780387637,S2-803202144,S3-350063297,S3-479147982,S3-564506097,S3-311987956	True
S1-597613650	S2-552714026,S2-691555519,S3-564913839,S3-589385636,S3-295219195	True
S1-731713539	S2-679160378,S2-269459336,S2-428320656,S3-476823576,S3-750374127	True
S1-419613395		False
S1-31332541	S2-948828668,S2-51524577,S3-711661443,S3-609681951,S3-546334948	True
S1-165630056		False
S1-842691518		False
S1-537126168	S2-236754788,S2-378963795,S3-736168964	True
S1-340958465	S3-72772042	True
S1-439402257		False
S1-711356823	S3-360990837	True
S1-538812808	S2-273422827,S2-332880370,S3-530434450,S3-789850563	True
S1-259549214		False
S1-398338480		False
S1-353339207		False
S1-342039306		False
S1-920586900		False
S1-11753774	S2-251008077,S3-374139542,S3-994963307	True
S1-49567779	S2-196017519,S3-54664496	True
S1-838941464	S2-859506807,S2-874712105,S3-303539953,S3-137264888	True
S1-990574529	S2-193687088,S2-238996604,S2-139623694,S3-220674234	True
S1-528670831	S2-531423659,S3-629898980,S3-820902239	True
S1-171848274	S2-933546844,S3-649697554,S3-611262372,S3-951533223,S3-535374885	True
S1-632157893	S2-999287067,S3-352107393,S3-497585029,S3-3679148	True
S1-423699129		False
S1-445722373		False
S1-447189205	S2-872323417,S3-982280554	True
S1-421978394	S2-597730646,S2-191059072,S3-88920325,S3-673599713	True
S1-684156650		False
S1-283746654	S2-285782981,S2-316366793,S2-148075985,S3-254006860,S3-391762971,S3-704106218	True
S1-216178659	S2-110668508,S2-696272700,S2-747627551,S3-331310435,S3-361135317,S3-955221728	True
S1-959877748		False
S1-571771762		False
S1-713434939	S2-529164056,S3-534581856	True
S1-716635455	S2-777222285,S3-64585513,S3-690907681	True
S1-812068769	S2-922896689,S2-700428411,S2-545449629,S2-50787509,S2-777074753,S3-722659787,S3-943171521	True
S1-38500846	S2-505081094,S2-543784097,S3-309633375	True
S1-638764421		False
S1-874225388	S2-22708636,S2-647785353,S3-200735221	True
S1-568701703	S2-493320059,S2-333128540,S2-68859710,S3-235214120,S3-663187920	True
S1-129254618		False
S1-308586527	S2-847464889,S2-47384977,S3-533588517,S3-112411972	True
S1-964907454		False
S1-366913541	S2-745535859,S2-831644578,S3-938346015	True
S1-98869799		False
S1-433996542		False
S1-271536735		False
S1-805106218	S2-633642256,S2-71873759,S3-74937320,S3-875999128,S3-958467743,S3-6692248	True
S1-890875483		False
S1-741984012		False
S1-317274689	S2-869180478,S2-701362546,S2-471843966,S3-573528288,S3-757760451	True
S1-612024757	S2-104697231,S3-447879561	True
S1-102657821	S2-738331397,S3-512384723	True
S1-488947653		False
S1-138538181		False
S1-844965543		False
S1-648181097	S2-295048876,S2-825123006,S3-156155654	True
S1-216216691		False
S1-611080344		False
S1-179744067		False
S1-5843839		False
S1-949790630		False
S1-664985434		False
S1-301089262		False
S1-35042801	S3-180486061,S3-685672174,S3-965689832	True
S1-937112223		False
S1-788687526		False
S1-662581652	S2-466190617,S2-374819356,S3-941811091,S3-232067633,S3-182273359	True
S1-206035048	S2-831328942,S3-582086038	True
S1-823344861	S2-114146568,S2-287093213,S3-179099942,S3-846886306	True
S1-873171559	S2-756092317,S3-890144563	True
S1-601806468		False
S1-607625513		False
S1-949847318	S2-250749951,S2-117112104,S3-863584509	True
S1-290686457		False
S1-26248464		False
S1-51920463	S2-360759392,S3-384682272,S3-927539023,S3-187123204	True
S1-206519799		False
S1-553553617	S2-202059661,S2-110404520,S3-718840395,S3-233629532,S3-984368607,S3-384053396	True
S1-581106794		False
S1-144726199		False
S1-461774461	S2-654321484	True
S1-479797180	S2-213419148,S2-58868085,S3-8352447,S3-399644707,S3-441459136	True
S1-672403732	S2-60721828,S3-43738156,S3-497852348,S3-530442058,S3-120726007	True
S1-239333040		False
S1-222349675	S2-757243437,S2-855860863,S2-949903355,S3-367796294,S3-534335026	True
S1-723606023	S2-73508078,S2-372868768	True
S1-438797084		False
S1-472683154		False
S1-553504826	S2-525063111,S2-623397355,S2-400126797,S2-331234917,S3-935086489,S3-381387983,S3-497613679	True
S1-669574212		False
S1-512884739	S2-148749333	True
S1-789876568	S3-240355599,S3-961188106	True
S1-526707575	S2-542321618,S3-555075308,S3-586556218	True
S1-983995772		False
S1-566156431		False
S1-130628402		False
S1-398572956		False
S1-879777		False
S1-652944563	S2-371703316,S3-489880565	True
S1-470429437		False
S1-710367668	S2-851040586,S2-115123632,S3-218502506	True
S1-372247100	S3-349197103	True
S1-544759562	S3-913003869	True
S1-8878322		False
S1-35609626		False
S1-313660332		False
S1-714302856	S2-982323410,S2-825839430,S3-138620637	True
S1-152186577	S2-354105563,S3-383922945	True
S1-803373516		False
S1-895268142		False
S1-139571236		False
S1-514530148		False
S1-251506216		False
S1-500304561		False
S1-774955970	S2-28746240,S3-211796181,S3-411853568,S3-859007102,S3-180287946	True
S1-931199879	S2-378854321,S3-124651294	True
S1-738397433	S2-275686271,S2-755165072	True
S1-51676624		False
S1-206333095	S2-773881637,S3-245869152	True
S1-814922314		False
S1-127367881	S2-199741616,S2-707067662,S2-701117537,S3-771058367	True
S1-315442991		False
S1-380417123		False
S1-213844312	S2-369271225,S2-342559778,S3-653389885	True
S1-715148894	S2-879829122,S3-421061259,S3-405541547,S3-980548383	True
S1-669355070		False
S1-881851603		False
S1-718960728		False
S1-419392739		False
S1-155280307	S2-680810533,S2-464534114,S3-585584722,S3-917036859	True
S1-536461199	S2-896481129,S2-559960219,S3-116510217,S3-219062493	True
S1-966465915		False
S1-520090162	S2-15220545,S2-220879502,S2-521985378,S3-812604544,S3-758050538	True
S1-546254431		False
S1-515320785	S2-422509157,S2-539534543,S2-800527921,S2-670364033,S3-178339070,S3-344906713	True
S1-301933135		False
S1-98039654	S2-317246899,S2-158431803,S3-717598054,S3-635069568	True
S1-722155613		False
S1-895601252	S2-628057700,S3-402715164	True
S1-530400010		False
S1-406264067		False
S1-223955447	S2-98836379,S3-982494971	True
S1-737094722		False
S1-95089790	S2-245323337,S2-886365379,S2-804932372,S3-504789540	True
S1-42727738	S2-782172549,S3-865881025	True
S1-129742274	S2-282868267,S2-868838282,S3-84776241	True
S1-265421420	S2-90392134,S2-226908276,S3-62946296,S3-304195470	True
S1-418893596		False
S1-618382690	S2-209102783,S2-503037435,S3-974144767,S3-103915056	True
S1-786910793	S2-353103636,S2-332261322,S3-68555293,S3-569203568	True
S1-733531343	S2-679946699,S2-116542146,S2-340117233,S3-63591644	True
S1-150186751	S2-284576717,S2-765549575,S2-120259185,S3-244064659,S3-13036362,S3-965041266	True
S1-648724982	S2-801813731,S2-340397334,S3-615786696,S3-499551817,S3-471977998	True
S1-124288578		False
S1-392709967		False
S1-509033835	S2-699428261,S3-122087845,S3-809091282,S3-877026139	True
S1-78048670	S2-170402588,S2-834116874,S2-949201097,S3-297955824	True
S1-164219759	S3-604345584,S3-549628926	True
S1-801287623		False
S1-979635415		False
S1-565932104	S2-99394368,S3-119005987	True
S1-907854382	S2-414111986,S3-901967929,S3-635985827	True
S1-360626895		False
S1-664697658		False
S1-35438121		False
S1-457695402		False
S1-796723572	S2-86650893,S2-389755301,S2-494136866,S3-869218450	True
S1-937032507		False
S1-199100700	S2-945657587,S2-626744391,S2-375730272,S3-405194599	True
S1-514924787		False
S1-220019392		False
S1-292056742		False
S1-751751511		False
S1-639135910		False
S1-136672734	S2-345588235,S3-311079062,S3-513718125	True
S1-947253061	S2-202053587,S3-508073630,S3-42200797	True
S1-556377301		False
S1-33511354		False
S1-67002041	S2-809141490,S2-817457959,S3-203982286	True
S1-547614440	S2-475816,S2-120199574,S3-843131009	True
S1-32729487	S3-682566574,S3-164901199	True
S1-802199704		False
S1-90116678	S3-233565845	True
S1-5325112		False
S1-96274438		False
S1-811265762		False
S1-380240931		False
S1-930259999		False
S1-174490138		False
S1-52340582	S2-947854310,S3-431110727	True
S1-89790195	S2-722458667,S2-35456195,S2-936391770,S2-617438724,S3-663934547	True
S1-157421263	S2-986580732,S2-823379799,S2-883694279,S3-90741643,S3-145306898,S3-323492113	True
S1-306914709		False
S1-560608519		False
S1-605713331		False
S1-267390529		False
S1-152469714		False
S1-368234284		False
S1-294222515	S3-100066465,S3-852700749,S3-392011251	True
S1-61758808		False
S1-759645917		False
S1-468586751	S2-309267477,S3-863982428,S3-187093243,S3-819716332	True
S1-326876500	S2-252405867,S2-706806771,S3-225132409,S3-101869494	True
S1-92535982	S2-798923493,S2-286946769,S3-544091552	True
S1-608344103		False
S1-677610369	S2-143115034	True
S1-982679078	S2-769159482,S3-862781880,S3-371604222,S3-437818733,S3-404794905,S3-350603761	True
S1-712124954	S2-730338784,S2-633531097,S2-749514253,S3-174015154,S3-165673548	True
S1-910017406	S2-186486783,S2-637594254,S3-943415982,S3-440217696,S3-454391408	True
S1-33990867	S2-872988051,S3-616305565	True
S1-684908722		False
S1-572881722		False
S1-688979961	S2-977391155,S3-559326666	True
S1-82461207		False
S1-276961640	S2-62110185,S2-515070985,S2-832749705	True
S1-245413377	S2-493033030,S2-514806057,S2-888282593,S2-792602313,S2-447841447,S3-812874806	True
S1-202628959	S2-272413457,S2-944768321,S3-869737678,S3-624464968,S3-340104203,S3-830199592,S3-569586676,S3-906000187	True
S1-877793745	S2-903302202,S2-969106288,S3-906179327,S3-904585573	True
S1-513160426	S2-408992477,S2-262987179,S2-730594813,S2-777289332,S3-762916030	True
S1-304680702		False
S1-40752197	S2-798712635,S2-926110294,S2-766010499,S3-341044611	True
S1-343280877		False
S1-10733430		False
S1-852213528		False
S1-304939755		False
S1-856296350	S2-361350232,S2-389467328,S2-386369351,S2-428044655,S3-506096367,S3-222646034,S3-891436165,S3-337331758,S3-481552328	True
S1-685521688	S2-904453754,S2-632531890,S2-733890737	True
S1-690698821	S2-99545027,S2-873330310,S3-190496641	True
S1-420515563		False
S1-365836819		False
S1-787351426	S2-456135514,S2-91805844,S3-570260187	True
S1-725187728	S2-404569104,S3-984090578	True
S1-718104084		False
S1-25808258		False
S1-236177218		False
S1-767194338	S2-966241953,S2-700334407,S2-570495929	True
S1-583753866	S2-746969745,S2-627589054,S3-420259402,S3-697541391	True
S1-959588204		False
S1-986289234	S2-496767996,S2-36908348,S3-959877577,S3-702183986,S3-386074079,S3-450152960,S3-324707252	True
S1-589279624	S2-71955856,S3-121166527,S3-149626187,S3-863507253,S3-838117811,S3-929871179	True
S1-64579340	S3-254065869	True
S1-109608431		False
S1-760212102		False
S1-799874496		False
S1-579216831	S2-17987818,S3-648210478,S3-710472901	True
S1-531688024		False
S1-210022092	S2-472392747,S3-971287031	True
S1-668662227		False
S1-5116870	S2-352816078,S3-138701561	True
S1-887392	S2-502938740,S2-132796467,S3-689616735,S3-692399849,S3-304501819	True
S1-755121071		False
S1-595490242	S2-288163369,S2-272223258,S2-450321351,S3-492974696,S3-118209247,S3-123627710	True
S1-335975483	S2-574617272,S2-412005346,S3-121776845	True
S1-223267480	S2-794680564,S2-569710512,S3-966170584,S3-202045484	True
S1-34314482		False
S1-271344519	S2-694373781,S3-239002400	True
S1-98896803		False
S1-29620789	S2-242473074,S2-760469239,S3-55764694,S3-901360682,S3-528565802	True
S1-353858846	S2-650546544,S2-174236203,S3-201883945	True
S1-315660141		False
S1-994993266		False
S1-602985928	S2-739097378,S3-420010491,S3-768763730	True
S1-504298646		False
S1-615056597		False
S1-684625446		False
S1-842653029	S2-396844273,S3-658580543,S3-312119017,S3-716754808,S3-856012480	True
S1-830141342		False
S1-920837366		False
S1-650062071	S2-325811242,S2-333830444,S2-969703324,S3-512833753,S3-593820729,S3-168082169	True
S1-414654250		False
S1-311936719	S2-321968487,S2-757889223,S2-286611180,S3-17410397,S3-555471160,S3-463855849	True
S1-352763430	S2-918365252,S2-418658609,S3-82723159,S3-218368023,S3-116788289	True
S1-600367286		False
S1-766832711	S2-958174106,S3-12051562	True
S1-585027956	S2-358043307,S3-428518512	True
S1-46317230		False
S1-113458710	S2-985152446,S2-458714289,S3-416692792,S3-929913509	True
S1-299180540	S2-698064970,S3-83157400	True
S1-53772698	S3-609358061,S3-351982091	True
S1-716790550	S2-370118696,S2-766247541,S3-754662083	True
S1-260375719		False
S1-720431311	S2-338324725,S3-824183172,S3-166000395	True
S1-535518082		False
S1-170614451		False
S1-750082097	S2-986826778,S3-391426188,S3-485342028,S3-844665862,S3-754840209	True
S1-879837204	S2-507264984,S2-941901241	True
S1-955008112	S2-962724999,S3-434121254	True
S1-976970960		False
S1-613102353		False
S1-603462548	S2-592654206,S2-562681412,S2-495083297,S3-770521920,S3-148055982	True
S1-710991470	S3-19500853,S3-421693604	True
S1-947571548	S2-751047530,S2-85719313,S3-55391857	True
S1-529439972	S2-801778684,S3-853191695,S3-773018249,S3-225127080,S3-445470656	True
S1-176089671		False
S1-674700545	S2-352086711,S2-726813438,S2-550414718,S2-806435630,S3-723080291,S3-171205407	True
S1-768293294		False
S1-985962684	S3-763480298,S3-161331208,S3-635731923	True
S1-124258631		False
S1-109892804		False
S1-868480428	S2-337898125,S2-76704887,S3-993394685,S3-295765240	True
S1-24519478		False
S1-767023899		False
S1-655810834		False
S1-85619225	S2-95131991,S2-359564552,S2-835876116,S3-48261984,S3-570716938	True
S1-740358013		False
S1-63497087		False
S1-122290177		False
S1-775436833		False
S1-351568160		False
S1-689872133	S2-45474079,S3-22001247,S3-867897511	True
S1-267531740	S2-851490749,S3-270200941,S3-329572413,S3-573969897,S3-466035547,S3-987401091	True
S1-858756590	S2-8435082,S3-36639226,S3-740461469	True
S1-60964282		False
S1-392813225		False
S1-220886046		False
S1-250052539		False
S1-465518460	S2-855096356,S2-862914978,S3-377339938	True
S1-883648201	S2-428599892,S2-401640311,S2-653093621,S3-234782956,S3-696881693	True
S1-787270020		False
S1-410340793	S2-636737546,S3-554894827,S3-838679645	True
S1-270077654	S2-893537395,S2-845179182,S2-93626467,S2-475965864,S3-481506655,S3-792238245,S3-526489697	True
S1-329579958	S2-403740971,S2-800015062,S2-16964929,S3-166069913	True
S1-849082332	S2-857072286,S2-495172680,S3-884615120,S3-954524589,S3-852103173	True
S1-705222994	S2-479133889,S2-897614131	True
S1-134866417		False
S1-425262969		False
S1-787906602		False
S1-52729849		False
S1-884385682		False
S1-608948755	S2-34566663,S3-286070807,S3-212726531	True
S1-555856515		False
S1-639319276	S2-982125585,S2-229922016,S3-967365,S3-635160330,S3-423684948	True
S1-102683370		False
S1-317377120	S3-719470602	True
S1-334561055	S2-737295891,S2-570437682,S3-187543415,S3-714904834	True
S1-775855904	S2-967013475,S2-914389579,S3-11205653,S3-766781064	True
S1-164706431	S2-343205485,S2-191751498,S2-844203725,S3-521964516,S3-796130024,S3-317410277	True
S1-32529479	S2-770613049,S2-585985064,S3-562048982	True
S1-163306123	S2-643534604,S3-196497392	True
S1-547567069		False
S1-420576988		False
S1-762601468		False
S1-129123293	S2-289829948,S2-222408231,S3-608607308	True
S1-631091616	S2-811663945,S2-781459098,S3-61997575,S3-487457979,S3-141658474,S3-620324774	True
S1-843178645		False
S1-859335439		False
S1-319449834		False
S1-790852869	S2-732842430,S3-787228884,S3-132523437	True
S1-276141673	S2-868120636,S3-542937825	True
S1-391225414	S2-132271692,S3-729752503,S3-682599601	True
S1-237358908		False
S1-818911123	S2-610319934,S2-826140203,S2-905407978,S3-983262180	True
S1-105910907	S2-413571133,S2-260840450,S3-948215287,S3-363603646,S3-938965230	True
S1-881761932	S2-10655134,S2-515586586,S2-806280020,S2-1963510,S3-556305859,S3-339368999,S3-34482463	True
S1-228083550	S2-553241990,S2-894009262,S3-668507154	True
S1-459040736		False
S1-927581300		False
S1-586907425		False
S1-434409723	S2-74063139,S3-662342097,S3-599817132	True
S1-349481713		False
S1-261430879		False
S1-829205335	S2-840061577,S3-573884155,S3-436116917	True
S1-227663438		False
S1-758534919	S2-757485398,S2-911872600,S2-660907610,S3-212752464	True
S1-52138965		False
S1-616558980		False
S1-247909177	S2-495875951,S3-81203644	True
S1-613846346	S2-981605459,S2-91019493,S2-737274415,S3-116363555,S3-598269009	True
S1-118485065	S2-626621870,S3-765105855	True
S1-646277269	S2-950729731,S2-134416636,S2-480567792,S2-103551766,S3-596998776	True
S1-584515231		False
S1-269621998		False
S1-113609747		False
S1-86626859	S3-820494267,S3-702357846	True
S1-31073748	S3-75744608	True
S1-866380782	S2-926064415,S3-49577312,S3-122127283,S3-378946799	True
S1-651819240	S3-568167421,S3-736991278	True
S1-76649130		False
S1-367828237	S2-794781567,S2-527317644,S2-153612754,S3-853575441,S3-787786436,S3-178384915	True
S1-998244734	S2-560346361,S3-652651600,S3-673224999	True
S1-850566995		False
S1-252801386	S2-42193742,S2-432919066,S3-736042523,S3-511042086,S3-528389872	True
S1-245232415		False
S1-326636060	S2-552842816,S2-507391111,S3-746128333,S3-617553737,S3-201633542,S3-590104710	True
S1-594243009	S2-221685930,S2-674850785,S2-566303424,S3-486101620,S3-74352323	True
S1-305454370	S2-340955616,S3-444216822	True
S1-117294516		False
S1-118312251	S2-619374432,S3-277766048,S3-277135923,S3-583798755	True
S1-378812198	S2-121795873	True
S1-194972351	S2-163861848,S2-408678092,S3-438930047,S3-138445541,S3-616456704,S3-158587248	True
S1-875203662	S2-214858244,S2-181041042,S3-92045350,S3-619282182	True
S1-928618606	S2-742888636,S2-334286167,S3-7194208,S3-925128669	True
S1-451919488	S3-299190402	True
S1-381806894	S2-51862201,S2-215541973,S2-9290486,S3-882935594,S3-396665413,S3-68795214,S3-492097317,S3-297361174	True
S1-938943094		False
S1-176642752		False
S1-946708829	S2-257577986,S3-125696151	True
S1-630130257		False
S1-569580024		False
S1-78094044		False
S1-387860650		False
S1-212084849	S2-265052053,S2-666638986,S2-137947734,S3-550699584	True
S1-853268697	S2-183820132,S2-939713912,S3-66607984,S3-936143154	True
S1-445063839	S2-659260058,S3-577762377,S3-227035692,S3-992855826,S3-634012616	True
S1-719274372		False
S1-747434401	S2-874695194,S2-114374962,S3-572234239	True
S1-999174737	S2-722335122,S2-142896387,S2-710712543,S2-666003155,S3-850612919,S3-862474494,S3-709198898	True
S1-529350071	S2-277490839,S3-513734713,S3-527098139,S3-587272037	True
S1-30129091		False
S1-755546018	S2-941025690,S2-803336127,S3-544325626	True
S1-406576511	S2-463953959,S2-408565325,S2-484766277,S3-763833344	True
S1-564931214	S2-640982909,S2-548202205,S3-615664957,S3-84082376	True
S1-634299029	S3-299925000,S3-66994837	True
S1-227243485	S2-560210380,S3-399833881	True
S1-908458535		False
S1-836567273		False
S1-321388064	S2-37185500,S3-822467585	True
S1-797711763	S2-632735202,S3-514353404,S3-599629239,S3-841546478	True
S1-577405311	S2-733243377,S3-712007843,S3-214882281,S3-130966479	True
S1-78089478		False
S1-119668462		False
S1-334061970	S2-5387043,S3-575907985	True
S1-26592346	S3-871556812,S3-754486473	True
S1-502515388		False
S1-445847459	S2-203346553,S2-383734371,S3-227997485,S3-754075452,S3-760176247,S3-994968354	True
S1-829572012		False
S1-301953446	S2-612130806,S3-780645273,S3-269079795	True
S1-41154595	S2-8865740,S2-715170855,S2-751499003	True
S1-812769667	S2-140059893,S2-829577840,S3-119769986,S3-569509783	True
S1-23174009		False
S1-174560811		False
S1-596400977	S2-989076424,S3-201230600,S3-940631544	True
S1-628642981	S2-519224249,S3-966655369,S3-665219071	True
S1-180912806		False
S1-531028105		False
S1-415068598	S2-383051092,S2-504460333	True
S1-929569188		False
S1-86149244		False
S1-908189782	S2-732389356,S2-897424658,S2-260849942,S3-152246111,S3-533517489	True
S1-685531377	S2-119418300,S2-813928428,S2-106056561,S3-700535326	True
S1-657560286		False
S1-307302057		False
S1-943526667		False
S1-218273836		False
S1-481211455	S3-629829175	True
S1-462350389		False
S1-637848935	S2-289112459,S3-974308362,S3-723060903	True
S1-164629906	S2-681188735,S2-765861645,S3-371688361,S3-864806954	True
S1-592534034		False
S1-628418757		False
S1-620073449		False
S1-165545851		False
S1-163854460		False
S1-793414912		False
S1-742290245	S2-649447722	True
S1-611102804	S2-579124449,S3-372225408,S3-615449398	True
S1-654326201	S3-132802466,S3-56185895	True
S1-869977632	S2-847988151,S3-692817679	True
S1-732837554	S2-318300458,S2-275949239,S3-952988907,S3-775249398	True
S1-696373939	S2-120902727,S3-936212823,S3-929433063	True
S1-874391492		False
S1-844749684		False
S1-669101336		False
S1-953454683	S2-747772302,S2-345435027,S3-924587305	True
S1-90055545	S2-829175624,S3-380355816	True
S1-140459195	S2-908625142,S3-834576142,S3-195402520,S3-504903564	True
S1-789387845		False
S1-262449149	S2-784439747,S2-779009103,S3-228572817,S3-625795892	True
S1-673855353	S2-331723263,S3-172903782	True
S1-603166410		False
S1-489509439	S2-804062513,S2-339038950,S3-849330892	True
S1-68051370	S2-91799219,S2-724036192,S3-950437374	True
S1-515720159		False
S1-921618609	S3-116773515,S3-371335613,S3-237785399	True
S1-305149208	S2-479008712,S2-57222452,S3-790217366	True
S1-82582616	S2-383175654,S3-150814555,S3-120809056	True
S1-817260300	S2-314805669,S2-920793500,S3-380218035,S3-672408695,S3-912714042	True
S1-89765621	S2-442641082	True
S1-408925357		False
S1-203943561		False
S1-722911802		False
S1-549108900	S2-118835363,S2-297623382,S3-143563765	True
S1-147220159	S2-989467646,S2-84743601,S2-568515336,S3-396597676,S3-116625372	True
S1-532539311		False
S1-5756237		False
S1-953872322	S2-600861559,S2-217491248,S2-577122931,S3-885155093,S3-745926604	True
S1-471501780		False
S1-133496778		False
S1-915416598	S2-118243489,S2-615455869,S3-800190398,S3-524316442,S3-839103582	True
S1-454823164		False
S1-775289354		False
S1-582824221		False
S1-356990547	S2-728819457,S3-853137056,S3-722173308	True
S1-979421690		False
S1-501098572	S2-523396223,S3-477276000,S3-281331371	True
S1-746622194		False
S1-727992165	S2-899428573,S2-138432114,S2-980378060,S3-816350430,S3-776856202	True
S1-102524388	S2-648699015,S2-336387433,S2-118438108	True
S1-449401433		False
S1-896752321		False
S1-239234852		False
S1-286691711	S2-675132608,S2-211298086,S3-666056195	True
S1-227631821	S3-234753436	True
S1-353357886	S2-549275485,S3-479670005,S3-74530855,S3-497617662	True
S1-245462910	S2-724020356,S3-123359141	True
S1-706004724		False
S1-137975866	S2-978944657,S2-163238782,S2-40059611,S3-77549061,S3-368926240,S3-58560813,S3-196783813	True
S1-389534645		False
S1-767281938	S2-820481915,S2-526681084,S3-606544896	True
S1-943203042		False
S1-703166778		False
S1-59786419	S2-718504580,S2-958607382,S3-593146575,S3-725302188	True
S1-21871367	S2-491131829,S2-742608568,S2-631709880,S3-296120523	True
S1-370881402		False
S1-422085599		False
S1-292312023	S2-212154412,S2-339718846,S3-149226383,S3-768577917,S3-237999453,S3-573534596	True
S1-356194820		False
S1-7840341	S2-799234889,S3-960724219	True
S1-776231965		False
S1-417290521		False
S1-938002088		False
S1-627778039	S2-514037190,S3-607047007	True
S1-787276737	S2-683428680,S2-905870110,S3-771671937	True
S1-777350052		False
S1-193427565		False
S1-873326357		False
S1-884731846		False
S1-686419455	S2-632967098,S2-779315949,S3-869292571,S3-260024858,S3-413509315	True
S1-43590137		False
S1-198300171	S2-138111011,S3-727771031,S3-775624193	True
S1-712062842	S2-286317953,S2-152705111,S3-711916510,S3-547489312	True
S1-245050615	S2-626189447,S3-1059246,S3-818138728	True
S1-750016535	S2-2811530	True
S1-808070558		False
S1-907556078	S2-856355323,S2-571313267,S2-83045509,S2-556506678	True
S1-24730291		False
S1-108513602		False
S1-965336211		False
S1-696824041	S2-374727190,S2-797315780,S2-736341713,S2-871437705,S3-513384633,S3-573695381	True
S1-259647723	S2-354611464,S2-423448453,S3-902268877	True
S1-938102029	S2-263108710,S3-238566402,S3-19574066,S3-942139670	True
S1-975612806		False
S1-495202180	S2-954515531,S2-590569860,S2-501825310,S3-169991977,S3-627439213,S3-940514670	True
S1-263742054	S2-859061094,S2-43540471,S3-211470926	True
S1-322636818		False
S1-87311662		False
S1-927487967		False
S1-575604519	S2-202258868,S2-353443587,S2-194500590,S2-495210017,S3-744819931	True
S1-822848463		False
S1-853216925	S2-28555524,S3-89150019	True
S1-272285704	S2-428315407,S3-464214282,S3-683293581	True
S1-907646798	S2-372414792,S2-737394504,S3-679182944,S3-132977296	True
S1-103521129	S2-179003561,S2-224603205,S2-897481147,S3-4892293,S3-997673143	True
S1-262487090		False
S1-805583017	S2-815805079,S2-36403748,S3-819122991,S3-842123460	True
S1-229663362	S3-934477241	True
S1-56928630	S2-446759294,S2-682423400,S2-195212129	True
S1-613533560	S2-482147376,S2-573633057,S3-511970282,S3-75862929,S3-123448025	True
S1-313032014		False
S1-627363350		False
S1-420460883		False
S1-265331954		False
S1-917924447	S2-757105087,S2-951631549,S3-282792743,S3-810553804,S3-554114324	True
S1-3118868	S2-412950997,S2-675814174,S3-90556910	True
S1-363429881	S2-616403364,S2-444403643,S3-397086437,S3-907061911,S3-372924508	True
S1-886174750		False
S1-930539256		False
S1-82601978	S3-911994265,S3-28240705,S3-252904103	True
S1-656156612		False
S1-817994958		False
S1-325806751	S2-223532984,S2-630263206,S2-565736325,S2-646711569,S3-868031622,S3-906101480	True
S1-644954598	S2-505522875,S2-210813455,S3-835095527,S3-57264117,S3-660260402	True
S1-6361402		False
S1-769586991	S2-830719585,S3-845456766	True
S1-868770300	S2-83868278,S2-124853402,S3-754379123,S3-4819280	True
S1-22346261	S2-598426652,S3-264902153	True
S1-721141863		False
S1-610472212	S2-479603726,S3-361028429,S3-709962131,S3-410974649	True
S1-746531247		False
S1-400778469	S2-960215410,S2-280778622,S3-393456333	True
S1-689830940		False
S1-365471861		False
S1-444625061		False
S1-303569191		False
S1-850315598	S2-680362620,S3-858936308	True
S1-125938551	S2-275212677,S2-187838858,S3-707078218,S3-201171284	True
S1-89461994		False
S1-244442679	S2-260013671,S2-840114531,S2-309396936,S3-670238760,S3-6749158	True
S1-699734355		False
S1-910346769		False
S1-462992999	S2-831943316,S2-398395644,S3-872328113,S3-159270985	True
S1-861733475	S2-83075138,S3-690448471	True
S1-174667403		False
S1-195824441	S2-827034211,S2-635905715,S3-861631634	True
S1-697165884	S2-379431400,S3-827446350,S3-440150647,S3-70820503	True
S1-903049463		False
S1-308191350		False
S1-278337554		False
S1-333707146	S2-327201008,S2-966285435,S2-89867376,S3-267800542	True
S1-533656514		False
S1-346207821	S2-216373858,S2-870444677,S3-806668446	True
S1-641580128		False
S1-657610010		False
S1-860346192		False
S1-28824899	S2-792272369,S3-476805732	True
S1-977293578		False
S1-684868799	S2-269256055,S2-897359033,S2-905484878,S3-946510379,S3-912840997,S3-343164706	True
S1-284713222		False
S1-869786515	S2-697493154,S2-358720448,S2-508418311,S3-114221847,S3-111000686	True
S1-459205601		False
S1-360174110	S2-909672929,S3-650414301,S3-583591877	True
S1-95774488		False
S1-800548991		False
S1-416323260		False
S1-652625817	S3-770005218,S3-243374528	True
S1-775433499		False
S1-418767512	S2-363393746,S3-761412268,S3-524923809	True
S1-398094214	S2-826051266,S3-144423438	True
S1-21126044		False
S1-756799627	S2-711350192,S2-680299160,S3-871788194	True
S1-896210782	S2-395823600,S2-646643138,S2-583995197	True
S1-506423244	S2-172474997,S3-74055255	True
S1-344617389		False
S1-515367871	S2-429601919,S3-89692542,S3-376467829	True
S1-698590265	S2-162330081,S3-628474808	True
S1-220638138		False
S1-421671061		False
S1-86824587		False
S1-374134664		False
S1-161126001	S2-122075239,S3-854066103,S3-525149229	True
S1-541012693		False
S1-623928349	S2-651415341,S2-106094298,S3-23107265,S3-707838772	True
S1-870793979	S2-796186583,S3-827299478	True
S1-300796977		False
S1-820060645	S2-163676656,S2-109345319,S2-593570209,S3-235484098,S3-169439860,S3-227749001	True
S1-905719617		False
S1-245741394		False
S1-510610776	S2-623585275,S2-482056423,S2-158902685,S3-661212856,S3-20372809	True
S1-25586738		False
S1-322425683		False
S1-514089809		False
S1-107113920	S2-241905870,S2-644348485,S3-922740827,S3-597235148,S3-982529934	True
S1-257259079		False
S1-600623800	S2-361172561,S3-886589588	True
S1-143286159	S2-150537860,S2-357788858,S3-709689792,S3-715288019	True
S1-982169926	S3-765221457,S3-410449611	True
S1-301689465		False
S1-921284121		False
S1-975829395		False
S1-21242151		False
S1-927355346		False
S1-754573848		False
S1-307833027	S2-617476300	True
S1-760813561		False
S1-349548662		False
S1-764162910	S2-757020380,S2-475027130,S3-486775784,S3-557093807,S3-387415252	True
S1-684927893	S2-435939447,S2-701661617,S3-502257926,S3-274876377	True
S1-216842591		False
S1-953566564		False
S1-979586044	S2-230564756,S2-919036450,S3-899618156	True
S1-687257787		False
S1-981418313		False
S1-982454718	S2-974736721,S2-820700948,S3-31967675,S3-851886165	True
S1-286226298	S2-883358601,S2-105373374,S3-193498515,S3-639909172,S3-212167341	True
S1-783002707		False
S1-797578665		False
S1-20063203		False
S1-606750439	S2-742473890,S2-17250754,S3-861330537,S3-795747424,S3-177348549	True
S1-34009316		False
S1-477844551	S2-327634346,S2-475963785,S3-643594101,S3-908690976	True
S1-508548553		False
S1-144101718		False
S1-243916335		False
S1-439459535	S2-807859289,S2-734704311,S3-576115705	True
S1-492989759	S2-867537900,S2-933509435,S3-325286897,S3-801406184,S3-70286177	True
S1-158837996		False
S1-906315311		False
S1-157038996	S2-508566105,S2-705410978,S2-201083922,S3-544743778,S3-400144948,S3-117642554	True
S1-451852550		False
S1-633205057		False
S1-416959037		False
S1-518363216		False
S1-402812853	S2-430399171,S3-251605407,S3-665460662	True
S1-111485593	S2-213772591,S2-476123490,S2-632844548,S3-735612692,S3-894494479	True
S1-197691559		False
S1-388617413	S2-999827941,S3-133843385,S3-166426498	True
S1-810210451		False
S1-197197335		False
S1-343667568		False
S1-997657271		False
S1-996504397		False
S1-77251149	S3-479824806,S3-290064360	True
S1-441923885		False
S1-34050963	S2-640817832,S2-919972902,S3-22700643,S3-143356902	True
S1-408600014	S2-964426322,S2-704271191,S3-629581398,S3-701045924,S3-371277043	True
S1-709622453	S2-971859580	True
S1-866250669	S2-730714597,S3-699537405	True
S1-6344859	S2-92537499,S2-460767635,S2-153724676,S2-816260289,S3-684678815,S3-212666831	True
S1-350226198		False
S1-63153760		False
S1-279356620	S2-746495750,S2-861051219,S2-19012121,S2-308019674,S3-859845778,S3-601453471	True
S1-973203295		False
S1-588944620	S2-946654619,S2-413581619,S3-845434638	True
S1-480297014		False
S1-770863596		False
S1-684111305	S2-432097260,S3-404951417,S3-313833871,S3-653158261	True
S1-688768138		False
S1-431441275	S2-420995449,S2-956386460,S3-788333775,S3-878322128,S3-804398407	True
S1-816302627		False
S1-890589937		False
S1-516584674	S3-301445749	True
S1-566442257		False
S1-152705606	S2-353371852,S2-501011862,S3-467323751,S3-15757205	True
S1-912710271	S2-853611081,S2-739003563,S3-796212554	True
S1-105258065	S2-435950250,S2-643470883,S3-620271571,S3-211443118,S3-182590903	True
S1-565790824	S2-27325718,S2-313155635	True
S1-837508816	S2-762485730	True
S1-71549722	S2-668648284,S3-13371189	True
S1-498538534	S2-195337536,S3-148014310,S3-629306000	True
S1-296543063		False
S1-678949830		False
S1-937484823	S2-455303307,S2-421820014,S3-522598841,S3-23248358,S3-31765633	True
S1-271284199		False
S1-922479150	S2-883184049,S2-868057821,S3-246073748	True
S1-49768371	S2-75206392,S3-284599427	True
S1-663178647		False
S1-197235374	S2-240457293,S3-711503409,S3-892647001	True
S1-21554786		False
S1-206529820	S2-138557303,S2-554838370,S3-246297302	True
S1-170563702	S2-211166709,S3-242269888	True
S1-726889202		False
S1-391828028		False
S1-397690015	S2-796884099,S2-521943370,S3-437373591,S3-660925612	True
S1-543535362		False
S1-391673030	S2-836098562,S2-153947350,S3-550410455	True
S1-160330322		False
S1-858250943		False
S1-602775749	S2-161271237,S2-872504799,S3-174000230,S3-630600412	True
S1-525401724		False
S1-20405345		False
S1-516731749	S2-528481996,S2-937826367,S3-806819963	True
S1-742760293	S2-299675218,S3-572330148,S3-697580815	True
S1-184149695		False
S1-85304199	S2-596137029,S3-965694283,S3-976513400	True
S1-98427813	S2-52239898,S2-247507777,S2-949024449,S2-85287151,S3-70379845,S3-127627118,S3-805122453	True
S1-693748334	S3-634806563	True
S1-152733846		False
S1-680341322	S2-690448263,S2-462258867,S3-319977379,S3-682796505,S3-123004734	True
S1-251150916		False
S1-90687490		False
S1-71361218		False
S1-603740051		False
S1-41897706		False
S1-442719819		False
S1-959105511		False
S1-880704828	S2-508786222,S2-489247835,S2-173373396,S2-332783254,S3-105578153,S3-796182421	True
S1-789783300		False
S1-907004031	S2-938020942,S2-422890870,S3-578021361	True
S1-632872438		False
S1-244626084		False
S1-744375258	S2-289363956,S2-852338296,S3-67626728,S3-880492195	True
S1-287667968		False
S1-471195979	S2-348568285,S2-654112064,S2-636091501,S3-387916626,S3-810070710,S3-283390501	True
S1-150965156		False
S1-822497174		False
S1-948086705	S2-428180517,S3-723598022,S3-612719789,S3-114244133	True
S1-62875802		False
S1-820885496		False
S1-370577430		False
S1-870058732		False
S1-298860671		False
S1-772963676		False
S1-859608265		False
S1-622170483	S3-998403108,S3-302321772	True
S1-330269875		False
S1-730748824	S2-344752085,S3-644990006,S3-396871976,S3-430177722	True
S1-879459793	S2-116167712,S3-794103817,S3-983417068	True
S1-474559764		False
S1-338295466		False
S1-564175858	S2-560451192,S3-761796997,S3-959065728	True
S1-905421833		False
S1-179332855	S2-235815144,S2-628974025,S3-130683669,S3-355199587,S3-465577703	True
S1-228806910		False
S1-590047774		False
S1-511208376	S2-220228690,S3-417517771,S3-238910149,S3-980866910	True
S1-349225131	S2-457241998,S2-985061005,S2-837773777,S3-68095826	True
S1-177294876		False
S1-785204023	S2-442923637,S2-32807664,S3-342860155	True
S1-93062879	S2-697984143,S3-57532609,S3-253952919	True
S1-759232899		False
S1-305293063		False
S1-351308786	S2-576094936,S2-162023254,S2-374652168,S2-754938978,S3-716400723,S3-331781056	True
S1-420097391	S2-507156612,S3-385376433,S3-903603320,S3-499141044	True
S1-912003403	S2-494416255,S3-162020700,S3-319811195	True
S1-841268810	S2-714889333,S3-825081452,S3-658920731	True
S1-94638757		False
S1-305175917		False
S1-583889221	S2-445460767,S3-514645263,S3-460214821	True
S1-737159077		False
S1-575718525		False
S1-380186726		False
S1-873621424	S2-796993071,S2-114916698,S3-579803417,S3-577273755,S3-862527585,S3-369128177	True
S1-529704385	S2-706926235,S3-534157357	True
S1-80119197	S3-558364987,S3-555190856,S3-483359081	True
S1-873544386		False
S1-2984127	S2-712424611,S2-726283289,S3-674502451	True
S1-577611617		False
S1-719086549	S2-104205079,S3-706100703	True
S1-299343709	S2-987323794,S2-939764579,S2-129067170,S3-220062589	True
S1-934101367	S2-564097558,S3-280943762,S3-612657429	True
S1-518535870	S2-965684529,S3-60751914	True
S1-8052714	S2-517858035,S3-633382237	True
S1-257840824		False
S1-323756929	S2-904756797,S3-99433298	True
S1-534350564		False
S1-399894666	S2-993720145,S2-778086448,S3-585666479	True
S1-802428784	S2-491732489,S2-471412918,S2-903208447,S2-766864782,S2-269906331,S3-818804623,S3-361152979,S3-464190775	True
S1-971205596	S2-139069071,S3-268990084	True
S1-789916460		False
S1-865146205		False
S1-904973489	S2-448971333,S3-708951582	True
S1-696804053	S2-258920482,S2-266194983,S3-148365029,S3-41532803,S3-243875401	True
S1-632016796		False
S1-481975011	S2-494705649,S3-895386408,S3-495509610	True
S1-619754323	S2-913238035,S3-901037029,S3-542429254	True
S1-468722311		False
S1-821822827	S2-383678273,S2-816435862,S2-348689244,S3-396198296,S3-861274360,S3-856697058	True
S1-85397214	S2-932051098,S3-656085378,S3-222029654,S3-933407545	True
S1-599993670		False
S1-963423422	S2-571720550,S3-308653277	True
S1-179617684	S2-208715886,S3-935216286	True
S1-548077370		False
S1-547626497		False
S1-802590213		False
S1-877191715		False
S1-443669667	S3-200512584,S3-148009648,S3-795074928	True
S1-455641462		False
S1-355178064		False
S1-809952824		False
S1-86371474		False
S1-694405132	S2-981682368,S2-137127335,S3-530612755	True
S1-901376723		False
S1-965299249		False
S1-2479678		False
S1-212765400		False
S1-300290019	S2-201580352,S2-926710839,S3-222329545,S3-994700886	True
S1-709796621	S2-943145853,S2-450744833,S2-900980303,S2-70099252,S2-43986887,S3-797783196	True
S1-208783653		False
S1-972478890		False
S1-106413455	S2-829677637,S2-637646870,S3-628197790	True
S1-388321531		False
S1-530110033	S2-140881798,S2-735791190,S2-175623322,S2-714650205,S3-255502936,S3-592579391	True
S1-298418676	S2-731719293,S2-302168582,S2-187693337,S3-704270024,S3-367501756	True
S1-125703536		False
S1-598606593	S2-611696175,S2-838126294,S3-151945961	True
S1-566454511	S2-808161369,S2-445743703,S2-985980101,S3-279021877	True
S1-399704369		False
S1-829193145		False
S1-652714660		False
S1-472235940		False
S1-687577187		False
S1-88047108		False
S1-430946100		False
S1-893525274	S2-195348882,S3-418852319,S3-7512445	True
S1-528534927	S2-318871044,S3-306935936	True
S1-738959190	S2-424322224,S2-567062563,S2-148494542,S2-372059668,S2-218881250,S3-849412421	True
S1-456108088		False
S1-211123453	S2-191602212,S2-641972076,S2-438685359,S2-905454567,S3-344361583	True
S1-961484180	S2-833971673,S2-840362766,S3-209474469,S3-591671206	True
S1-167242526		False
S1-723910027		False
S1-915513720		False
S1-343969725	S2-946600320,S2-671528143	True
S1-341900300		False
S1-127759325		False
S1-247089141		False
S1-895327474	S2-413944889,S3-560088675	True
S1-717993117	S2-917429108,S3-28956845,S3-99003621,S3-457843315,S3-881649413	True
S1-417591037		False
S1-112949824		False
S1-497547705	S2-895773144,S3-829968969,S3-441915833,S3-529138066	True
S1-666155942		False
S1-134455098	S2-681947523,S2-736542337,S2-776656925,S3-528971581,S3-981006011,S3-849153133,S3-965297698	True
S1-415662680	S2-852578814,S3-958436653,S3-901399533	True
S1-823663588		False
S1-971065577	S2-138896524,S2-48777909,S2-845045955,S2-311198079,S3-202566477	True
S1-799583359		False
S1-412723732		False
S1-132747096		False
S1-700298177		False
S1-209319504		False
S1-996067635	S2-412522847,S2-377458860,S3-800641718,S3-765178526,S3-491968735	True
S1-239784803	S2-160630113,S2-253021975,S2-805687298,S3-397042627	True
S1-703948398	S2-158521647,S2-169434556,S3-419539727,S3-310647680,S3-576643623	True
S1-700487849	S2-706745812,S3-193095076	True
S1-595194845		False
S1-27467116		False
S1-782940479	S2-2278501,S3-435523200,S3-584481614	True
S1-429311006	S3-877564872	True
S1-470269721	S2-920536748,S2-712998153,S3-981107346,S3-110078952,S3-817288106,S3-400254796	True
S1-953642780	S2-180117727,S2-192119898,S3-427790541,S3-17603838	True
S1-709796788	S3-908649264,S3-160140192,S3-165716472	True
S1-447612537		False
S1-773552404	S2-831887771,S2-105509352,S3-332381325,S3-454097999,S3-206738285	True
S1-777989273		False
S1-9578436		False
S1-978336954	S2-457894044,S2-299060893	True
S1-833134658	S2-522682972,S2-877648373,S2-942825724,S3-565652833,S3-878239622	True
S1-435009850		False
S1-354299557		False
S1-973300164	S2-674158617,S2-155767930,S2-715523809	True
S1-602161347	S2-903968209,S3-307826063	True
S1-657370451	S2-837839331,S2-115903419,S3-131575820,S3-509707420	True
S1-700081620		False
S1-515358532	S2-82649793,S2-973708689,S2-782425968,S2-295360646,S3-406378704,S3-581801174,S3-166955819	True
S1-260047101		False
S1-161214652		False
S1-301677304		False
S1-899676365		False
S1-619949482	S2-585818294,S2-420408555,S3-819637138	True
S1-296450274	S2-557149714,S2-7965761,S2-708937517,S2-774334826,S3-666551696,S3-582583078	True
S1-975631993	S2-720234689,S2-552680519,S2-721469567,S3-827597487	True
S1-839810475	S2-13783862,S3-819923609,S3-213672283	True
S1-211285310		False
S1-706752478	S2-153278696,S2-475644995,S2-32264272,S2-158006582,S3-767196077,S3-691690922,S3-478803247,S3-884950958,S3-923177435	True
S1-33814232		False
S1-455916654	S2-910249220,S3-660217630,S3-927648276	True
S1-304352583	S2-412681071,S2-517085109,S2-463053423,S3-162207948	True
S1-537962596		False
S1-871659001		False
S1-404122409	S2-591324166,S3-438805257,S3-666119635	True
S1-15564154		False
S1-446937447	S3-739419051	True
S1-13750479		False
S1-558147011	S2-814888111,S3-127620119,S3-811537179	True
S1-110447190	S2-60113347,S2-170735959,S3-18913497,S3-221828745,S3-374261054,S3-802716864,S3-489553827	True
S1-919777290		False
S1-257475254		False
S1-73870328	S2-799070686,S2-140295866,S2-903522080,S2-80603791,S3-418036016,S3-844366784,S3-618052209,S3-760482720,S3-451891183	True
S1-826251109		False
S1-905201427		False
S1-32026486	S2-255588796,S2-839576271,S3-638812169,S3-521833488	True
S1-592825524	S2-290539641,S2-111524208,S3-809919267,S3-341979650,S3-209200031	True
S1-179562087	S2-95145409,S2-734124994,S3-999934696,S3-157012063,S3-841794807,S3-689568740	True
S1-567729177		False
S1-736449559	S2-429081083,S2-185014492,S3-790638727,S3-542432255	True
S1-520147695		False
S1-205428206	S2-836867931,S2-227044050,S2-728176816,S3-196898868,S3-632785423	True
S1-622661924	S2-161277479,S3-150998430	True
S1-129982674	S2-899238831,S3-545437352	True
S1-786515180	S2-509081544,S2-563058069,S2-543976824,S2-468066436,S3-328865121,S3-745136564,S3-651471707	True
S1-873211269	S2-819311894,S2-816349458,S2-475212709,S3-327387806,S3-17489807,S3-234395087,S3-586137582	True
S1-116265780		False
S1-262352119		False
S1-687760862		False
S1-160563199		False
S1-272507152	S2-143717483,S2-85592302,S2-778679067,S2-281293432,S2-301723824,S3-646161282,S3-746957683	True
S1-620258360		False
S1-387002604		False
S1-426219651	S2-446907604,S3-85470327,S3-586489245	True
S1-991833477	S2-175823546,S2-948018414,S3-729936246	True
S1-350656504	S2-330941135,S3-629293887,S3-992749420,S3-742066518	True
S1-995838813		False
S1-14310191	S2-8933957,S3-574766260	True
S1-511633098		False
S1-992649606		False
S1-15056163	S2-696058184,S2-685150299,S3-684183825,S3-972151617	True
S1-356612750		False
S1-870761238		False
S1-989069		False
S1-612295269		False
S1-32013077		False
S1-221815011		False
S1-204448637	S2-852687513,S2-977640300,S2-839399618,S3-23572623,S3-810365141	True
S1-373641271		False
S1-673062773	S2-777743094,S2-652073329,S3-362468262	True
S1-910615734		False
S1-795947536		False
S1-266336070	S2-597470395,S2-262732880,S3-208719600,S3-406286979	True
S1-469104401		False
S1-250906501		False
S1-274320034		False
S1-200750059	S2-536207356,S3-990649226	True
S1-844908352	S2-322940548,S3-543907147	True
S1-11943710	S2-7993384,S2-579863984,S2-856003466,S3-929087163,S3-595743620,S3-947575523	True
S1-955372691	S2-945720966,S3-119578618	True
S1-235447719		False
S1-758462212	S2-21719549,S2-511197436,S2-711009577,S3-746686004,S3-198589091	True
S1-627295495		False
S1-417083911		False
S1-522983772		False
S1-958288882		False
S1-745030748		False
S1-840963549		False
S1-606002949	S2-305623882,S2-885633426,S3-103634868,S3-574716551	True
S1-146757182		False
S1-341387580		False
S1-272137165		False
S1-520103019		False
S1-915979998	S2-931813787,S3-738452441	True
S1-854163288		False
S1-828004107	S2-550188006,S2-741019004,S2-337756716,S3-127753436	True
S1-87399856		False
S1-934191194		False
S1-358764844		False
S1-852968882		False
S1-134398121		False
S1-674487335	S2-721907390,S2-203371387,S3-375668139,S3-165916686	True
S1-978910922	S2-491016825,S2-978943908,S3-834772460	True
S1-157455816		False
S1-350766788	S2-841706462,S2-220457173,S3-973543029	True
S1-362517902		False
S1-240901371		False
S1-754220781	S2-555288223,S3-929512390,S3-997182948	True
S1-765852437		False
S1-70480299		False
S1-954206667	S2-741504987,S2-76437309,S3-516882173,S3-847658752,S3-154585652	True
S1-273169839	S2-6633136,S2-411003622,S3-397807282,S3-581202603,S3-28240350	True
S1-459215783	S2-876862720,S3-679904803,S3-403494833	True
S1-793894879	S2-46589755,S2-948097984,S2-611277133,S2-832327578,S2-278358894,S3-799094110,S3-778351681,S3-464845446,S3-415457266	True
S1-723416385	S2-196401685,S2-130345519,S2-551718553,S3-64473494	True
S1-209171981	S2-590691652,S3-624856050,S3-459850161	True
S1-301609252		False
S1-962187629		False
S1-711361465	S2-893532172,S3-834746735,S3-312025334	True
S1-533704	S2-520768201,S2-914630773,S3-875338924	True
S1-105950548		False
S1-529470298		False
S1-334484051	S2-49804944,S2-471807580,S2-556398081,S2-874857320,S3-106578825	True
S1-361395597	S2-721106979,S2-397854021,S2-669460714,S3-897881493	True
S1-525626410		False
S1-855724591		False
S1-824201495		False
S1-84140581		False
S1-901690978		False
S1-534645798	S2-718785054,S2-201559278,S2-627782860,S3-495565171	True
S1-115899479	S2-712152443,S3-670157588	True
S1-647308762		False
S1-686701204		False
S1-374565745		False
S1-558230210		False
S1-501354057	S2-247662902,S2-167237288,S3-211779815,S3-829892645	True
S1-554746768		False
S1-293255110		False
S1-2520415	S2-375626228,S2-446305967,S2-455265636,S2-880132578,S3-562149137,S3-500766669	True
S1-511425051	S2-240841005,S2-460107151,S3-498658290,S3-708491926,S3-162579549	True
S1-310711930		False
S1-565427859	S2-493127386,S2-557236769,S3-557513985,S3-401888265	True
S1-506476465	S2-236773846,S2-380773803,S3-263252503,S3-956463090	True
S1-415151938	S2-533751466,S2-541668720	True
S1-749039031		False
S1-258679133	S2-159994599,S3-851032005,S3-543944954	True
S1-618560094	S2-213627434,S2-482477131,S3-912168873	True
S1-673440327	S2-172434508,S2-520469398,S2-261715834,S3-3605335	True
S1-350725055		False
S1-551012184	S2-693667374,S3-389176004,S3-580862882	True
S1-882070926	S2-993692837,S2-887468547,S3-746581999,S3-460810695	True
S1-32683005		False
S1-668459454		False
S1-899237800	S2-436021164,S2-604980982,S2-284088914,S3-714306198	True
S1-502849142		False
S1-819461266	S2-111732278,S2-268518753,S3-381695517	True
S1-408941485	S2-785219024,S2-842870200,S3-143493901	True
S1-190300560	S2-585725889,S2-535885785,S3-108898219,S3-840979296,S3-29961404,S3-887682093	True
S1-567708738		False
S1-562599848		False
S1-869734771	S2-852506171,S2-631650800,S2-802767084,S3-723081215	True
S1-420576274	S2-603022893,S2-315314917,S2-499135783,S2-915958230,S3-282729281	True
S1-734295308		False
S1-624713632		False
S1-821781280	S2-874496331,S2-456849770,S3-278324128,S3-273146492,S3-597758705,S3-840619944,S3-232148418	True
S1-11637050	S2-773743291,S3-676665769	True
S1-667308032		False
S1-321176987		False
S1-31745726	S3-3925137,S3-72081884	True
S1-361654807		False
S1-599572881		False
S1-442340456	S2-849118859,S2-129296152,S2-316825332,S2-895345332	True
S1-901382220		False
S1-458198357	S3-597207223,S3-193020634,S3-33384240	True
S1-232793271		False
S1-60392295	S2-319341581,S2-921230075,S2-753935848	True
S1-558221052		False
S1-340752808		False
S1-422295698	S2-191569640,S2-97018563,S3-631228795,S3-454359975,S3-915036940,S3-232213010	True
S1-807958616	S2-87353244,S3-644023304	True
S1-925515018		False
S1-649429408	S2-981307186,S3-593389302,S3-446093683	True
S1-492563619		False
S1-98114468	S3-897032287,S3-53441201,S3-687336672	True
S1-298119267	S3-788578187,S3-210395124,S3-817927262	True
S1-236914697		False
S1-836007633	S2-556864705,S2-286990624,S3-602831838,S3-912053590	True
S1-113618983	S2-278761606,S3-714900630	True
S1-404365498	S2-786513190,S2-263962427,S3-471686505	True
S1-499887272		False
S1-803491095		False
S1-647569280		False
S1-72881560		False
S1-608733093		False
S1-190726810	S2-806918105,S3-499249979,S3-258644246,S3-694711393	True
S1-723469995	S2-624885282,S2-864545091,S3-141605902,S3-860153885,S3-106138557	True
S1-451984337	S2-764933762,S3-733308528,S3-430777542	True
S1-247324387		False
S1-19371841		False
S1-285936990		False
S1-444171758		False
S1-534869755	S3-647976648,S3-856984810,S3-213462577	True
S1-251790114	S3-751263861,S3-183748749	True
S1-220750024		False
S1-830539053	S2-284968281,S3-346822514	True
S1-290765851		False
S1-690304611		False
S1-860987255		False
S1-964342287	S2-90470234,S3-48084948,S3-958893059	True
S1-115259162		False
S1-338045357		False
S1-199938255	S2-890098808,S2-367217043,S3-677671203	True
S1-736977060		False
S1-585255295	S2-293612878,S2-950879204,S3-145717655,S3-84390767	True
S1-123059665		False
S1-229036212		False
S1-585203268	S2-675912951,S2-512666219,S2-400465311,S3-773337923,S3-900849376	True
S1-632407283	S2-180826690,S2-762705201,S2-770056140,S3-933549249	True
S1-585152834		False
S1-385899852		False
S1-861693272		False
S1-8113795	S2-475786810,S3-489283741,S3-257429004,S3-221783348	True
S1-929900855	S2-113422147,S2-314043280,S2-169500682	True
S1-206229467	S2-691114882,S2-32109610,S2-263430081,S3-209407494,S3-699923128,S3-914087790	True
S1-19959646		False
S1-184194278		False
S1-82284432	S2-968780883,S2-611410803,S3-838357676	True
S1-524078797		False
S1-609589216		False
S1-652048931	S2-475565518,S2-576579149,S3-239447408,S3-576675211,S3-384473981	True
S1-695306594	S2-486972675,S2-398039503,S3-39231044,S3-834503593,S3-376969002	True
S1-331377187		False
S1-284609694	S2-61959941,S2-783984677,S3-967508087	True
S1-712270556	S2-669537891,S2-738037158,S3-995774928,S3-24256299,S3-360027023	True
S1-693333042	S2-113247122,S2-418296589,S2-796142477,S2-832078690,S3-392078006,S3-477535181,S3-92089678,S3-781484711,S3-322428853	True
S1-429590711	S2-921824900,S2-813752973,S2-448878130,S2-758175135,S2-266862704,S3-334728075	True
S1-507002276		False
S1-671975756	S2-27780341,S2-596386347,S3-76539880	True
S1-290281101		False
S1-317250380		False
S1-109932955	S2-291760302,S3-806877094,S3-573397865	True
S1-76914338		False
S1-295974591		False
S1-796765580	S3-916609026,S3-764234046	True
S1-983929504	S2-955542088,S2-837439454,S2-959192638,S2-829759190,S3-295378226	True
S1-508565040		False
S1-493281282	S3-300618479,S3-11243881,S3-504145310	True
S1-911165470	S2-38074616,S2-949572047,S2-758592903,S3-254658620,S3-689764174,S3-682665047	True
S1-44157700		False
S1-694588512		False
S1-513672694		False
S1-693884927		False
S1-665748248		False
S1-748264530	S2-613970304,S2-148275934,S3-58475934	True
S1-691191423		False
S1-142302418	S2-391842450,S3-913372795	True
S1-380983156		False
S1-358451721	S2-703360079,S2-505882817,S3-850900366,S3-42397245	True
S1-485606335	S2-630883916,S2-783875331	True
S1-834853586		False
S1-17351414	S2-712890353,S3-899482403	True
S1-830049938	S2-535172494,S3-881374511,S3-996302430	True
S1-861909889		False
S1-51229250		False
S1-421021206		False
S1-223604692	S2-389308385,S3-85649700	True
S1-917036622	S2-52308907,S2-225247123,S2-653416154,S2-676379516,S2-672054842,S3-99695559	True
S1-415239409	S2-454754880,S3-940906681,S3-34295072,S3-884572981	True
S1-94978750		False
S1-275777748		False
S1-975523366		False
S1-959411717		False
S1-459941168		False
S1-381182417		False
S1-226498377	S2-921726894,S2-458949563,S2-327830712,S2-667305000,S3-502491326,S3-703969754,S3-673375694,S3-91514280	True
S1-153058467	S2-436408440,S2-251583922,S2-745748879	True
S1-725514433		False
S1-127328394		False
S1-21175112	S2-185789680,S2-446743644,S2-367217857,S3-149629212,S3-977667674,S3-336760686	True
S1-997827756		False
S1-27192709	S2-540017930	True
S1-597066636		False
S1-945187487		False
S1-541741362	S2-492663740,S3-206043038	True
S1-458599835	S2-257298593,S2-52513599,S3-38837687	True
S1-885798186		False
S1-24979641		False
S1-449441866	S2-679631001,S3-183892203	True
S1-528524403		False
S1-435690774		False
S1-233192682	S2-594125353,S3-647874068,S3-984728355	True
S1-363311344		False
S1-295324902	S2-805152875,S2-314748921,S3-845339010,S3-828151826	True
S1-452760046		False
S1-509202635	S2-860834821,S2-806112077,S3-924487296	True
S1-563368640	S3-592554117	True
S1-682377037		False
S1-458923599	S2-790787776,S3-163919499,S3-770235322	True
S1-163106552		False
S1-493996106	S3-477401293	True
S1-877817926		False
S1-75738630		False
S1-382626400		False
S1-431835978		False
S1-927774514		False
S1-40559708	S2-546513356,S2-959575078,S2-667238926,S2-423824211,S3-704189373,S3-968327226	True
S1-750398795		False
S1-952998258	S2-877583146,S2-448414245,S3-74729243,S3-308169514	True
S1-240247003	S2-483218417,S3-974816372,S3-156586476	True
S1-664524641	S2-690511429	True
S1-556018621		False
S1-769447450		False
S1-36026418	S2-787536518,S2-279650740,S2-240260851,S3-781501375,S3-629436463,S3-886254516,S3-325899440	True
S1-923715641		False
S1-330747621		False
S1-837594403		False
S1-82839992		False
S1-948067225	S3-970935022,S3-332933408	True
S1-906384558		False
S1-663274351	S2-733772235,S2-881360619,S3-111689628	True
S1-910758234	S2-605820535,S2-162257970,S3-749449203,S3-520315988,S3-12402583	True
S1-12021292		False
S1-986222593		False
S1-133999885	S2-458592921,S3-630275267,S3-684274948,S3-222171966	True
S1-145036980		False
S1-380492345		False
S1-620897025	S2-673552146,S2-512208402,S3-978435956	True
S1-271246087	S2-28964592,S2-748118514,S3-404479147,S3-776068472	True
S1-987664887		False
S1-531658430		False
S1-576110382	S2-343005966,S2-523666343,S3-248686106,S3-709440071	True
S1-213849490		False
S1-467530300	S2-41457940,S3-539101279,S3-148481652,S3-516399151	True
S1-643118580	S2-452400647,S3-532137538,S3-507068936	True
S1-760129780		False
S1-930650097		False
S1-145464710		False
S1-771967951	S2-571524821,S3-151109732,S3-633401160	True
S1-279092053		False
S1-162401857		False
S1-675180499	S2-569068540,S3-329203194	True
S1-605039988		False
S1-504221783	S2-4360688,S3-1490085	True
S1-931574959		False
S1-575617781		False
S1-502231748		False
S1-86791372	S2-374209144,S3-675556544,S3-677630851,S3-328203113	True
S1-164126526	S3-728509532,S3-216540829,S3-821898945,S3-504041942	True
S1-832990873		False
S1-892689140	S3-960685870	True
S1-720290785		False
S1-174650148		False
S1-137661583	S2-871204613,S3-440457541,S3-429215002,S3-361325045	True
S1-919650165	S2-14501453,S3-704043915,S3-28818573,S3-568473650	True
S1-633767661	S2-695967575,S3-250627623,S3-332512810,S3-430340155,S3-221300666	True
S1-200639821	S2-39933740,S3-750173596	True
S1-187318202		False
S1-355834942	S3-502443110	True
S1-837486695		False
S1-207167002		False
S1-832756926		False
S1-250115368		False
S1-842943973	S2-263559918,S2-74390643,S3-863884873,S3-480848519,S3-402687642,S3-648934616,S3-382667404	True
S1-61180429		False
S1-120536178		False
S1-235750799		False
S1-801088840		False
S1-13119859	S2-993045238,S2-700006193,S3-894272074	True
S1-724995058		False
S1-289350497	S2-858032231,S2-619807706,S3-362311539,S3-126648841,S3-701803870,S3-378616415	True
S1-663217913	S2-275260477,S3-202525047	True
S1-259113458	S2-883671617,S2-741863409,S3-437458606	True
S1-327851919		False
S1-632132312		False
S1-309075118	S2-675201335,S2-358713310,S3-433532230	True
S1-320822425	S2-586695241,S2-111073630,S3-753201531,S3-683614301,S3-263287512	True
S1-489406999	S2-976311845,S3-264558328,S3-101948074,S3-472095690,S3-713242886	True
S1-416399737	S3-811569228,S3-992774503	True
S1-256119802		False
S1-743201863	S2-81986239	True
S1-626019388	S2-179497326,S2-23174086,S3-71495342,S3-631109969,S3-839329276,S3-136580951	True
S1-856898934		False
S1-422313277		False
S1-463502075		False
S1-835218352	S2-133087292,S2-73355992,S3-120943890,S3-578890120	True
S1-522288209	S2-64315993,S2-330954444,S2-852054232,S2-821244959,S2-122368568,S3-45947910,S3-187701469	True
S1-835021218	S2-806319936,S3-710716811	True
S1-309602948		False
S1-296046512		False
S1-165125191	S2-348556670,S2-952051549,S3-819694960,S3-726288306,S3-562428436,S3-350739777	True
S1-839089306		False
S1-438012170		False
S1-747462583		False
S1-442444653		False
S1-809688143	S2-693071569,S2-640582782,S2-347002431,S3-223187771,S3-716684269,S3-984463347	True
S1-322614974	S2-424793625,S3-7077178	True
S1-765607611		False
S1-466752579	S2-586584408,S2-695836673,S2-83757220,S3-368840460	True
S1-800835269		False
S1-801353719		False
S1-177204967	S2-749347272,S2-204436137,S3-701329015,S3-129430864	True
S1-329543080	S2-558291421,S2-714035668,S2-279229646,S3-130485309	True
S1-772243551		False
S1-247744588		False
S1-940053610	S2-231306984,S3-749237236	True
S1-578792905		False
S1-163157776	S3-786420633,S3-209708865,S3-827377319,S3-932289149	True
S1-19715183	S2-17153753,S3-839673686,S3-752725483,S3-289962135	True
S1-751734679	S2-664455509,S2-442776346,S2-711717525,S3-734989576	True
S1-58504623		False
S1-2025105		False
S1-884080409	S2-181029039,S3-674304771,S3-697252180	True
S1-633591481	S2-323919150,S2-890352686,S2-513180656,S2-339236572,S3-617690104,S3-734483585,S3-777725567	True
S1-661913436	S2-437237791,S2-153688913,S3-269051561,S3-442076204,S3-625135007	True
S1-402602583	S2-400947600,S2-115971855,S3-455948199,S3-883715528	True
S1-425327515	S3-682659123,S3-159846373	True
S1-614655865	S2-277115572,S2-831065898,S2-172758444,S3-591373883	True
S1-306486490	S2-181614445,S2-214729141,S3-924924055	True
S1-214826724		False
S1-403778111		False
S1-333941759	S2-953284798,S3-769760391,S3-875836096,S3-575480812	True
S1-45778356		False
S1-560086963	S2-712224919,S2-248644491,S3-892600653	True
S1-955381477		False
S1-941827225	S2-41663933,S3-412010185,S3-884878572	True
S1-5662601		False
S1-25141042	S2-114072779,S2-478977816,S3-637065426,S3-496680287	True
S1-194563691		False
S1-679709281		False
S1-537822536		False
S1-837334853		False
S1-309164486		False
S1-488950206		False
S1-530025111	S3-4958835	True
S1-408206141		False
S1-380324283		False
S1-728507347	S2-132127774,S2-756745818	True
S1-79762878		False
S1-435490726	S2-40112661,S3-209922302,S3-936359986,S3-80935022,S3-102215459	True
S1-933065149	S3-170883645,S3-966228712	True
S1-260502122	S2-890759378,S3-433360283	True
S1-186928472	S2-779015132,S3-250401423,S3-87100057	True
S1-105134106		False
S1-952333577	S2-991356468,S3-909175104,S3-882315137	True
S1-288196004	S2-967202382,S2-662748790,S3-990656341,S3-869545287	True
S1-242330349		False
S1-866015939	S3-990314016,S3-127437176	True
S1-523878445	S2-146179095,S3-347541911,S3-705820899,S3-859524084,S3-378103880	True
S1-808842888		False
S1-486289288		False
S1-535474318	S2-814610541,S3-816844655	True
S1-631694971	S2-254398898,S2-231500080	True
S1-479094085	S2-790429767,S3-849261800,S3-432822040	True
S1-826860756		False
S1-358292408		False
S1-640157217	S2-953698942,S3-934319226	True
S1-101232364	S2-46106538,S3-888529899,S3-65246982,S3-373522041,S3-758038595	True
S1-7708369		False
S1-854331899		False
S1-579555349		False
S1-233262438		False
S1-207122753		False
S1-801286566		False
S1-284474900	S2-642303947,S2-700382423,S3-129930836,S3-797668229	True
S1-635613906	S3-883837906,S3-274085980,S3-263038202,S3-890619355	True
S1-491056746		False
S1-706278920		False
S1-418859225		False
S1-241143447		False
S1-422300351	S2-469478753,S2-316562231,S2-681539248,S3-358059279	True
S1-255037140		False
S1-628483445	S2-79829410,S2-151063400,S3-869138160,S3-28081606	True
S1-210042444	S2-575109009,S3-293975283,S3-552576141,S3-975108769	True
S1-840521314	S2-36777114,S3-861567380,S3-322538874,S3-929218162	True
S1-57756786	S2-645491441,S2-719072097,S3-798369095,S3-433106369	True
S1-586340332		False
S1-347001298		False
S1-254089167		False
S1-242328185		False
S1-454274033		False
S1-286268689		False
S1-682388124		False
S1-654483094		False
S1-434965751	S2-43335831,S3-249039900,S3-50087203,S3-423339994	True
S1-890177691		False
S1-68826167		False
S1-487855458		False
S1-294648671	S2-542694466,S2-464647185,S3-698378761,S3-674906679,S3-105318142	True
S1-498749895	S2-482493873,S2-855539522,S2-539352162,S3-691616898	True
S1-781323067		False
S1-820837816		False
S1-404526281		False
S1-958110485		False
S1-369003685		False
S1-249092459	S2-868109437,S2-440962935,S3-392112597,S3-114915391	True
S1-215296407		False
S1-121171547	S2-405329134,S2-604069197,S3-142768437,S3-628315746,S3-938002473,S3-530628203	True
S1-507902212		False
S1-189427656	S2-186185163,S2-237265765,S3-881046728	True
S1-449307768	S2-353143526,S2-188101090,S3-252702970,S3-640933720	True
S1-727597355		False
S1-985294843	S2-240873408,S3-739991938	True
S1-1963529		False
S1-151078573	S2-769964437,S2-458968600,S2-316072114,S2-27314280,S3-264059449,S3-343731889	True
S1-735241347		False
S1-216527550	S2-41798447,S2-693963548,S3-661259482,S3-383569424	True
S1-500645697	S2-699851052,S3-312183038,S3-499617039	True
S1-23308677		False
S1-654891025	S2-480685589,S3-256733827	True
S1-115443042		False
S1-622318387		False
S1-786993247	S3-453730467,S3-472933744	True
S1-358834689	S2-724032495,S3-107544641,S3-242493712,S3-628341801	True
S1-938319730		False
S1-740737401	S3-555470858	True
S1-30228782		False
S1-684439677	S2-646743803,S2-146295280,S3-744199330,S3-843031969,S3-949111726,S3-332732471	True
S1-462886644	S2-925592947,S2-66938379,S2-135570469,S3-422774837	True
S1-603173355		False
S1-206986876	S2-245741497,S2-829540322,S2-452275152	True
S1-544533572		False
S1-441136511		False
S1-678266077		False
S1-636696396	S3-637919139,S3-502048433,S3-187261394,S3-293631272	True
S1-574923659		False
S1-813365085	S2-166546435,S2-531497407,S2-317214318,S3-292767912	True
S1-364935410		False
S1-906721817	S2-969517739,S3-678363349,S3-467398251	True
S1-53848228		False
S1-436448254	S2-883402095,S3-547029159	True
S1-157452679		False
S1-380301029	S2-300711824,S2-890652689,S2-98656038,S2-73383058,S3-186769671,S3-64718232	True
S1-351969659		False
S1-795047694	S2-629374381,S2-554169828,S2-195311814,S3-698149998	True
S1-317049803		False
S1-791165194	S2-148970762,S2-14289218,S2-277417501,S3-563757771,S3-839262430	True
S1-450095484	S3-110594903,S3-822954875,S3-223851257	True
S1-969127154		False
S1-409903926		False
S1-994204002	S2-853298269,S2-402091601	True
S1-993500176	S2-814102902,S3-19035523	True
S1-474399348	S2-878926975,S2-943369512,S2-784511580,S3-782777992	True
S1-504511936	S3-136775987	True
S1-171396402	S2-512495769,S2-378274182,S3-254879278	True
S1-781280728		False
S1-441101512	S2-232405291,S3-586849517,S3-727788658,S3-596406590,S3-155261422,S3-125557359	True
S1-255566426	S3-816921621,S3-405446063	True
S1-405978001	S2-883816060,S2-271671082,S3-885400685	True
S1-353101592	S2-722954114,S2-51939006,S2-826678034,S3-735265894,S3-913252527	True
S1-848876228	S2-5124202	True
S1-458256018		False
S1-206354346		False
S1-522232149		False
S1-818716955		False
S1-640535601		False
S1-414757414	S2-454813209,S3-38653620	True
S1-101387143		False
S1-785158595		False
S1-164991541		False
S1-771989096	S2-44347622,S3-549109724,S3-496851837	True
S1-671689265	S2-557484002,S2-542712093,S3-720157787,S3-297907317,S3-674281940	True
S1-170453464	S2-755705234,S2-377754281,S3-128587923,S3-678504736	True
S1-18732755		False
S1-569936329		False
S1-573109972		False
S1-147879443	S2-153854268,S2-736702842,S2-112364374,S2-757066447	True
S1-54541671	S2-845022432,S3-267838697,S3-183199371	True
S1-840910605	S2-763416840,S3-528443029,S3-971467509,S3-23868130,S3-783943075	True
S1-749715071		False
S1-210660559	S2-524084371,S2-260648173,S2-97504338,S3-473278836,S3-511193708,S3-327520850	True
S1-952647315	S2-681750307,S2-612997468,S2-82725189,S3-247798885,S3-737072828,S3-649276219	True
S1-415972023		False
S1-973441348		False
S1-607379501	S2-146987357,S3-404074323,S3-13388980,S3-505798466,S3-905469175	True
S1-151757943		False
S1-607821077		False
S1-337363490		False
S1-67812931		False
S1-430183195		False
S1-843595521	S2-562456691,S2-74138895,S3-231790568	True
S1-35530560	S3-163952848,S3-836137607,S3-316876418,S3-980962289	True
S1-299879643		False
S1-217475249		False
S1-444856775	S2-905165358,S2-612815283,S3-976615388,S3-501673833,S3-922507576	True
S1-50212488		False
S1-725234565		False
S1-701177589	S2-866824499,S3-712263911,S3-33083965	True
S1-807219324	S2-941736670,S2-638924295,S2-57296702,S3-997020326,S3-62203499	True
S1-519598077	S2-389746410,S2-325644381,S3-77410874	True
S1-288321594		False
S1-985233040		False
S1-232562297	S2-254107669,S3-624850733,S3-785190131,S3-635251705,S3-462578451	True
S1-426176180		False
S1-590209612	S2-999154692,S3-549085074,S3-373648351,S3-576112645,S3-686200080	True
S1-264501471		False
S1-57646476		False
S1-521209895	S2-630491237,S3-831513020	True
S1-879676314		False
S1-262434310	S2-788512264,S2-315243207,S2-565757164,S2-827174442,S3-259427573	True
S1-922182491		False
S1-808380056		False
S1-791828405	S2-460419825,S2-554398608,S2-165873057,S2-702324209,S3-446135068,S3-197133230	True
S1-14539078	S2-940197397,S3-442263717,S3-670629356,S3-168419661	True
S1-332269646		False
S1-21823512	S2-599546664,S2-403286513,S2-882122582,S2-825914471,S3-933940866	True
S1-911345176	S2-892836065,S3-67826601,S3-655203781	True
S1-724328249	S2-351112124,S2-252702935,S3-230197632	True
S1-743916073		False
S1-667968224		False
S1-323708116		False
S1-172914907		False
S1-984762965		False
S1-37052438	S2-315845609,S2-877034695,S2-189864997,S3-528996901,S3-864611262	True
S1-136059720	S2-755263806,S3-142497070	True
S1-673516462		False
S1-117163702		False
S1-281727608	S2-612927791,S2-656268514,S3-455070779	True
S1-77731309	S2-425316248,S2-203045228,S3-222145730,S3-553952112,S3-651816044	True
S1-21321966	S2-736948517	True
S1-148479333	S3-103735067	True
S1-999872338	S2-181628799,S3-353718391	True
S1-400261656		False
S1-261038452	S2-233255950,S2-166208971,S3-986938726	True
S1-528657421	S2-754305039,S3-894284559	True
S1-971722501		False
S1-588882937	S2-662700340,S3-211486076,S3-284249061	True
S1-346490812	S2-567435773,S3-862991672,S3-23457071	True
S1-864433607		False
S1-720513272		False
S1-328015529		False
S1-163435618	S2-440449518,S2-728362446,S3-729369585,S3-351492242	True
S1-386564437	S2-216295102,S3-481386663,S3-804169580,S3-282275087	True
S1-985524394	S2-536746753,S2-582249643,S3-589206701,S3-419400582	True
S1-482483975	S2-246230449,S2-250001970,S3-189531384	True
S1-192668605		False
S1-747547793		False
S1-342911410		False
S1-299993403	S2-205417000,S3-538303288,S3-515927925,S3-741409837,S3-918160220	True
S1-289627984		False
S1-722426333	S2-894931908,S3-154831632,S3-777475339	True
S1-932640351		False
S1-109840448	S2-133803576,S3-709794353,S3-570604755	True
S1-137625742	S2-959952829,S2-649114809,S2-730446941,S3-982369405,S3-286393274	True
S1-435551629		False
S1-764197276	S2-561204138,S3-184065894	True
S1-714469981		False
S1-451801986		False
S1-974351724		False
S1-442064611	S2-522771465,S3-942916838,S3-507018785,S3-326216042	True
S1-754233749	S2-410768161,S3-544524597,S3-623218585,S3-707315214	True
S1-908306118	S2-686913674,S2-61182444,S2-861622812	True
S1-404854627		False
S1-537829367		False
S1-759390702	S2-253026307,S3-580762671	True
S1-361663576		False
S1-452465557		False
S1-519219736	S2-328975197,S3-868520357,S3-944336881,S3-61650957	True
S1-697178409	S2-948560751,S3-157127675,S3-396110410	True
S1-809095646	S2-361672741,S3-90971973	True
S1-771714747		False
S1-648045604		False
S1-781432324		False
S1-128942995		False
S1-112432180	S2-725500965	True
S1-441633609		False
S1-682266756	S2-93088862,S2-923862721,S3-684401585,S3-970217013,S3-124064864	True
S1-201231118		False
S1-460362802		False
S1-355303868	S2-932945188,S2-2225308,S2-820202262,S3-657117669,S3-271814789	True
S1-678053122		False
S1-140858421	S2-748583898,S2-173943793,S3-845264627,S3-350928277	True
S1-265742867		False
S1-108841739		False
S1-525561200	S2-132954662,S2-341098889,S2-816472455,S3-431896918,S3-98607328,S3-732853603	True
S1-975440148		False
S1-84607744		False
S1-642302005	S2-110380993	True
S1-146669490		False
S1-175923471	S2-569986789,S2-631524675,S2-23068428,S2-971566416,S2-165567396,S3-290718519,S3-197275588,S3-369818865	True
S1-205511263		False
S1-762202265		False
S1-583098388	S2-198730301,S3-105603679,S3-588139943,S3-713682405	True
S1-602597058	S2-45808465,S3-602002682,S3-24375996	True
S1-88342555		False
S1-621104064		False
S1-589440497		False
S1-71946554	S2-339399755,S2-84634080,S3-387153874,S3-417645562,S3-742872988,S3-257689625	True
S1-127480047	S2-530283655,S2-312555009,S2-269182465,S3-911547591	True
S1-712989042		False
S1-580356671		False
S1-832833018	S2-155644866,S3-92087601	True
S1-742424571	S2-415249030,S2-58585705,S3-79177910,S3-561630420,S3-468414089,S3-772424340	True
S1-952995287	S2-666928440,S3-888505983	True
S1-150334701		False
S1-213122708		False
S1-408798609		False
S1-272696807		False
S1-685440567		False
S1-39528105		False
S1-171638348	S2-792296139,S3-530786244	True
S1-369578340	S2-700914886,S2-327193527,S3-456891903,S3-384372004,S3-844842720	True
S1-407110215	S2-555022375,S3-368471610,S3-525585159	True
S1-331499460	S2-932822552,S2-16840158,S3-357601925	True
S1-303261664	S2-802816638,S2-381649502,S3-16672195	True
S1-758267917	S2-490682080,S3-329735957	True
S1-54608749	S2-667408649,S3-851102980	True
S1-473153699		False
S1-80481762	S2-404477989,S3-32866510	True
S1-915399703	S2-551376543,S3-327698503,S3-689028920	True
S1-580197370	S2-356988278,S3-561409612	True
S1-503824502		False
S1-753297503	S2-254850519,S2-401255448,S2-932561981,S2-162343492,S3-19676967	True
S1-291151269		False
S1-626335364		False
S1-746613117		False
S1-607758858		False
S1-692434162		False
S1-603167744	S3-259334297	True
S1-784493210	S2-825467940,S2-899801707,S3-822991573,S3-434671650	True
S1-409507298		False
S1-630964437		False
S1-387417931		False
S1-629710182	S2-742026611,S2-764900949,S3-167849887,S3-931254023	True
S1-623284967	S2-470163223,S2-649951486,S2-992945384,S3-250208336	True
S1-534639238		False
S1-900605727		False
S1-41530617	S2-526523277,S3-467455054,S3-509494594,S3-389863382,S3-831058154	True
S1-25269508	S2-983047146,S3-235743699,S3-593632704	True
S1-107353143	S3-529747759,S3-266217959	True
S1-783600633	S2-706324704,S2-789301982,S3-352783126,S3-922301039,S3-249441941	True
S1-773078192	S2-926777184,S3-678107262	True
S1-996926894		False
S1-936003564	S2-709238100,S2-6626463,S2-398848409,S2-804165999,S2-479748067,S3-703281953,S3-441598731	True
S1-896270683		False
S1-498280314		False
S1-294134211	S2-500764971,S3-186699022,S3-341150242	True
S1-116580951	S2-867207193	True
S1-193551952		False
S1-148581294	S3-608250092	True
S1-339086057	S2-882854831,S3-738733221,S3-124168381	True
S1-270290123		False
S1-304641551		False
S1-681979492	S2-765240649,S3-212337137	True
S1-552978958		False
S1-45676872	S2-793285737,S2-733861708,S3-650958908	True
S1-306381713	S2-950804868,S3-828680794	True
S1-665514233	S2-321916201,S2-997524498,S2-803396133,S3-466945063,S3-386376429,S3-15183711,S3-999130968	True
S1-191591821	S2-469159003,S2-940599356,S3-168660330	True
S1-745581330	S2-48877566,S2-776759660,S2-714137284,S2-468440267,S3-338754083	True
S1-773670206	S2-116197854,S2-628587914,S2-203505828,S2-218556605,S2-799076502,S3-632264881	True
S1-959226912		False
S1-173993467	S2-340248648,S2-405624361,S3-90674743,S3-507416765	True
S1-373520388	S2-291305539,S3-258370291,S3-916407276,S3-528326432	True
S1-742468379	S2-785571122,S2-922501782,S3-73434037,S3-304452117	True
S1-703827212	S2-525864435,S3-850332545,S3-635061119,S3-15942698	True
S1-308586331	S2-554321555,S3-392627722	True
S1-930735818	S2-777829357,S3-953903537,S3-220666060,S3-301856195,S3-41042274	True
S1-652945138		False
S1-910168683	S2-830872899,S3-334326279,S3-753557511	True
S1-80469823	S2-434906959,S2-730132788,S3-883890195,S3-237984462	True
S1-330704839		False
S1-679543280	S2-812592871,S2-460669027	True
S1-912924270		False
S1-975717917		False
S1-894863393		False
S1-710329273		False
S1-132008996		False
S1-787383129	S2-67736623,S3-471607771,S3-534296894,S3-653174319,S3-142196675	True
S1-927944806		False
S1-887698731	S2-677375337,S3-664150160,S3-84616432	True
S1-429750437	S2-433458636	True
S1-157977680		False
S1-238857781		False
S1-819643567	S3-173442228,S3-542205679	True
S1-857546784	S3-980679248,S3-542903167,S3-694592561	True
S1-800896607		False
S1-819363677	S2-121285874,S2-931594160,S3-563865019,S3-145537922,S3-991729862	True
S1-528892123	S2-901091761,S3-856801219,S3-91360509	True
S1-493175917	S2-155457692,S2-68238257	True
S1-797773968		False
S1-487376373	S2-869862915,S3-741381722,S3-162811704,S3-776316810,S3-690506649	True
S1-41506385	S2-593860602,S3-646355635,S3-160567263	True
S1-381386661	S2-189320706,S3-279109192	True
S1-308029325	S2-994204088,S2-756862567,S3-74537719,S3-669969488	True
S1-119143973		False
S1-224730090		False
S1-891337327		False
S1-674808606		False
S1-417290779	S2-389293913,S3-607922628,S3-63851530	True
S1-614329726	S2-531583733,S3-445871222	True
S1-977970833	S2-20357349,S2-121399725,S3-853793653,S3-687177161	True
S1-896754425	S2-480007673,S2-45237421,S3-387335786	True
S1-662574910	S3-394284991	True
S1-714066399	S2-329766215,S2-843004590,S3-685889235,S3-49497880	True
S1-184434542	S3-415274834	True
S1-59087052		False
S1-199869846		False
S1-232674628	S3-363230742	True
S1-888329208		False
S1-134065367	S2-91366402,S2-606300550,S3-670395677	True
S1-670587725	S2-499232774,S3-972971855,S3-478508281	True
S1-456464102	S2-489627662,S3-859717174,S3-273558271,S3-122383702	True
S1-684693742		False
S1-559935952	S2-464313768,S3-444933026,S3-123636582	True
S1-664501711		False
S1-792241903	S2-884587172,S3-489982865,S3-530406624	True
S1-78616302	S2-885932164,S2-858992425,S2-897163547,S2-257815533,S3-122687225	True
S1-726854838		False
S1-325990187		False
S1-274136949	S3-990585494	True
S1-736418568		False
S1-782230668	S2-179717263,S2-741100921,S2-282407978,S2-474116554,S2-416950492,S3-616934984,S3-338375777	True
S1-895751067		False
S1-18788234		False
S1-784420259		False
S1-647121635	S3-583539506	True
S1-207124873	S2-781557985,S2-979162094,S3-352525792,S3-489549609	True
S1-103008431		False
S1-321197232		False
S1-726933937	S2-521171307,S2-251586692,S2-820744928,S3-83821230	True
S1-318069214		False
S1-153599180	S2-391998003,S3-522285907,S3-735741565	True
S1-321780694		False
S1-750238682	S2-638040645,S3-870518579	True
S1-328007447	S2-797107493,S3-798557881,S3-358336335	True
S1-480964011	S2-941589515,S2-353072550,S3-82599075,S3-650245404	True
S1-634397648		False
S1-846140698		False
S1-556338955		False
S1-107409334		False
S1-471181434		False
S1-831284899	S2-279535385,S2-951587526,S3-772145684,S3-423396473	True
S1-850185021	S2-793308033,S3-519162929,S3-509863124,S3-915330544	True
S1-698435630	S3-458929879,S3-695731748	True
S1-699171159		False
S1-844760668		False
S1-762347735		False
S1-716402804		False
S1-455658296	S2-910804861,S3-509731970,S3-593050192	True
S1-248660069	S2-153664490,S3-394939550,S3-866683740,S3-929151813	True
S1-644248216	S2-828241708,S3-468121891	True
S1-31761068		False
S1-990065119	S2-680004619,S2-715687701	True
S1-738415179	S2-656479817,S2-557008131,S3-979475126	True
S1-181311697	S2-600879818,S3-547757793	True
S1-136757217	S2-596192663,S2-718936605,S3-421383278,S3-761476219,S3-898150964	True
S1-587931005	S2-442783020,S3-567099674,S3-887514652	True
S1-706759360	S2-985833292	True
S1-14773201		False
S1-298468766		False
S1-516734280	S2-404321234,S3-194389138,S3-576778865	True
S1-811484514	S2-412408301,S2-472082870,S2-217163203,S2-580003710,S3-138099122	True
S1-176231082	S2-468017627,S2-825096111,S2-378179704,S2-2652318,S3-141078867,S3-549008405	True
S1-867942753	S2-974468365,S2-240702856,S3-2220538	True
S1-558973085		False
S1-951178526		False
S1-207290879		False
S1-466238150		False
S1-359131844	S2-707594298,S2-279046193,S2-730652,S2-105472409,S3-887760099,S3-845015724	True
S1-524783169	S2-815991945,S3-606984486,S3-26194518	True
S1-692561387		False
S1-36896189		False
S1-523993431		False
S1-182608855	S2-113985213,S2-392986395,S3-61413949,S3-874420494	True
S1-725045328	S2-731496738,S2-484113715,S2-631205073,S3-221181536,S3-294654688	True
S1-67015991	S2-151525733,S3-842671599,S3-19089038,S3-968920851	True
S1-27857041	S3-939523397	True
S1-77644687	S2-416369701,S3-537610673,S3-133278852	True
S1-275384391	S3-456358598,S3-192543928	True
S1-593614843	S2-834030979,S2-432709643,S2-910248457,S2-752016854,S3-424630230,S3-144363205	True
S1-513136095		False
S1-637312926		False
S1-202220525	S2-374292333,S2-475183308,S3-950988069	True
S1-201610003		False
S1-384051744	S2-764922013,S3-975643058,S3-108262998	True
S1-924309461		False
S1-797574664		False
S1-651616937	S3-311938081	True
S1-292459542		False
S1-682868491		False
S1-504160927		False
S1-876193360	S2-292823746,S2-852807847,S3-62827825	True
S1-869228690		False
S1-812832548		False
S1-728558550		False
S1-760282788		False
S1-885792396		False
S1-187185962		False
S1-952468040	S2-111915241,S2-366230241,S2-160360967,S2-5630835,S3-576941266	True
S1-993691825	S2-156767366,S2-110290366,S2-510585120,S3-605985170,S3-560147667	True
S1-767302172	S2-563192010,S2-986563458,S2-998156408,S2-392655992,S3-855928992	True
S1-758398165		False
S1-348460798	S2-827105915,S2-585571678,S3-188140438,S3-911167558	True
S1-438844725	S2-122569849,S2-341596421,S3-539416913	True
S1-174088067	S2-959689205,S2-623661683,S3-391497493	True
S1-924968622		False
S1-925123549	S2-411455612,S2-503051625,S2-275885556,S2-943491195,S3-523109137,S3-714093223	True
S1-520876123	S2-558269652,S2-112090603,S3-524263077	True
S1-656337354	S2-462657482,S2-304075838,S2-371227899,S3-156548450,S3-254752037	True
S1-537962592		False
S1-995433139		False
S1-467961431		False
S1-989723460	S2-80944968,S2-803121418,S3-418355248	True
S1-764744740		False
S1-915911488		False
S1-481697485		False
S1-167374659		False
S1-900092112	S2-779748807,S2-545935599	True
S1-104069409	S2-805972644,S2-825692948,S3-144041655,S3-351570059,S3-417672059,S3-72976116	True
S1-628188368	S2-225283857,S3-81715401,S3-72864194,S3-481545687	True
S1-417845257		False
S1-287260332		False
S1-491504253	S2-575120274,S3-829594039,S3-72635817	True
S1-736990991		False
S1-154610273	S2-782539242	True
S1-907959095		False
S1-349410287	S2-235620678,S2-532116152,S2-799898674,S3-729553286	True
S1-703327483	S2-518633151,S2-219652186,S2-746429075,S3-236985110	True
S1-198571664		False
S1-91632832	S2-981544442,S3-962314263	True
S1-910555407	S2-336819718,S3-457128880	True
S1-509533711		False
S1-689308395		False
S1-122459415		False
S1-512985046		False
S1-5657066	S2-261728073,S2-859333154,S2-393322349,S3-68732833,S3-341965285	True
S1-550426702	S3-357581397	True
S1-72422561	S2-1317648,S2-397032659,S3-623332598	True
S1-31679394	S2-117627785	True
S1-409359848	S2-18691233,S2-210054166,S3-462847357	True
S1-958246479	S2-37351586,S2-785556354,S2-987507506,S3-156938688,S3-445234756	True
S1-300629149	S2-926698578,S3-609281440,S3-198832665	True
S1-657673528		False
S1-298954736		False
S1-794130483		False
S1-517675555	S2-897032062,S2-701887512,S2-724445266,S2-168274865,S3-991092493	True
S1-82616266		False
S1-617976483	S2-701886887,S2-114460473,S3-99330685,S3-883848040	True
S1-953577491	S2-508320912,S2-127427851,S2-179594923,S3-752555727,S3-839450259,S3-281279960	True
S1-318804038	S2-247033483,S3-973347793	True
S1-486014280		False
S1-91882508		False
S1-303159065		False
S1-343383603	S2-609387706,S2-732095056,S3-824165250,S3-887576187,S3-312122561	True
S1-429837307		False
S1-92938693	S2-725543520,S2-229916447	True
S1-653307171		False
S1-647043935		False
S1-61398641	S2-276112880,S2-640751244,S2-478211523,S3-821223929,S3-131570747	True
S1-559873638		False
S1-140848292	S2-584294821	True
S1-609848204		False
S1-846034150	S2-61874739,S2-660767336,S2-814129852,S2-577984422,S3-225719672,S3-898466467,S3-84802465	True
S1-271130345		False
S1-599147636		False
S1-843215770	S2-306361240,S2-757596021,S3-606016006,S3-855114260	True
S1-317531595		False
S1-783390837		False
S1-988878678	S2-72815082,S2-403165462,S2-973006997,S3-357101024	True
S1-279294752		False
S1-329885834	S2-828734847,S2-920877105,S3-327182907,S3-567812923,S3-481864069	True
S1-425642655		False
S1-503432593		False
S1-506071701		False
S1-116539207		False
S1-187103346		False
S1-575083033	S2-282185275,S2-375397555,S2-776790541,S3-39253277	True
S1-171127113		False
S1-277441211		False
S1-976565111		False
S1-23605710		False
S1-2847063	S2-190786762,S2-439597024,S3-763444019	True
S1-583213213		False
S1-277859586	S2-44692904	True
S1-461904470		False
S1-217764670		False
S1-587817029	S2-974897124,S3-223224367	True
S1-834331822		False
S1-107372746		False
S1-113248970	S3-761189480,S3-711825647,S3-597599026	True
S1-333590844		False
S1-513977902		False
S1-682574296		False
S1-864954688		False
S1-774480927		False
S1-588278004		False
S1-720485015	S2-981909380,S2-365346625,S2-793492158,S3-168340658	True
S1-414381559		False
S1-487179163	S2-505266723,S2-802346603,S2-479527104,S3-416780573,S3-252642615,S3-602647044,S3-188196525	True
S1-626125947	S2-308720068,S2-728914727,S3-292243602,S3-116645807	True
S1-890229673	S2-999532923,S2-514130669,S2-995347535,S3-10913395	True
S1-42346075	S2-603040342,S2-593192610,S2-172606875	True
S1-263982507		False
S1-454003447	S2-551506787,S3-668131645,S3-232013446,S3-551091894	True
S1-162745313	S2-332143569,S3-873656410,S3-501474760	True
S1-521781651	S2-325717440,S2-3209903,S2-718768058,S3-916790915	True
S1-324931040		False
S1-480977443		False
S1-982149334		False
S1-522656342		False
S1-848604347		False
S1-351250852		False
S1-151188742		False
S1-66667493		False
S1-863389350	S2-140775577,S2-271463090,S3-872150489	True
S1-737787043	S2-74187117,S2-234752826,S3-815208043	True
S1-520586474	S2-125404187,S2-538678535,S3-225973963	True
S1-373538891		False
S1-636070252		False
S1-853297879	S2-388433385,S2-854228582,S3-871122348,S3-345899766	True
S1-52190271	S2-363536088,S2-905571994,S2-561105216,S3-313970982,S3-217501817,S3-229827144	True
S1-85408550	S2-925125570,S2-462366983	True
S1-837957757		False
S1-18863896	S2-828025035,S2-894065392,S3-448107138	True
S1-212862079	S3-977149032	True
S1-319634046		False
S1-1822453	S2-862462397,S2-875783354,S3-587394011	True
S1-330765775	S2-353431907,S2-353838780,S3-797303812,S3-329634882	True
S1-439651977	S2-319487337,S3-660449857	True
S1-84347698	S2-316965619,S2-756543531,S2-591255028,S2-758299641,S3-208785234	True
S1-620261964	S3-898061979,S3-633909951	True
S1-692177601		False
S1-654997884		False
S1-468460231		False
S1-890234480	S2-662931691,S2-77194072,S3-701348533,S3-175403808,S3-766879035	True
S1-873295841	S2-674580884,S2-673134677,S3-529282416	True
S1-649991904		False
S1-140713155	S2-204583698,S2-540834434,S3-397635036,S3-371715095,S3-137498191,S3-423591175	True
S1-362272708		False
S1-983614991	S2-40481626,S3-637266184,S3-359226141	True
S1-901581596		False
S1-397780017		False
S1-623630237	S2-864400112,S2-584004650,S3-547686725	True
S1-711925110	S2-666089208,S3-161278307	True
S1-851831485		False
S1-632594216		False
S1-15590760		False
S1-381438429		False
S1-696313022		False
S1-891999423	S2-704568579,S2-965575851,S3-340352318	True
S1-9303180	S2-516949279,S3-442085102	True
S1-883889893		False
S1-210672441		False
S1-87497135		False
S1-219341232		False
S1-879272431	S2-415742681,S2-202628601	True
S1-890387939		False
S1-931802061		False
S1-827054729		False
S1-716565683	S2-948837897,S2-250851852	True
S1-952326399	S2-675245157,S3-328977177	True
S1-136092578		False
S1-141074320	S2-807059533,S3-47506084	True
S1-272440067		False
S1-199245667	S2-690482256,S2-863577778,S3-115696580	True
S1-896759259		False
S1-65498747	S2-650269974	True
S1-692111464	S2-322463340,S2-827832590,S3-945628866	True
S1-689769921		False
S1-218025729		False
S1-821449306		False
S1-110351337	S2-11856549,S2-351657352,S3-487418686,S3-606241176	True
S1-868443110	S2-925502747,S3-521584931	True
S1-3693062	S2-367254437,S3-586508703	True
S1-53175182	S2-262948816,S2-929157604	True
S1-676906155	S2-936815194,S2-95032120,S2-167693875,S3-985692947	True
S1-763340065		False
S1-524896950		False
S1-733846080	S2-959690796,S2-518306381,S3-594391279,S3-181752433,S3-272222559	True
S1-995879577	S2-188668004,S3-165383969	True
S1-904491402		False
S1-770674781	S2-216258410,S2-577035680,S2-546877790,S3-451012655	True
S1-891205663	S2-619245574,S3-707073934	True
S1-534347557	S3-309125259,S3-816496325	True
S1-866381860	S2-701106189,S3-610815757	True
S1-983787309		False
S1-464260796		False
S1-575442173	S2-958112190,S3-3058199,S3-103451140,S3-836161041,S3-560835346	True
S1-632004840		False
S1-788324022	S2-296093836,S3-106701612,S3-964108900,S3-532055449	True
S1-758815419	S2-873105038,S3-995674273	True
S1-376001049	S2-647679993,S2-716951563,S2-978074603,S3-475932856,S3-573889838	True
S1-739388851		False
S1-454634632		False
S1-846861727		False
S1-938096417		False
S1-557958805		False
S1-951693599		False
S1-223792992		False
S1-209984934		False
S1-390729744		False
S1-536761635	S2-162482235,S3-755922058,S3-661599358	True
S1-979532166	S2-56645782,S2-778026968,S3-853933559	True
S1-885767075		False
S1-763722821		False
S1-823738391	S2-699544224,S3-573969531,S3-663828961,S3-216844340,S3-495505072	True
S1-794440020		False
S1-796643959		False
S1-734554711	S3-964014249	True
S1-567994699		False
S1-347409098	S2-712470653,S3-971615545	True
S1-864999894		False
S1-777966175	S2-486013998,S2-741198529,S3-767878046,S3-977487885,S3-815720995,S3-558467230,S3-816673383	True
S1-613698702	S2-605771265,S3-430117006	True
S1-84692744		False
S1-271123290	S2-983234934,S2-913446597	True
S1-970020447	S2-736856434,S3-649266236,S3-673466952	True
S1-662566044	S2-962969695,S3-329785073,S3-519377149,S3-476986993	True
S1-217214139	S2-141619985,S3-975602703,S3-165917984	True
S1-757981002		False
S1-656972349		False
S1-549405108		False
S1-866970939	S2-275305530,S3-862256289,S3-383077815	True
S1-300252118	S2-112313117,S3-212925413,S3-516659411	True
S1-731188577		False
S1-318384528		False
S1-526178931		False
S1-191498864		False
S1-10180749		False
S1-836775594		False
S1-378488003	S2-108624560,S3-922545457	True
S1-102385710		False
S1-483150778		False
S1-242056871	S2-851685190,S3-566611462,S3-817562245	True
S1-213708238	S2-721177280,S3-375052208,S3-418150646,S3-64557932	True
S1-674581900		False
S1-271100163		False
S1-895442506		False
S1-796357347	S2-410071300,S2-243203396,S2-802914425,S3-219429323	True
S1-688481386		False
S1-685589349		False
S1-637213017		False
S1-684581404		False
S1-700602152	S2-427033797,S2-693832819,S3-218435189	True
S1-906810943	S2-748339580,S2-976729811,S2-659344720,S2-130691014,S3-234339132,S3-372704712	True
S1-636371832		False
S1-974949352	S2-921613432,S2-74767616,S2-180289357,S2-630884326,S2-674896514,S3-684151357,S3-237547954	True
S1-788050811		False
S1-886249190	S2-262331398,S3-103145647	True
S1-61065559		False
S1-92778339		False
S1-156130263		False
S1-233545001	S2-302071279,S2-664764518,S3-156907769,S3-671349903	True
S1-91519614	S2-186859251,S2-817999171,S2-986903254,S3-613907070	True
S1-955760511	S2-847178185,S2-6770489,S2-543068891,S3-900211955,S3-803879527	True
S1-696733096		False
S1-750135480	S2-814782591,S3-55339952	True
S1-118353299		False
S1-137312165	S2-820092576,S2-902280230,S2-724800900,S3-507792772,S3-940177421,S3-516540449	True
S1-655362788	S2-448144999,S3-203187897	True
S1-74107115		False
S1-453455057		False
S1-650832201		False
S1-397035235	S2-986112998,S3-265119873	True
S1-769157320		False
S1-682075101		False
S1-570164954	S3-72006644,S3-218484453	True
S1-820925109	S2-185123309,S2-648503560	True
S1-454113802		False
S1-609267719	S2-519887754,S3-261266381,S3-847146410	True
S1-598803612	S2-677170984,S3-953908032,S3-107349413	True
S1-964551012		False
S1-929158508	S2-375599621,S2-674206665,S3-826610043	True
S1-706666024		False
S1-816823708	S2-57334864,S2-393862004	True
S1-883806917		False
S1-429222637		False
S1-471027644	S2-836363456,S2-658917889,S3-446790621,S3-513047944	True
S1-583421745		False
S1-874069851		False
S1-112059260		False
S1-851315623	S2-977215030,S3-771322717,S3-640259029	True
S1-318746992		False
S1-783671677		False
S1-634325154	S2-182323279,S2-12649353,S3-428727311,S3-758444700,S3-630901465	True
S1-349338634		False
S1-550897876	S2-954984896,S2-906904772,S2-240257297,S3-889649004	True
S1-408423257	S2-474448234,S2-445004756,S3-471872344,S3-279219581	True
S1-730577781		False
S1-769785115		False
S1-323610737	S2-575218074,S3-973498816,S3-117142224,S3-871989948,S3-607168945	True
S1-92239763	S2-938629244,S2-884745339,S2-701241227,S2-553646439,S2-962552762,S3-745835112,S3-433951316,S3-472334159	True
S1-141781253		False
S1-554432527		False
S1-964428664		False
S1-745060560		False
S1-641936524		False
S1-844226052		False
S1-840806520		False
S1-834762368		False
S1-526509357	S2-487873628,S2-96570860,S2-321207422	True
S1-139344681		False
S1-538248528		False
S1-855539750		False
S1-396225263	S2-669047969,S2-923768913,S2-687131167,S2-731621572,S2-934551906,S3-337936518	True
S1-66377701		False
S1-140431935	S2-215926852,S2-471013486,S3-660175392,S3-753714624	True
S1-544125100	S2-945998708,S2-397456096,S2-501359190,S3-838268686,S3-740952169,S3-613619029,S3-88228653	True
S1-245265192	S2-905940673,S2-898848241,S2-268249429,S3-870355640	True
S1-639932523	S3-324380001,S3-136778801	True
S1-952419653	S2-896655666,S2-172437998,S2-808031343,S3-95043818,S3-279626930,S3-945861620	True
S1-104409219		False
S1-292630372	S2-724187509,S3-953946969	True
S1-309110645		False
S1-658004618		False
S1-450592287		False
S1-718699572	S2-368651658,S2-100156279,S2-832788161,S2-403314522,S3-354313649,S3-551971845,S3-188407822	True
S1-257883028	S2-269398460,S2-217119854,S3-245276161	True
S1-365889264		False
S1-262684781	S3-551020018	True
S1-875287258	S2-892340708,S2-34293691,S3-603247612	True
S1-379903812		False
S1-932685478	S2-933896412,S3-75684602,S3-608576997,S3-418877112	True
S1-58189877		False
S1-674220654		False
S1-789116256		False
S1-42864365	S2-862189245,S3-15972062,S3-814424120	True
S1-166646219	S2-864835151,S2-203376683,S3-140911909,S3-915452759,S3-557533674	True
S1-157785013	S2-75412942,S2-579009657,S3-176500609	True
S1-410301770	S2-693615204,S3-552452928,S3-80262342,S3-228637788,S3-131580355	True
S1-937633262		False
S1-961199414	S2-914681969,S3-433708716	True
S1-763236457	S2-495954270,S2-914329670	True
S1-479045695		False
S1-302642334	S2-150823298,S3-304087185,S3-509316389,S3-725084167	True
S1-99655167	S2-868053789,S2-320038647,S3-187448664,S3-974507499,S3-914488378,S3-531293361	True
S1-764816240	S2-274734545	True
S1-678191949	S2-280240920,S3-311610996	True
S1-256441232	S2-228627299,S3-48490438,S3-927002633,S3-572423795	True
S1-153875309		False
S1-547546334	S2-789738536,S2-602397350,S3-328202729,S3-161225325	True
S1-646748440		False
S1-939431445		False
S1-556694484	S2-712254649,S3-979625714,S3-621029826,S3-44686322	True
S1-820968836	S2-252066644,S2-419308081,S2-446570372,S3-923277913,S3-845987363,S3-305441226	True
S1-544869100	S2-894792020,S2-244926864,S3-640088285	True
S1-650482997	S2-284549066,S2-124959238,S3-832884606,S3-413695987,S3-423439834	True
S1-502871839	S2-671907316,S3-24774061,S3-160798535,S3-62606070	True
S1-424427112	S2-999555568,S3-110239215	True
S1-177887721	S2-708863786,S3-531742033	True
S1-871969463	S2-62558114,S2-122046554	True
S1-865360391	S2-615665493,S3-215884777,S3-136556321,S3-499212898	True
S1-910962724	S2-296932411,S3-446813032	True
S1-429638908	S3-742521628,S3-814085606	True
S1-150690981	S2-487807826,S3-921239126,S3-951728778,S3-817675789,S3-138859369	True
S1-240330702	S2-429548076,S2-742157686	True
S1-734024226	S2-625015815,S3-676787064,S3-151168239,S3-836880253	True
S1-507266041		False
S1-577242597	S2-125268709,S2-369385680,S2-732112160,S2-299643065,S3-863165003	True
S1-645567856	S2-187044966,S2-739183561,S2-894322470	True
S1-214798652	S2-77034529,S2-766779341,S3-577982959	True
S1-425674970		False
S1-695355927		False
S1-905681278	S2-678301242,S2-563103735,S3-942618816,S3-515074188	True
S1-826656481		False
S1-36816876		False
S1-298246751	S2-125713041,S3-983146631,S3-201076438	True
S1-538305886		False
S1-602662087		False
S1-808538596		False
S1-487697996	S2-943255123,S2-513675134,S2-610592313,S2-441914977,S3-924480424,S3-328363442,S3-995250348	True
S1-321292356		False
S1-53160257		False
S1-292471588	S2-248747614,S2-369605615,S3-710879030,S3-660637114,S3-956428781,S3-275046962,S3-462446338	True
S1-490363684	S2-564099928,S3-56857009	True
S1-211502875		False
S1-434663055	S2-348249216,S2-826376423,S3-420135683,S3-459849949,S3-321304681,S3-234893596,S3-795253994	True
S1-669026534	S2-86400913	True
S1-722392850	S2-231129127,S2-17712688	True
S1-381325521	S2-677841508,S2-269672775,S3-802126066,S3-81535004	True
S1-188020271	S2-269670626,S3-311183301,S3-88819118,S3-657487868	True
S1-952148752		False
S1-71913211		False
S1-611676627	S2-292600052,S2-473448498,S3-115103682,S3-286025470,S3-615346217	True
S1-525184058		False
S1-541220119	S2-73416918,S2-4682321,S2-928287913,S3-598843420,S3-600590832	True
S1-745643095		False
S1-593578737		False
S1-523393920	S2-935547480,S2-101790531,S2-590306352,S3-881012413,S3-676547237,S3-655346290,S3-749046298,S3-805216159	True
S1-716117717	S2-942063538,S2-657110400,S3-802519972,S3-127329610,S3-462714702,S3-855624272,S3-6747286	True
S1-575214934	S2-700548409,S2-290644504,S2-543926046,S3-155847953,S3-562846159	True
S1-915873294	S2-845345898,S2-236905188,S3-935352441,S3-808786441	True
S1-153619277	S2-290220124,S2-67636789,S3-394218675,S3-896593010,S3-452077742	True
S1-832238373		False
S1-192353024		False
S1-939715330		False
S1-928536311		False
S1-464939830		False
S1-687816255	S2-544333896,S2-80546989,S2-742603149,S3-644984407	True
S1-124628115	S2-850899504,S3-414179746	True
S1-205317398		False
S1-158933573	S2-480163846,S3-335528831	True
S1-621166113		False
S1-74599466	S2-336634338,S3-853203405,S3-63220426	True
S1-70836196		False
S1-640224609	S2-562184866,S2-256801751,S3-448439043	True
S1-38617464	S2-962689569,S3-781308937,S3-793358095,S3-4041687	True
S1-124478889	S2-321643172,S2-425828751,S3-341300172	True
S1-243880943		False
S1-590970827		False
S1-493772105	S2-317230240,S2-801081185,S3-680886764	True
S1-46006829		False
S1-583395521		False
S1-950536083		False
S1-312252096		False
S1-980374455	S2-780847845,S2-223715402,S3-990328691,S3-358815612	True
S1-916555789		False
S1-673417746	S2-605098087,S2-704944185,S2-878554640,S3-483327808,S3-184812632	True
S1-568094167	S2-964812102,S2-671105833,S3-161374869,S3-26801536,S3-915474665	True
S1-734085632		False
S1-163410314	S2-103958185,S3-882947599	True
S1-917568353		False
S1-89865517		False
S1-609479088	S2-880499378,S3-605688012	True
S1-777136836		False
S1-822004188		False
S1-967876836	S2-582768371,S2-982790761,S2-315052659,S2-748105660,S3-868108480,S3-433400427,S3-941924278	True
S1-545298972		False
S1-738649288		False
S1-83975938	S2-276373525,S2-433923358,S2-814918901,S3-796114771,S3-68582785	True
S1-234936476		False
S1-717919849	S2-815441530,S2-528058351,S3-305664172,S3-152820343	True
S1-841350381	S2-25112740,S3-852724045,S3-631772460	True
S1-72284719		False
S1-965625987	S2-776289725,S3-745719400	True
S1-40184604	S3-225176453,S3-687716589	True
S1-98794186	S2-123022374,S2-811771812,S3-38183271,S3-366549893,S3-175225464	True
S1-410961281	S2-847915156,S3-749936281,S3-337772910,S3-643239803	True
S1-638724010	S2-610390757,S3-649066344	True
S1-700594705		False
S1-102902951	S2-805222664	True
S1-598443583	S2-717604940,S2-904410968,S3-631721131,S3-859178524,S3-367887162	True
S1-751890398		False
S1-431720269		False
S1-911149646	S2-621044965,S2-387328172	True
S1-417201902		False
S1-364241901		False
S1-595095856	S3-107520446	True
S1-98109416	S2-233735886,S2-791919058,S2-765485084,S3-55265337	True
S1-225813557	S2-606665167,S2-127701955,S2-63647330,S3-100164369,S3-399402210,S3-340087825	True
S1-123925498		False
S1-471278272		False
S1-229211173	S3-171378252	True
S1-304237712	S2-324975319,S2-114078488,S3-373882650	True
S1-443651347		False
S1-416507071	S2-458541161,S3-190780721,S3-10764923,S3-183365196	True
S1-341371314	S2-110440458,S2-669317988,S3-363954875,S3-682027190,S3-18369496	True
S1-554228651	S2-310281175,S2-617957218,S3-303433211,S3-708148358	True
S1-928330055	S2-251621646,S3-890923541	True
S1-378252594	S2-793990135,S2-713038583,S2-893649486,S2-256754088,S3-776424172,S3-628034999	True
S1-813240351		False
S1-328139445	S3-448915732	True
S1-699743564		False
S1-607076889		False
S1-584500360	S2-887541867,S2-777978519,S2-968032680,S3-170001988,S3-392422793	True
S1-243662354	S2-405572468,S2-26625640,S3-852895283	True
S1-213142915		False
S1-769652084		False
S1-745936708	S2-994108621,S2-300985225,S2-380512265,S3-930449202,S3-169772774	True
S1-12664480	S2-561240387,S2-3859231,S3-226669595,S3-779163047	True
S1-857591058	S2-573985710,S2-216172430,S3-251566876,S3-380574304	True
S1-108284040	S2-368757495,S2-436786435,S3-440254465,S3-21236414	True
S1-488794293		False
S1-415534210		False
S1-978199329	S3-512806052,S3-699401501	True
S1-72068289	S2-725575962,S2-461309274,S3-105528361	True
S1-91600385		False
S1-311584179		False
S1-296666618	S2-532931725,S2-744214322,S2-153773241,S3-783661287	True
S1-117895881	S2-455528648,S3-383763549	True
S1-546604627	S2-531017682,S3-830267842,S3-633531231,S3-976564152	True
S1-447643195	S2-135960726,S3-792554613,S3-707844865	True
S1-619208302		False
S1-718814862	S2-115120705,S2-834585818,S3-593510699	True
S1-587848639	S2-352095977,S2-216389444	True
S1-225131308		False
S1-814929777	S2-514287898,S2-19313204,S2-825253833,S3-846271039,S3-338704933,S3-267361854	True
S1-105037160	S2-43025226,S2-948745929,S2-937135306,S2-369313563,S3-707578759,S3-354491175	True
S1-443807244	S2-625124049,S2-173959824,S3-150697066,S3-230361907	True
S1-577604245	S2-251372371,S3-584416374,S3-15903433	True
S1-837010478	S2-362905540,S2-985448500,S2-613926982,S3-929721629,S3-469618186	True
S1-756467645		False
S1-866841435		False
S1-140094153	S2-130667553,S2-337237403,S3-583817642,S3-758019347	True
S1-247124282		False
S1-352539240		False
S1-570096074	S2-645875467,S2-200415015,S3-70763203,S3-595030751	True
S1-538770620	S2-466789789,S2-379940747,S3-580735623	True
S1-724090548	S2-627060123,S3-721748778,S3-929678685	True
S1-518968923		False
S1-906774636		False
S1-56125456	S2-626356879,S3-466571936	True
S1-636609313	S2-186228277,S2-911054733,S2-770242815,S3-422260033,S3-292941171	True
S1-587911188	S3-347636226	True
S1-853410640		False
S1-581477151		False
S1-930776034	S2-816607959,S2-15795443,S2-885254254,S3-629650658,S3-475653026,S3-773903613,S3-511294263	True
S1-502286342		False
S1-554596627	S2-818902763,S3-365580899,S3-946123163,S3-689345554	True
S1-622347363	S2-193363315,S2-916690920,S2-716907719,S2-902759578,S3-294344723,S3-414702324	True
S1-104150559	S2-298159232,S2-674798840,S2-814364140,S3-65086088	True
S1-965208996	S2-497859609	True
S1-548469686	S2-959523210,S3-662901776,S3-463735826,S3-334160046	True
S1-63323724	S2-407248579,S2-876477389	True
S1-173729709	S2-217212364,S3-954786777	True
S1-146494595		False
S1-797815176	S2-34041994,S3-523770890,S3-233774070,S3-815136681,S3-708631364	True
S1-975913308	S2-344691992,S2-422297831,S3-256826754,S3-903403370	True
S1-74263167	S2-353197460,S3-502189913,S3-736071403	True
S1-134761078		False
S1-100672897		False
S1-69805636		False
S1-748766335		False
S1-218097365	S3-535705410	True
S1-80956779		False
S1-538319065	S2-430687010,S2-650491311,S3-281150546,S3-3059642,S3-248685155,S3-228522494	True
S1-929251082	S3-67555094,S3-893298274,S3-589759005	True
S1-50851370		False
S1-359657683	S2-553038601,S2-211213788,S2-289725374,S3-599118109,S3-399650196	True
S1-863134954		False
S1-365108891	S2-67239682,S3-418637290,S3-27633565,S3-589002499	True
S1-556396988		False
S1-868471098	S2-636144587,S2-247717716,S3-12565767,S3-128110119	True
S1-577740743		False
S1-658843608	S2-191449863,S2-986911398,S3-510770094	True
S1-548617478		False
S1-403018358		False
S1-414631708		False
S1-665223392	S2-557409941,S3-491808260,S3-839301466,S3-288574704,S3-546564463	True
S1-34314098		False
S1-420652102	S2-709080178,S3-460800350	True
S1-586452966	S2-448965348,S3-211954703,S3-109572372	True
S1-120284293		False
S1-340095047	S2-690128276,S2-407879114,S2-263824319,S3-933601081,S3-110382294,S3-416008402	True
S1-134299350	S2-361367467,S3-259184817,S3-459553165,S3-553922968	True
S1-2908871	S2-651716954,S2-780596906,S3-597419362	True
S1-858624630	S3-566141152	True
S1-607287788	S2-421790657,S3-767464941,S3-406021602	True
S1-987516128		False
S1-278606048		False
S1-462230063		False
S1-516339843		False
S1-146470225	S2-211286598,S3-906291672,S3-949983819	True
S1-29495429		False
S1-856231153	S2-949975868,S3-692388088	True
S1-451175424		False
S1-528032255	S2-96933287,S3-410448894,S3-282977229	True
S1-21763083		False
S1-555773324	S2-638054355,S2-622459183,S3-172515251	True
S1-879874339		False
S1-795799389		False
S1-111545261	S2-145032668,S3-36512785,S3-783114352,S3-720057316,S3-952021075	True
S1-327164495		False
S1-840266124	S2-476562908,S2-749201012,S3-482814586,S3-96711823	True
S1-268213482	S2-616753170,S2-524452535,S3-88799501,S3-416066522	True
S1-214316799	S2-975528950,S3-181321141	True
S1-864576836		False
S1-596535766	S2-568492353,S2-930843319,S2-179661342,S3-434114987,S3-668433734,S3-687495349	True
S1-357119884		False
S1-322510506		False
S1-819776325	S2-920416932,S2-934109448,S2-582219406,S2-689972856,S2-553190654,S3-581252666	True
S1-825287618		False
S1-907680250	S2-169689922,S2-275686887,S3-186988813,S3-660037223,S3-520155492	True
S1-372121581		False
S1-801920375	S2-793804112,S3-279685418	True
S1-860479464	S2-480921578,S2-452394186	True
S1-177072027	S2-394869100,S2-876599892,S3-367852923,S3-212778198,S3-897294143	True
S1-450375681	S3-768927688	True
S1-140952070		False
S1-42658382		False
S1-647984025		False
S1-102513189	S2-945684337,S3-946494082	True
S1-271520455		False
S1-657372166	S2-200413923,S2-150655495,S2-134761865,S2-479707776,S3-619101886,S3-28877572	True
S1-189345512	S2-978370930,S3-975771879,S3-62596071,S3-321418603	True
S1-307233958	S2-99902541,S2-694426987,S2-957783980,S3-362735866	True
S1-319046689		False
S1-514453996	S2-175324331,S2-811680666,S2-613925475,S3-893660232	True
S1-658744777	S2-254544886,S2-370109091,S2-747441065,S2-936134800	True
S1-119746517		False
S1-569728003		False
S1-398675226		False
S1-133531849	S2-768121126,S2-25662104,S2-191117923,S2-612927606,S3-403811615	True
S1-883766040	S2-710109178,S3-405685193,S3-66962119	True
S1-475575818	S2-301065394,S2-291005162	True
S1-652958978		False
S1-227378547	S2-252594293,S2-43892018,S3-892951629,S3-583505931	True
S1-99826428		False
S1-188013257	S2-761736166,S3-173326124	True
S1-386932463		False
S1-164163768	S2-189154409,S3-633576175,S3-400962726	True
S1-758775407		False
S1-75339958	S2-82265838,S2-460979659,S3-714787520,S3-11016413	True
S1-163175161		False
S1-25087334	S2-232136278,S2-848955659,S3-167027939,S3-274824909,S3-300632702,S3-256794668	True
S1-444997123		False
S1-101619095	S3-710729033,S3-92837275,S3-180469417	True
S1-331237127	S2-873517949,S2-314034717,S2-965533538,S3-594969954,S3-193899445	True
S1-785371163	S2-459759602,S3-17990087	True
S1-301986312	S2-725559953,S2-996796097,S2-501663626,S2-585366126,S3-611869723	True
S1-162591193		False
S1-461440274		False
S1-263313377	S2-748320503,S3-138780236,S3-74501558	True
S1-581904824		False
S1-220410205	S2-409331558,S3-902060721,S3-505101538	True
S1-817228763	S2-201527872,S2-672846814,S2-164711726,S3-2988199	True
S1-394540508	S2-653409655,S2-327214746,S3-855440453	True
S1-991288376		False
S1-113281373	S2-712400707,S2-418161193,S3-616358528,S3-116375548,S3-501663314	True
S1-403940121	S2-544859480,S2-405710575,S2-412353363,S3-304279574,S3-20028433	True
S1-154946875	S2-653835944,S3-438111730,S3-124094660	True
S1-981582261	S2-410614517,S3-549691301	True
S1-419530230	S2-154424132,S2-992274462,S3-142178864	True
S1-176177448	S2-639701739,S2-651089454,S2-97945644,S2-364612980,S3-169896681	True
S1-888814580		False
S1-849320222	S2-171495563,S2-871112652,S3-711501367	True
S1-682563472	S2-297360667,S2-231863910,S3-75765544,S3-346419263,S3-698671810	True
S1-174841930		False
S1-721416996		False
S1-818525782	S2-137510968,S3-460487217,S3-988104045,S3-433437398	True
S1-800063276	S2-687841773,S2-327465177,S3-337994748	True
S1-817840254	S2-682249331,S2-792274378,S2-138439731,S3-68449269,S3-446904592,S3-811550888,S3-257547360	True
S1-161013953		False
S1-439492232		False
S1-271810768		False
S1-347927359	S2-696583688,S2-757257725,S3-441772296,S3-301106953,S3-776153624	True
S1-713775718		False
S1-371937458		False
S1-48370153	S2-569278399,S2-362106866,S2-185027656,S3-834060084	True
S1-672094321	S2-382654393,S3-510446114	True
S1-612666109	S2-864716312,S2-580619097	True
S1-839175907	S2-163749347,S3-32231994,S3-354448005,S3-595658708,S3-657512046	True
S1-92732276		False
S1-757082950	S2-729526165,S3-35026049,S3-755316994	True
S1-765236729	S2-149090760,S3-514100106,S3-25914921	True
S1-456771565	S2-541144666,S3-718271829	True
S1-399543253	S2-461779279,S2-824210992,S2-204707286,S2-865835925,S3-984407340	True
S1-553531125		False
S1-306931629	S2-183603937,S2-15374829,S2-409104472,S3-414176210,S3-246659831,S3-407567410,S3-68932165	True
S1-803029577		False
S1-302751655	S2-682061138,S2-918235218,S3-361256967,S3-571644901	True
S1-378282228	S2-780328767,S2-248542399,S3-480015806,S3-715113529	True
S1-261821387		False
S1-731071828	S2-217236026,S2-982441929,S3-982854071,S3-20852674	True
S1-182410093		False
S1-672347037		False
S1-587344695		False
S1-357652556		False
S1-994382242	S2-521614004,S2-241313422,S3-71466314,S3-764088586,S3-560910135,S3-217579963,S3-675873026	True
S1-165557981	S2-480722288,S3-435731135,S3-431854755,S3-11177817	True
S1-944307561		False
S1-119978174	S2-423493578,S3-275308127	True
S1-757664969		False
S1-703309385	S2-478388530,S2-275832949,S3-395915903	True
S1-304556534	S2-993370421,S3-348637256	True
S1-12875588	S2-344554541,S2-217639261,S3-312768108,S3-512661754,S3-384599402	True
S1-601256594		False
S1-178266600		False
S1-570994628	S2-577396355,S2-985295635,S3-840625885,S3-988109070	True
S1-816853631	S2-898934015,S3-997976590	True
S1-268973496	S2-789156352,S2-659235417,S2-255514583,S2-813339752,S3-915119354	True
S1-515815675		False
S1-996920746		False
S1-360293606		False
S1-977357186		False
S1-108878749		False
S1-369834815	S2-954193313,S2-554178364,S3-847016531,S3-746196573,S3-973183774	True
S1-474512632	S2-26479687,S3-573024131,S3-543552378	True
S1-110233416	S2-571134424,S3-606415167,S3-973898559	True
S1-927514534	S2-39048807,S2-64008033,S3-625967394	True
S1-55173845		False
S1-250387464	S2-632550625,S2-347962726,S3-94708208	True
S1-417038819	S2-94107092,S2-347484011,S3-635581789,S3-289283917	True
S1-24364008		False
S1-95184959		False
S1-424845795	S2-464520438,S3-783366269,S3-629773885,S3-165640628,S3-35020409	True
S1-93143017	S2-223915923,S2-260273670,S3-441967839,S3-710313751	True
S1-87933800	S2-246530033,S3-609845526,S3-743708936	True
S1-729247767	S2-13645808,S2-334378726,S3-470983869,S3-934425340	True
S1-471824928		False
S1-792322490	S2-865629955,S2-285112389,S3-185669469	True
S1-36986834	S2-159447268,S3-605967810,S3-569630773	True
S1-479943348		False
S1-66425044	S2-518510828,S2-381869701,S2-50590850,S2-758862663,S3-857638442,S3-345385839	True
S1-13371590		False
S1-644465375	S2-119723482,S2-314996911,S2-373585537,S2-264282885,S3-153044678,S3-425613248	True
S1-617898794		False
S1-129903609	S2-573282050,S3-41964673,S3-569530542	True
S1-710364967	S2-56006898	True
S1-541969879	S2-505563947,S3-928922620,S3-603892243	True
S1-489693509		False
S1-594160166		False
S1-263303675		False
S1-886888237	S2-894711313,S2-484328699,S3-284155559,S3-549927373,S3-974611502	True
S1-881441847		False
S1-32862333		False
S1-36133035	S2-963514175,S3-163066965,S3-394706426	True
S1-763585945		False
S1-624026887	S2-824474476,S2-902169736,S2-904621500,S2-699118909,S3-308379964,S3-455598866,S3-620731448	True
S1-878493227	S2-762277833,S3-662205488	True
S1-497764578	S2-780568185,S2-247800853,S2-414161611,S2-712832773,S3-153026730,S3-945077680,S3-61001346	True
S1-147520235		False
S1-127404836		False
S1-124799733	S2-360677617,S2-359256183,S2-810483591,S3-971632218,S3-910620490,S3-340291688	True
S1-868902503		False
S1-978020731	S2-718912081,S2-42277690,S2-221972993,S3-425478355,S3-137125083	True
S1-375251572		False
S1-50046522	S2-733875331,S2-635182341,S2-973431735,S3-39318337	True
S1-429767574		False
S1-482291578	S2-13428795,S2-749918601,S3-713202774	True
S1-373991550		False
S1-598332145		False
S1-704572310		False
S1-243448338	S2-853989856,S2-182238091,S3-476656795,S3-968006571	True
S1-504354905		False
S1-571014693	S2-820678661,S3-21762580,S3-493977006,S3-98866633,S3-50234414	True
S1-292787827		False
S1-655981357	S2-572487076,S2-107632021,S3-901860946	True
S1-211135146	S2-380369490	True
S1-449108176	S2-223055464,S3-18342740,S3-937500514,S3-544171544	True
S1-472900557	S2-308928650,S2-350390259,S2-741352232,S3-14380956,S3-718582652,S3-93523775,S3-545758490	True
S1-801485822	S2-272609342,S2-503018844,S2-147972063,S3-709949662,S3-450293450	True
S1-902584706	S2-205500305,S2-50151525	True
S1-219930079		False
S1-377000877	S2-65916078	True
S1-863032545		False
S1-36022989	S2-244222850,S3-119523699,S3-921054260	True
S1-523371152	S2-220052912,S2-942470454,S2-20015000,S3-160187262,S3-512469911,S3-186653048	True
S1-445893242	S2-374155347,S2-867031258,S3-747173301,S3-143866823,S3-475014807	True
S1-304184678		False
S1-102316598	S2-228943327,S2-170302485,S3-592395214	True
S1-945397402		False
S1-595962662	S2-341041996,S2-659471544	True
S1-203443332	S3-132769259,S3-668634880	True
S1-204230196	S2-125728834	True
S1-594306760		False
S1-975555021		False
S1-664332472	S2-115611209,S3-853538637	True
S1-776479678		False
S1-965230298	S2-953494736,S2-90337781,S2-254337695,S3-790950876	True
S1-504839166	S2-43296586,S2-729099677,S3-187153253	True
S1-712506856	S2-97836684,S2-567216091,S3-49599913,S3-116383829	True
S1-968972751	S2-582696971,S3-610567644,S3-77126236	True
S1-885717478		False
S1-291675025	S2-944854209,S2-23396520,S3-899448551,S3-887584921,S3-695850046,S3-157064378	True
S1-887362065	S2-397280116,S2-429040859,S3-334953780,S3-4487716,S3-32769944,S3-480417288	True
S1-537262089	S2-371374822,S2-312865199,S2-863168695,S2-970708040,S3-168618989,S3-95188560	True
S1-889943125		False
S1-379318568	S2-436771217,S3-556859893,S3-844040097	True
S1-154805470	S2-255933516,S2-421024746,S2-939428209,S2-483796275,S3-555872164	True
S1-953237214		False
S1-374012500		False
S1-104423963		False
S1-754005226		False
S1-180818132		False
S1-50117131	S2-305251788,S3-507637139,S3-169146535	True
S1-395261737	S2-611105622,S3-689034200,S3-969788274,S3-230622838	True
S1-18408331		False
S1-344551146		False
S1-180744759		False
S1-173562333		False
S1-242895579	S2-545347142,S2-192736991,S2-202511242,S3-251913121	True
S1-977699763		False
S1-708320135		False
S1-326392210		False
S1-421555687	S2-758777679,S2-864491452,S2-843689234,S3-857893336	True
S1-921596728	S2-39924494,S2-399216487,S3-874246011	True
S1-590339626	S2-414690808,S2-691040612,S3-592970715,S3-135635188	True
S1-349274815	S2-246711906,S2-195451688,S2-234190764,S2-617366400,S3-717243787	True
S1-181029685		False
S1-469176726		False
S1-131939058	S2-4096434,S3-948519684,S3-499591300,S3-36237520,S3-640548762	True
S1-439643738	S2-175171124,S2-413892277,S3-463112493,S3-905205737	True
S1-69018524		False
S1-826544441	S2-698484172,S2-26528208,S3-619092443,S3-496150805	True
S1-692606562	S2-530206179,S2-196508099	True
S1-929575300		False
S1-166701680	S2-967021430,S2-182756551,S3-861145318	True
S1-121922602	S2-756210928,S3-497875094,S3-143304624,S3-657623922	True
S1-64418398		False
S1-367472111	S2-423926013,S3-993700030,S3-526114507,S3-409436833	True
S1-478300623	S2-885642953,S2-760798056,S2-104112946,S3-910539082,S3-878532066	True
S1-193761667	S3-621467951,S3-948872817	True
S1-480030770	S2-217442009,S2-952118823,S2-397834778	True
S1-124533386		False
S1-851451851		False
S1-299384712	S2-206616423,S2-894070049,S2-508705720,S3-934719690,S3-93146807,S3-680478264	True
S1-828684436		False
S1-325717398	S2-720430010,S3-800423128	True
S1-312643962	S2-973007753,S3-415947480,S3-406326441	True
S1-219755475		False
S1-384617115	S2-26057373,S2-301312510,S3-917677693	True
S1-443544207	S2-703219229,S2-847051835,S2-817428870,S3-391744736,S3-222673674,S3-437628827,S3-345298177,S3-857816852	True
S1-504216932	S2-652618449,S3-771435959	True
S1-804912050		False
S1-211448393		False
S1-287885030	S2-558937110,S3-767844079,S3-953916075	True
S1-38825143	S2-816678850,S2-645496257,S3-828355926,S3-888793990,S3-841687132	True
S1-607774898	S2-241364409,S3-133424919	True
S1-560056591		False
S1-152674579	S2-99493281,S2-730888298,S2-875348714,S2-594522009,S3-393794774,S3-855980817,S3-973340130	True
S1-742296546		False
S1-340749878	S2-708656506,S3-23565288,S3-141514273,S3-80830362,S3-260457965	True
S1-744670952		False
S1-782214838	S2-248496076,S2-926424686,S3-532277142,S3-773627741,S3-310168967,S3-202780339	True
S1-27538839	S2-536539782,S2-586211489,S3-295211742,S3-170479386	True
S1-440304505	S2-72971788,S2-56452092,S2-391340761,S3-446138204	True
S1-898929347	S2-236590656,S2-988674656,S3-421834042	True
S1-613541350		False
S1-395178836		False
S1-67932854		False
S1-680488434		False
S1-781703810		False
S1-524125200		False
S1-134150703		False
S1-763718024	S2-969657378,S3-487964003	True
S1-488495688	S2-200737095,S3-683817670,S3-28887147	True
S1-657627553		False
S1-984818956		False
S1-603764038	S2-261240351	True
S1-818201141	S2-59371027	True
S1-300758888	S2-847091499,S2-848489653,S2-235200755,S3-607029544	True
S1-251128163	S2-429631168,S2-866561467,S3-337219617	True
S1-330107671		False
S1-313596747		False
S1-230176785		False
S1-106966303	S2-915177454,S3-16467820,S3-926026052,S3-720640436	True
S1-784015423		False
S1-472452715	S2-214961720,S3-596909528,S3-67118684	True
S1-932285399	S2-401656500,S2-864045241,S2-174562298,S3-409670605,S3-96469128,S3-785403725,S3-107576882	True
S1-200107295	S2-798021861,S2-451298040,S3-963625153,S3-223585735	True
S1-441143265	S2-144773926,S2-49137505,S2-25251192,S2-272367904,S3-446432610	True
S1-972097600		False
S1-174479605		False
S1-174329149	S2-832190629,S2-766281673	True
S1-225504424		False
S1-468454496		False
S1-226421551		False
S1-661139296		False
S1-476393567	S2-343125612,S3-243709924,S3-742323380	True
S1-933667379		False
S1-28396286		False
S1-702527936		False
S1-70505351	S2-326711290,S3-170483680	True
S1-995230938	S3-463241086,S3-923808420,S3-867352397,S3-295145023	True
S1-838097491	S2-959883714,S2-49708200,S2-930740638,S3-749743859,S3-402004971,S3-642305250	True
S1-261681572		False
S1-701626919	S2-973842972,S2-67946923	True
S1-255303274	S2-224572390,S2-147175969,S3-996697982	True
S1-32481488		False
S1-391763187	S2-455875478,S2-373052129,S3-508227174	True
S1-710091814		False
S1-461883313	S2-133331961,S3-766070578,S3-882121218,S3-173095342	True
S1-443205846	S2-146323263,S2-290433430,S3-237095194,S3-530626033,S3-952704003,S3-616085974	True
S1-6116002		False
S1-900896130		False
S1-812950476		False
S1-287385804	S2-859353345	True
S1-765466405	S2-995754707,S3-672496594,S3-719450098,S3-137951	True
S1-36999801		False
S1-765980915		False
S1-957212674		False
S1-660571765	S2-821597806,S2-249901866,S2-938126899,S3-544230384	True
S1-235543591		False
S1-119962873		False
S1-74977962		False
S1-682939820	S2-369910162,S2-361289565,S3-653848212,S3-62772437	True
S1-147151511	S2-823312512,S3-211385330	True
S1-15024040		False
S1-809597332	S3-944938111,S3-405775333	True
S1-715282547		False
S1-234659581	S2-477486357,S3-935107042,S3-567593636	True
S1-44012628		False
S1-578451790		False
S1-691548901	S2-344778672,S2-314928553,S3-739759284,S3-274296277,S3-550004488	True
S1-859190965	S2-12333592,S3-58994376,S3-466384213	True
S1-588792739	S2-650810971,S3-758742640,S3-875331983	True
S1-211317421		False
S1-923839799	S2-840665522,S3-759191943	True
S1-916339728	S2-876412945,S2-463979166,S3-785329655	True
S1-713834605		False
S1-309673999		False
S1-644729246	S2-833740894,S2-975827141,S3-41171812	True
S1-356849753		False
S1-664165	S2-924970286,S3-89345311	True
S1-366856333	S3-570123946	True
S1-127486763		False
S1-870118159		False
S1-21141839	S2-30689817,S2-594209784	True
S1-725902964		False
S1-964972529	S2-382996334,S3-102575571,S3-589950704,S3-175388535	True
S1-240745507	S2-68121318,S2-379060353,S3-934402346	True
S1-803381256		False
S1-722158858		False
S1-507821673	S2-528315471,S2-911020820,S3-204471887,S3-781405325,S3-649020154,S3-834396707	True
S1-349767395	S2-189990281,S2-387111056,S2-872926550,S3-741507378	True
S1-79318767		False
S1-828882682	S2-383458884,S2-399028407,S3-971514380	True
S1-297896114		False
S1-787724607	S2-47856290,S3-894956672,S3-807517125,S3-669652648	True
S1-900286225		False
S1-967855271		False
S1-771563085	S2-458914822,S2-954819057,S3-832520067,S3-54993543,S3-237967635,S3-397460466	True
S1-818960556		False
S1-173491464		False
S1-470110060		False
S1-197312026	S2-921139665,S2-944620185,S2-683826003,S2-929324183,S3-20669836,S3-664649504,S3-367485272	True
S1-590773593	S2-559231312,S3-814195422,S3-206537083	True
S1-821368575		False
S1-948678005		False
S1-502906717		False
S1-824982115	S2-199543913,S3-660452126,S3-844293260	True
S1-373856181	S2-159701105,S3-522263577,S3-767250511	True
S1-65114955		False
S1-936112693	S3-897280006	True
S1-223378978	S2-120254758,S3-302144877,S3-181314202	True
S1-550751984		False
S1-816153103	S2-430683117,S2-449456837,S3-352715395,S3-141653280,S3-923719020,S3-946611545	True
S1-553767734		False
S1-827269215	S2-702614642,S2-787021214,S2-55555764,S3-732032184,S3-156892275,S3-222858801,S3-741775713,S3-767390502	True
S1-273577863	S2-230571335,S2-779883972,S2-493496727,S3-119150687	True
S1-215528061		False
S1-552472809	S2-935326629,S3-16326691	True
S1-505956090	S2-207550643	True
S1-573239139	S2-554515137,S2-955523830,S2-369826287,S2-721149814,S3-916868489,S3-632190791,S3-292665265	True
S1-627400502	S2-825949603,S3-608590953,S3-763730543,S3-740283455	True
S1-314683433	S2-878858070,S2-996451172,S2-340546521,S3-130551990	True
S1-120897370	S2-23456577,S2-503720025,S2-520772206,S3-941401239,S3-498621107,S3-78088445	True
S1-43148310	S2-851861083	True
S1-158371453		False
S1-480550871	S2-472054625,S2-971373645,S2-987701777,S2-246929185,S3-936080793,S3-764378187	True
S1-713143327		False
S1-62871677		False
S1-560589749		False
S1-766053173		False
S1-728979373	S2-440014290,S3-357622286,S3-561931120	True
S1-776093228	S2-462644583,S3-971426025	True
S1-960935508		False
S1-910104578		False
S1-371892086		False
S1-612438794		False
S1-400375683		False
S1-359942360	S2-182558191,S2-904699083,S2-310147081,S3-510494888	True
S1-918036469		False
S1-991000613		False
S1-844000824		False
S1-775996110		False
S1-134317029	S2-260938211,S3-813696650,S3-601301621	True
S1-277548905	S2-434613364,S3-358237815,S3-402648706	True
S1-527322070		False
S1-778460491		False
S1-915660326	S2-226512930,S2-542599838,S3-954634692,S3-344881005	True
S1-985874743	S2-127916547,S3-102668790,S3-826501724	True
S1-417136704	S3-199964279	True
S1-404482451		False
S1-496292157		False
S1-84157645	S2-967180725,S3-341926323	True
S1-764375989	S2-90207191,S2-148768849,S2-818813070,S3-174328109,S3-757490191,S3-768141613	True
S1-661266836		False
S1-388779416	S2-334709266,S2-328392993,S3-159585577,S3-864291267,S3-217136439	True
S1-865061458	S2-416494718,S3-578564953,S3-800690389	True
S1-839645517	S2-115641117,S2-778801304,S3-802282368,S3-465883633,S3-792531422	True
S1-886788553	S2-437683048,S3-540099575,S3-774570233,S3-823181276,S3-153549287	True
S1-760912972	S2-371747467,S2-162392153,S3-379855688,S3-442735541,S3-961894375	True
S1-468252162	S2-116459840,S2-608252626,S2-332420088,S2-393363350,S3-111746401,S3-249484707	True
S1-350701309		False
S1-900567761		False
S1-148494394	S2-398345335,S2-957804607,S2-159560253,S3-256885139,S3-426504820	True
S1-834570476		False
S1-632395135	S2-530554586,S3-926928588,S3-387601900,S3-352085042,S3-498945394	True
S1-867100851	S2-287435117,S2-214254229	True
S1-419808088	S2-587051357,S2-823317237,S3-130744922,S3-264675650,S3-848418445	True
S1-246171172		False
S1-987125622		False
S1-479810054	S2-496272008,S2-788568755,S3-665724360,S3-83501901	True
S1-404405179		False
S1-153613004	S2-139606557,S2-341262337,S2-943249938,S2-845060656,S2-816187713,S3-393964482,S3-211286263,S3-358788525	True
S1-290304805	S2-641348613,S2-540109414,S3-859777908,S3-825204291	True
S1-461747119		False
S1-696782626	S2-362500770,S2-556610324,S3-311692879,S3-439798109	True
S1-779865732	S2-577881850,S3-44955372,S3-389021373	True
S1-163075146	S2-756767392,S3-899306411	True
S1-313233913		False
S1-163815382	S2-133789669,S2-394838769,S2-358985524,S3-281309240	True
S1-366987032	S2-281034658,S2-747952034,S2-520079886,S2-225445037,S3-954409011	True
S1-349099311	S2-443576037,S3-425403363	True
S1-986937199		False
S1-432344263		False
S1-436775905		False
S1-142571699	S2-629530293,S2-213020887,S3-278805836,S3-357976111	True
S1-475915168		False
S1-860686829	S2-183345673,S2-982282425,S3-262687036	True
S1-578411821	S2-112246177,S2-109071646,S2-286612092,S3-606549449,S3-193886187	True
S1-887835376		False
S1-216133376	S2-79260082,S3-745211100	True
S1-761535066	S3-419624554,S3-112574089	True
S1-214262310		False
S1-183275997		False
S1-366650135	S2-274670560	True
S1-687279286	S2-586067025,S3-388379388	True
S1-277922976	S3-65926643,S3-199749353,S3-902049332	True
S1-625136521	S2-563662669,S2-51580043,S2-541017184,S3-640782877,S3-484977920,S3-836976004	True
S1-62097181	S2-948513788,S2-269683761,S3-217877852,S3-536374978,S3-602961679	True
S1-611274430	S2-909605308,S2-725761315,S3-952289849,S3-386096999,S3-549022196	True
S1-259120902	S3-361922667	True
S1-415870844		False
S1-275803855		False
S1-983947958		False
S1-933069362		False
S1-147396281	S2-869735673,S2-271881742,S3-421037611,S3-795415774	True
S1-48982380		False
S1-419333256		False
S1-442473134		False
S1-425254647		False
S1-374005066	S2-709099287,S2-131544891,S2-974449932,S3-778322811,S3-995064359,S3-275628466,S3-631605976	True
S1-580022527		False
S1-845008505	S3-318058668,S3-522078301,S3-478696620	True
S1-953974385		False
S1-985402917		False
S1-628708721		False
S1-350281390	S2-432004527,S3-805350348,S3-64205425,S3-718246051	True
S1-713910359		False
S1-100675585	S2-106442782,S3-155130870	True
S1-348574808	S2-115752659,S2-842140507,S3-897227139,S3-720364534,S3-723051406	True
S1-337956782		False
S1-502143965	S2-363045824,S2-901641740,S3-240337554,S3-472436478	True
S1-47765176	S2-209560195,S2-177044498,S3-929530497,S3-522336210	True
S1-212943045	S2-26872549,S2-812792335,S3-186166181,S3-965244264,S3-426970354	True
S1-8023399		False
S1-843885680	S2-683676682,S2-453282652,S2-938227176,S2-127677719,S3-34966086	True
S1-435143393	S3-640201777,S3-477575830	True
S1-267312939		False
S1-5163983		False
S1-980024956	S3-753736185,S3-578703650,S3-755882960	True
S1-704978553	S2-870425293,S2-767656078,S2-767695734,S3-114205008,S3-650655195,S3-636273790	True
S1-237714637	S2-264866365,S3-628312722	True
S1-933741279		False
S1-408548624	S2-724745294,S2-461650031,S2-751815216,S3-776649210,S3-444051306	True
S1-15374066	S2-394651959,S2-327049286,S3-924487325	True
S1-352905294	S2-436693507,S2-673903293,S3-459191831	True
S1-205344070	S2-631477964,S3-60822270,S3-441604356	True
S1-684869898		False
S1-608988776		False
S1-89925765	S2-316911915,S3-449482085,S3-132501181	True
S1-701205760	S2-81679891	True
S1-522184016		False
S1-345607291	S2-369129509,S3-370536407,S3-378977946,S3-500887324,S3-253000979,S3-372087612	True
S1-205490950	S2-506785479,S3-86864573,S3-172763652,S3-999780781,S3-878462308	True
S1-863190317	S2-350988803,S2-3943574,S2-266036890,S3-739823301,S3-643282025	True
S1-826052421	S2-832894223,S2-934870039,S3-300892313,S3-813543874,S3-639683490	True
S1-262016094	S2-84063499,S3-855013489,S3-145597310,S3-469009820	True
S1-116785875	S2-170685761,S2-469443154,S3-758599137,S3-824581864,S3-193642116	True
S1-649104182	S2-100733844,S2-129964444,S2-372388777,S3-23416498	True
S1-400544668		False
S1-876916810		False
S1-950295572	S2-821284018,S2-265247634	True
S1-571153596	S2-101763605,S3-991977418	True
S1-541987395	S2-87256720,S2-336358047,S2-136006557,S3-57206424,S3-175884001,S3-232062769,S3-724826682	True
S1-523792402		False
S1-975029525		False
S1-262400818	S2-129393705,S2-137068482,S2-558494854,S3-661309586,S3-14354448,S3-950878707	True
S1-724111986		False
S1-279362434	S2-559058977	True
S1-176667981		False
S1-444927286	S2-80361924,S3-186128685,S3-59195205,S3-359041767	True
S1-447654387	S2-200788026,S2-766765317,S3-280021603,S3-161025591	True
S1-871768603		False
S1-294158900		False
S1-323291542	S3-723099046	True
S1-196658677	S2-176572737	True
S1-968634883		False
S1-124622777	S2-200284347	True
S1-734329029		False
S1-499522537		False
S1-525242493	S2-727715441,S2-47563464,S2-939638601,S3-23500504,S3-199039105	True
S1-394916373		False
S1-945078676	S2-139248347,S2-891915565,S2-798180709,S3-408353213,S3-474277780,S3-391148240,S3-368251521	True
S1-315637174	S2-362594133,S3-37961215	True
S1-440643516		False
S1-482807949	S2-595987991,S2-656319419,S2-242321438,S3-86031301,S3-607064524,S3-691391672	True
S1-757406973		False
S1-538504987		False
S1-979247744	S2-967694671,S2-617686750,S2-864991583	True
S1-747071169		False
S1-503437608		False
S1-128111089		False
S1-597607174		False
S1-540647320		False
S1-379577673	S2-14710721,S2-834496940,S2-971761847,S2-416945586,S3-563126607	True
S1-364279988		False
S1-827202484	S2-583118292,S2-573845048,S2-994415950,S3-535778092,S3-554488031,S3-842342846,S3-256006667	True
S1-851467267		False
S1-654227796	S2-720195942,S3-420147660,S3-200373498	True
S1-537866256		False
S1-310804574		False
S1-814881073		False
S1-484011309	S2-918355541,S2-461236867,S2-149589069,S2-453151259,S3-925691902	True
S1-784793452		False
S1-7171243	S2-798631753,S2-563098118,S3-261341008,S3-887988485	True
S1-792403654		False
S1-577607428		False
S1-119300043		False
S1-699911803		False
S1-983933271	S2-209619713,S3-749339560,S3-34444537	True
S1-662974686	S2-277915806,S2-327929493,S3-151562011,S3-573873897,S3-508735225,S3-735473237	True
S1-331567006		False
S1-563804776		False
S1-63261784	S2-650145242,S2-646764124	True
S1-954761352		False
S1-553165780		False
S1-119984079	S2-562314413,S3-873769903	True
S1-398809244		False
S1-20460751	S2-102067473,S3-985682729,S3-473072021,S3-712223925	True
S1-106900565	S2-508230647,S3-757835103,S3-241688214,S3-450647913,S3-408577629	True
S1-690737851	S2-789213829,S2-276942978,S3-69850321	True
S1-944579830	S2-612828497,S3-848312192,S3-934019230,S3-677491766	True
S1-633638706	S2-190992328,S2-131503648,S3-496032956,S3-632613632	True
S1-616594965	S2-709033796,S3-151260990,S3-203466502	True
S1-29397771	S2-317053658,S3-231477914	True
S1-343116045		False
S1-38549672		False
S1-622274362		False
S1-547610007	S2-162085388,S2-274181250,S3-770855889	True
S1-199892761	S2-959034743,S2-667854557,S2-661031052,S3-910491966	True
S1-835466013		False
S1-897560808	S2-139409691,S2-753994140,S3-910552523,S3-199382505,S3-485989532,S3-327611543	True
S1-196035140		False
S1-801179	S2-158630664,S2-816636396,S3-433070054	True
S1-963068301		False
S1-361734445		False
S1-521623400	S2-72611345,S2-950162942,S3-849845084,S3-45876704,S3-163990364,S3-979001151	True
S1-95485091	S2-553105926,S3-673058276,S3-591632394	True
S1-887188083	S2-875861532,S2-837123021,S3-15488649,S3-415153	True
S1-282965131	S2-370397252,S3-685229573	True
S1-910275016		False
S1-700673127		False
S1-676621835		False
S1-188478152	S2-434740917,S2-874500594,S3-309020703,S3-566977961	True
S1-223508566	S3-627507406,S3-667900871,S3-25030458	True
S1-501845257		False
S1-498564087	S2-713580878,S2-115230695,S3-87475206	True
S1-975113032	S2-530333696,S2-119126772,S3-71734639,S3-383445250	True
S1-136919917	S2-144274909,S2-115303664,S2-675092986,S3-273785160,S3-220932897	True
S1-776592688		False
S1-133004535	S2-877344604,S3-170714447	True
S1-690648213	S2-507262785,S2-952036483,S3-790850573,S3-324242510,S3-411744085	True
S1-397683921		False
S1-436753347	S2-592964394,S2-855517259,S2-683039602,S3-395984225	True
S1-835112891		False
S1-618446668	S3-220047122	True
S1-343793220		False
S1-501213092	S2-741699525,S2-950154591,S3-977094512,S3-916078055,S3-328785303	True
S1-60433948		False
S1-564804391	S2-40372310,S2-6973655,S2-910778999,S2-746763029,S3-869889492,S3-253333385	True
S1-224556523		False
S1-348371753		False
S1-398308808	S2-314987272,S3-924658367,S3-859006766,S3-958332243	True
S1-525606663		False
S1-594380231		False
S1-177162251		False
S1-50147661	S2-372868464,S3-451156180,S3-49169447,S3-796418513	True
S1-105298122	S2-173100462,S2-233023534,S3-344588409	True
S1-710988982	S2-104414456,S3-230337847,S3-530226943	True
S1-808402255	S2-519116792,S2-437433358,S3-44297517,S3-334348443	True
S1-932382691	S2-919911365,S2-190986467,S3-504919883,S3-168170904	True
S1-139221989		False
S1-37502034		False
S1-656040530		False
S1-246566658	S2-72359168,S2-162763451,S2-662940105,S3-140807838	True
S1-766106366		False
S1-106702714	S2-799282003,S2-662029099,S3-109031526,S3-451479309,S3-450508896,S3-696806255	True
S1-79860040		False
S1-118708818		False
S1-56268180	S2-169114776,S3-598258932,S3-906578306	True
S1-748095125	S2-463036413,S3-86956142	True
S1-374141002		False
S1-534934667		False
S1-104561892	S3-749135681,S3-937674011,S3-298861719	True
S1-852799825	S2-108922226,S2-615618224,S2-25409921,S3-157138235,S3-823588959	True
S1-896040333	S2-559117686,S3-501934296,S3-960913331	True
S1-542072415		False
S1-992044074	S2-697830257,S3-58263944	True
S1-117782288		False
S1-700908790		False
S1-187495749		False
S1-616477487		False
S1-709098827	S2-937927368,S2-614278918,S2-202523318,S2-821382654,S2-284252975,S3-367548747	True
S1-810738820	S2-447709144,S2-254170395,S3-787544713	True
S1-730233358	S2-367144460,S3-840307161,S3-356551693	True
S1-633713540	S3-515117585	True
S1-702417448		False
S1-854898753	S2-67106381,S3-782434178,S3-324349953	True
S1-718769891	S2-582597230,S3-104934919	True
S1-837293401	S2-905744280,S2-497119990,S2-850024108,S3-279951316,S3-844310123,S3-239685574	True
S1-117133357	S2-633509832,S2-148659519,S3-311167676,S3-107290582	True
S1-619485129		False
S1-654856975		False
S1-854619205	S2-287456839,S2-396135797,S2-43560564,S2-762162955,S3-141294286,S3-497964693	True
S1-106336012		False
S1-5117589	S2-299838289,S3-3590466,S3-193798399,S3-708474653	True
S1-825754308	S2-709189677,S2-248330139,S2-897454660,S3-14845724	True
S1-537593927	S2-784237344,S3-911879851,S3-47466914,S3-38344455	True
S1-586259068	S2-394889382,S2-809829100,S3-453732515,S3-724299653	True
S1-427371201	S2-335183128,S2-618564264,S3-749756918,S3-118441272,S3-974257432,S3-370545910	True
S1-870194304	S2-326675050,S2-423736004,S2-779227480,S2-255833599,S3-981117191,S3-55619907,S3-142676039,S3-887666536	True
S1-979729191		False
S1-741782796		False
S1-768762553	S2-235458171,S2-388602947,S2-249695972,S2-995620885,S3-733775303	True
S1-603657810	S2-112693423	True
S1-444115837	S2-325986846,S2-834303294,S2-184959569,S3-41649491	True
S1-319020742	S2-534379493,S2-68879035,S2-5452559,S2-418379180,S3-919986931,S3-549409738,S3-846442698	True
S1-485323907	S3-120064399,S3-666861967	True
S1-187467729	S2-787589871,S2-670300933,S2-274952742,S3-236382918,S3-874966213,S3-949044938,S3-616231101,S3-775571465,S3-139039268	True
S1-198054166	S2-513025187,S2-244980021,S2-535786253,S3-246979018	True
S1-963182805	S2-22514510,S2-153039764,S2-651388610,S3-266014127	True
S1-229602373		False
S1-168208203		False
S1-5289464	S2-813086841,S2-540094151,S3-968443227,S3-402834521,S3-27283429,S3-955726656	True
S1-871002149		False
S1-678659354	S2-598235858,S2-801624990,S2-75251575,S3-70026974,S3-605953068	True
S1-674680954	S2-921479912,S2-658029495,S3-782584075	True
S1-413984922		False
S1-970375278	S2-236254404,S3-578991948	True
S1-871732872		False
S1-24892935	S2-340550944,S2-157233475,S2-909662431,S3-636438034,S3-240366512	True
S1-501217322	S2-961189733,S2-994970745,S2-471887972,S2-62250255,S3-413308536,S3-933071107	True
S1-337177607	S2-15894078,S2-334722222,S3-865617445	True
S1-782870037	S2-179635109,S2-174033387,S3-810265045	True
S1-936618546	S2-596849811,S2-633011748,S3-515710145	True
S1-869607501		False
S1-716681192	S2-810331753	True
S1-44115282	S2-898873895,S2-152521155,S2-340039701,S3-670392955,S3-589691155	True
S1-227221732		False
S1-520245353	S3-614306424	True
S1-745046776		False
S1-881853894	S2-706686699,S2-586985010,S3-702034430,S3-875700593	True
S1-467794206		False
S1-94104217	S2-598046833,S3-601595573	True
S1-749563240	S2-122708072,S2-785700919,S2-832915457,S2-355490122	True
S1-197881778	S2-35359027,S2-598203492,S2-640123275,S2-336208535,S3-166579605,S3-367344378,S3-961805867	True
S1-837706663	S2-821394064,S2-939746990,S2-295872229,S2-138860137,S3-483541581	True
S1-210972262	S2-58248369,S3-588246184	True
S1-32289775	S2-343891791,S2-969331934,S3-980982798,S3-910930075,S3-103771817,S3-850189722	True
S1-809685074		False
S1-395935661	S2-395746807,S2-671022698,S3-351931117	True
S1-831339456		False
S1-167505335		False
S1-317515414		False
S1-724447412	S3-181601581,S3-59266803,S3-28721434,S3-647466051,S3-505852912	True
S1-648790175	S2-26325719,S2-312049046,S2-337729066,S3-566178996	True
S1-40737444		False
S1-919682205		False
S1-613285268		False
S1-471833051	S2-128011440,S2-428274254,S3-492631390,S3-66024615	True
S1-466704872		False
S1-315504694	S2-440872074,S3-930035615,S3-266098851,S3-953485949,S3-716683682,S3-714458697,S3-860397630	True
S1-674572534	S3-466109383,S3-111645464	True
S1-169007191	S2-117016904,S3-809912231,S3-355315125,S3-676532219	True
S1-324831956		False
S1-675748931	S2-139451315,S3-400791334,S3-728051941	True
S1-741545598		False
S1-772282750		False
S1-810184336		False
S1-831414777	S2-151169752,S2-991242486,S2-317819586,S3-194590907	True
S1-961068371		False
S1-834087593		False
S1-459662575		False
S1-644793425	S2-430460558,S2-541643008,S3-488493007,S3-888544072	True
S1-177322023		False
S1-244870132		False
S1-686784785	S2-464501126,S3-886468596	True
S1-584072122	S2-916623627,S2-860176556,S3-924314886,S3-9635780	True
S1-855413273	S2-124738000,S3-286945282	True
S1-955140185	S2-295840324,S2-556469710,S2-564130468,S3-366063518	True
S1-479997727		False
S1-572462503	S2-117559092,S2-452529116,S3-907119827,S3-643056421	True
S1-984797298		False
S1-854129706		False
S1-852055830	S2-6883181,S3-862394039,S3-954424594,S3-86475853	True
S1-697340919		False
S1-346773347		False
S1-900875199		False
S1-595597531		False
S1-138305440	S2-234602151,S2-805755819,S2-198732867,S2-974304654,S2-553395491,S3-30500958,S3-339970740,S3-369959323	True
S1-51759709		False
S1-475229528	S2-495806235,S2-633131229,S2-458289528,S3-482010372	True
S1-515783371		False
S1-384141337	S2-123279664,S3-664024743	True
S1-473302861	S3-20481521,S3-452899686	True
S1-305222352	S2-882387152,S2-27513915,S2-539136660,S3-901457471	True
S1-837196144		False
S1-866226684		False
S1-370222633		False
S1-59732328		False
S1-120105660	S2-431270785,S2-92034103,S2-684504083	True
S1-297974483		False
S1-17751184		False
S1-400856626	S2-4234438,S3-509261516	True
S1-985387740		False
S1-270022270	S2-379211966,S2-940826473,S3-686360975,S3-234707048,S3-971590336	True
S1-487898584	S2-831647700,S2-593770846,S3-296455842	True
S1-589065413		False
S1-60727838	S2-929579546,S2-500831352,S3-702655670,S3-363669005	True
S1-184864649		False
S1-3255704		False
S1-861022035		False
S1-622878848		False
S1-337625981	S2-917873191,S2-807119654,S3-106517275	True
S1-61998145		False
S1-267102024		False
S1-499173091	S2-229474989,S2-330367361	True
S1-44678347	S2-33389695,S2-645048049,S3-275724044,S3-376798481	True
S1-472755428	S2-163509622,S3-437583525	True
S1-751058211		False
S1-906533923	S2-550562194,S2-607957944,S3-39673276	True
S1-944939463		False
S1-228844367		False
S1-609394937		False
S1-495739636	S2-845235936,S3-663836208,S3-596730293	True
S1-150967393	S2-672498079,S3-956671263	True
S1-854174593		False
S1-290093865	S2-279443991,S2-855542318,S3-615558893,S3-689177072	True
S1-903364047	S2-884100640,S2-165377327,S2-406387561,S3-370079388,S3-149577679	True
S1-850342964	S2-192176474,S2-172579963,S2-12383104,S3-619341410	True
S1-980860568		False
S1-53588729	S2-819448521,S3-540017988,S3-284070090	True
S1-83132537		False
S1-878233899		False
S1-585466762		False
S1-861269873		False
S1-528807802		False
S1-411354214		False
S1-793842146		False
S1-207698912	S2-958935588,S2-942366655,S3-986187898,S3-801126227,S3-720419532,S3-130700141	True
S1-84008495	S2-307183221,S2-228201313,S2-949489391,S3-900792962	True
S1-808109843	S2-225330837,S2-940419731,S2-439957819,S3-325663588,S3-70440291	True
S1-811297343	S3-499762032	True
S1-215448474	S2-589503110,S2-445747859,S3-632014477,S3-675462259	True
S1-501050639		False
S1-121212279	S3-277067513	True
S1-791142942		False
S1-229451281	S2-147116556,S2-453518267,S3-856026863	True
S1-831411415		False
S1-103164356	S2-71267237,S3-168529615	True
S1-977968551	S2-437063045,S2-215695576,S2-73567118,S2-341935133,S3-961847922	True
S1-972546267	S2-287700503,S3-534966868,S3-457606560	True
S1-123918556		False
S1-273933648		False
S1-893039112		False
S1-321712641	S2-1480219,S3-315567427	True
S1-770353539		False
S1-543491051	S2-468692426,S3-677933720,S3-466555190,S3-337830131	True
S1-428021711		False
S1-74909559		False
S1-99077351		False
S1-844847470		False
S1-239294618		False
S1-972207164		False
S1-309877256	S2-194077339,S2-987408952,S2-173280663,S2-535314100,S2-553965587,S3-559539645,S3-836492414,S3-222517296	True
S1-41590692	S2-641077980,S3-363451797,S3-79842931	True
S1-370299562		False
S1-784836740	S2-47560338,S2-758113157,S3-198838020,S3-537557219,S3-681196670	True
S1-1329293	S2-245686711,S2-377855947,S2-225839639,S3-724586562,S3-331309632	True
S1-806608835	S2-977819619,S3-946657603,S3-651542429	True
S1-30645615		False
S1-617224732		False
S1-13156855		False
S1-43302216		False
S1-822131729		False
S1-303963176		False
S1-827711959		False
S1-459622239	S2-346123603,S2-288213692	True
S1-437744819		False
S1-260553079		False
S1-565892888		False
S1-9484528	S2-191484072,S3-79313177,S3-334169938	True
S1-573132828	S2-270546323,S2-347074609,S3-982583409,S3-699626284,S3-351244296,S3-659542153,S3-301093524	True
S1-122868143		False
S1-136856473		False
S1-373700520	S2-435558476,S2-694389729,S2-253290680,S2-909293018,S3-613838245,S3-695053482,S3-296483933,S3-25844504	True
S1-16395307		False
S1-55121736		False
S1-444539979	S2-905975345,S3-3363019,S3-621348452	True
S1-940194953	S2-468518115,S2-383505850	True
S1-821089826		False
S1-373368712	S2-755801936,S3-199759291	True
S1-851386320	S2-639307383,S2-265483684,S3-285121963,S3-625418751,S3-140589706	True
S1-74746466	S2-97280151,S3-633663305	True
S1-769180031		False
S1-86941326		False
S1-675416656	S2-248640165,S2-628683218,S2-241932974,S2-210180110	True
S1-625910526	S2-849214022,S2-430800457,S3-990097909,S3-607002644	True
S1-170428053		False
S1-198550091		False
S1-779038622		False
S1-813715651		False
S1-64782805	S3-800615481,S3-583556778,S3-179466666	True
S1-473449037		False
S1-198754671		False
S1-631945211		False
S1-683754622	S2-809686144,S2-531362461,S2-16818067,S3-696449939,S3-475141074	True
S1-44684257		False
S1-998907343		False
S1-923173356	S2-82920464,S2-117330075,S2-352610363,S3-18140281,S3-123476850	True
S1-86623965		False
S1-738613628		False
S1-254191610	S2-740892688,S2-314108176,S2-652126805,S3-465696356,S3-947309131,S3-686975466	True
S1-104699072		False
S1-151370644	S2-453585763,S3-639185375,S3-936379627,S3-543284524	True
S1-645577852		False
S1-354704220	S2-860989339,S3-574241769	True
S1-635794751		False
S1-327666158	S2-43561799,S3-650963136,S3-560026741	True
S1-227865572	S2-120410475,S3-900445409,S3-555369534,S3-254798475	True
S1-832175281		False
S1-679051537	S2-143483234,S3-330385770,S3-873204920	True
S1-496614726		False
S1-802599499	S2-734268609,S2-118902323,S3-214739004,S3-966923097	True
S1-521929221	S2-224174119,S3-43162812,S3-816939341,S3-644487418	True
S1-153434007	S2-990378727,S3-41940786,S3-462652006	True
S1-46161147	S2-310772764,S2-516520705,S2-136825199,S2-216837404,S3-423665047,S3-125925624,S3-736293621	True
S1-369832561		False
S1-136234990		False
S1-347122618		False
S1-544661181		False
S1-989446686		False
S1-130336793		False
S1-722871985		False
S1-484227968		False
S1-447112420	S2-341490492,S2-879949729,S3-947094500,S3-646335552	True
S1-181411364	S2-590191435,S3-827365226,S3-285518035,S3-408986190	True
S1-411133907		False
S1-888350519	S2-371122368,S2-215943343,S3-111735215	True
S1-203679848		False
S1-942196942	S2-946997722	True
S1-43122115		False
S1-559051193	S2-279960004,S3-836232474,S3-566512004,S3-947083555	True
S1-923678549		False
S1-419325643		False
S1-975542967		False
S1-840729286	S2-723908440,S3-494573642,S3-527008846,S3-275843234,S3-255131514	True
S1-104032348		False
S1-873022613	S2-415754315,S2-62510037,S3-743699339	True
S1-237759205		False
S1-694911847		False
S1-374233475	S2-197417156,S3-858513355,S3-273001901	True
S1-715130875		False
S1-557397347	S2-795948984,S2-725191549,S3-907672096	True
S1-944644222	S2-31843360,S3-55006850	True
S1-947938795		False
S1-913720359	S2-478912267,S2-517643036,S2-526996830,S2-161468980,S2-333897243,S3-355347080,S3-365168496	True
S1-235013268		False
S1-341103641		False
S1-517460353		False
S1-378422490		False
S1-607196361		False
S1-741590611		False
S1-36893259		False
S1-297874691		False
S1-461702580	S2-680171891,S2-997130547,S2-476145907,S2-93799541,S2-581443724,S3-250717031	True
S1-789030196		False
S1-322091083		False
S1-25821603	S2-151479698,S3-617804223,S3-414420777	True
S1-536714104		False
S1-877072692	S2-127591359,S3-420067996,S3-575647871,S3-836527165,S3-795031536	True
S1-627825490	S2-617052286,S2-758677393,S3-668883200,S3-270437921,S3-564556114	True
S1-920435562		False
S1-156813792		False
S1-500144063		False
S1-507893218	S2-798611171,S3-500781181	True
S1-677523663		False
S1-434354742		False
S1-484842926	S2-582381614,S2-674477336,S3-318612927,S3-63388138,S3-565925075	True
S1-235172821	S2-413933008,S2-631100699,S2-892720233,S3-919870236	True
S1-470806238		False
S1-978381821	S2-574290617,S3-896302836	True
S1-604356092	S2-733023000,S2-759290533,S3-151602053	True
S1-221578531		False
S1-236068162		False
S1-350479542		False
S1-815619987	S2-912744630	True
S1-819311552		False
S1-603518858		False
S1-780391001	S2-324172967,S2-179332238	True
S1-898914636		False
S1-840154340		False
S1-479446291	S2-831444731,S3-910420951,S3-868415795	True
S1-783677460		False
S1-987615513	S2-269194586,S2-597324149,S3-475808436,S3-861910314,S3-164828119,S3-628266903	True
S1-792096684	S2-373271609	True
S1-444617177		False
S1-596135116		False
S1-664214305		False
S1-422233158		False
S1-524413557		False
S1-950184244	S2-386719108,S3-936186131,S3-359375809	True
S1-975597706	S2-818811743,S3-270306679	True
S1-951982014		False
S1-36824757		False
S1-801260754		False
S1-856215940		False
S1-717418893		False
S1-936883757		False
S1-837373821	S2-701034907,S2-228951112,S3-898028143,S3-242380267,S3-37283706	True
S1-951923938		False
S1-794923313		False
S1-44889009	S2-998887966,S2-813711715,S3-2956299	True
S1-918133328		False
S1-851965615	S2-682219054,S3-871355001	True
S1-28420726		False
S1-668375742		False
S1-944222231	S3-563929687	True
S1-436460806		False
S1-728512071	S2-110506392,S3-288391259,S3-59546792	True
S1-816853392		False
S1-96291367	S2-148811174,S3-878381408	True
S1-362627766		False
S1-323733606	S2-828366694,S2-888211661,S3-337240057,S3-817026958,S3-37547363,S3-888413505	True
S1-646459119		False
S1-894985107		False
S1-200876244		False
S1-695131196		False
S1-66991768		False
S1-164799573	S2-484169655,S3-798556029,S3-743486896	True
S1-116329469	S2-828538708,S2-16660102,S3-407119266,S3-849937889	True
S1-812965358		False
S1-310149955		False
S1-624585349		False
S1-678443824		False
S1-489315961		False
S1-942554907	S2-5761853,S3-266543479,S3-17262952	True
S1-243532676	S2-787860606,S2-49391784,S3-24739039,S3-475322550,S3-63094233	True
S1-295016427	S2-597814453,S2-525745609,S3-683026315,S3-423176790	True
S1-640481767		False
S1-967602341		False
S1-774236377		False
S1-120651405		False
S1-190414130		False
S1-772738998	S2-346499433,S2-257697203,S3-986572449,S3-360067640	True
S1-104332300	S2-837469448,S3-704246990	True
S1-885570510		False
S1-961236423	S2-286621478,S3-575770567	True
S1-346817772	S3-114963127,S3-975367849,S3-223186941	True
S1-890815313	S3-673506787,S3-468681725,S3-647167742	True
S1-11994466	S2-780591588,S2-111944010,S2-133723711,S3-285335689,S3-79977721	True
S1-218979564		False
S1-797592849		False
S1-61952486		False
S1-91645913	S2-510339073,S2-419462256,S3-518841567,S3-854470302	True
S1-615939902		False
S1-912480377	S2-49722004,S3-838422626,S3-831056981	True
S1-15134209		False
S1-209062348	S2-386361826,S2-603502135,S3-468257912	True
S1-724632996	S2-189531088,S3-249212956,S3-873234243,S3-701871416	True
S1-530453092	S2-477014069,S3-606029114,S3-780214446,S3-239412924	True
S1-556406653	S2-141924692,S2-53922996,S3-772841742	True
S1-491663549	S2-979613906,S3-970989930	True
S1-877549652		False
S1-33942348	S2-536226126,S2-486459008,S2-227424085,S2-14119851,S3-219056234,S3-79924188	True
S1-356213259	S2-868650252,S3-113051286,S3-69348687,S3-815942079	True
S1-836229579		False
S1-764080900		False
S1-762761524	S2-481308642,S3-237919307,S3-600725961	True
S1-918564903		False
S1-819696982		False
S1-250669210	S2-183750331,S3-186586081,S3-603633519,S3-90265840,S3-960001615	True
S1-677556818		False
S1-656463208	S3-585763428,S3-415534405,S3-374568736	True
S1-531709567		False
S1-12356881	S2-109951081,S2-982921874,S3-205233421	True
S1-880415978	S2-356323765,S2-197374583,S3-283467146,S3-892560531,S3-203292019	True
S1-939686482		False
S1-730127314	S2-506132347,S2-952898358,S2-237739096,S2-372244941,S3-574425599	True
S1-365194693		False
S1-140333263		False
S1-870399833	S2-577452020,S2-294373498,S3-953020034	True
S1-603932670		False
S1-118099245	S2-844822221	True
S1-553834544	S2-179469630,S2-277522305,S2-701205844,S3-570140172,S3-554875279,S3-763850197,S3-63583694,S3-543525048	True
S1-944276858	S2-198760862,S3-98337018	True
S1-916774156		False
S1-514826776		False
S1-882041146	S2-831872432,S3-395327828,S3-432977192,S3-313721370	True
S1-937349058	S2-328602359,S3-807789289	True
S1-546704288		False
S1-426570870	S2-619999929,S2-694692917,S2-559063856,S3-698855144,S3-154940775	True
S1-810778316	S2-397356227,S2-73860892,S3-277288991	True
S1-863563451		False
S1-71510290	S2-531126424,S3-581046068,S3-728743918,S3-479356114	True
S1-684977681	S2-917288757,S3-517620048	True
S1-796996110	S2-725493968,S2-334446553,S3-537781260	True
S1-923090963		False
S1-275131653	S2-323113728,S3-64361936	True
S1-793566850		False
S1-49978731		False
S1-485704337	S2-366828297,S3-793374197,S3-94077216,S3-810388540	True
S1-124506474		False
S1-779401400		False
S1-214815275		False
S1-386381062	S2-906221881,S2-358938934,S3-548656303	True
S1-544414067	S2-321839797,S2-54585163,S3-224305827	True
S1-816524070	S2-538595799,S2-978113896,S3-810597317,S3-654240421	True
S1-225958666		False
S1-78161184	S2-558874308,S2-493743052,S3-411889939	True
S1-688392674	S2-389672957,S2-828048767,S2-600071011,S2-25286481,S3-960076165,S3-700699525	True
S1-456664643		False
S1-362395697		False
S1-939770207		False
S1-11249432	S2-325220309,S2-512841555	True
S1-273809862	S2-229445665,S2-187090891,S3-45028609,S3-752621159	True
S1-329324503	S2-192544937,S2-144955609,S3-805590157	True
S1-921186454	S2-919222867,S2-768381458,S2-777315997,S2-521342597,S2-998079389,S3-790590362,S3-336400860	True
S1-524854091		False
S1-734871426		False
S1-496085503	S2-474350784,S2-930069364,S2-938942016,S3-209708123	True
S1-672107074	S2-940110289,S2-89367829,S3-75657783,S3-482329185	True
S1-506172532		False
S1-727054965		False
S1-47329524		False
S1-199781971		False
S1-100691228		False
S1-874823575	S2-238086606,S3-411233934,S3-819358115,S3-270845658	True
S1-246606323	S2-72702260	True
S1-238968229	S2-902684522,S2-114874713,S3-380434742,S3-145710657,S3-177484731	True
S1-153364921	S2-758276544,S2-810060150,S3-355079342,S3-89968005,S3-14736287	True
S1-738798764	S2-372182135,S2-313479314,S2-847001413,S3-625644856,S3-714528170,S3-845534557,S3-9826605	True
S1-778617690	S2-430882698,S2-100261537,S3-268743027	True
S1-366296041		False
S1-679826090	S2-170592477,S2-397040181,S3-589529553	True
S1-42286071	S2-570958882,S3-225363019,S3-705107289,S3-721116320,S3-628142121,S3-788414485	True
S1-691718433	S2-156964202,S2-752754412,S3-659642110,S3-976469049,S3-101708548	True
S1-911376833		False
S1-958759510	S2-448641047,S3-783975469	True
S1-609886756		False
S1-510024003	S3-539450179,S3-586966128,S3-265404892	True
S1-783810055		False
S1-992993577		False
S1-33836195		False
S1-567310262		False
S1-384903992	S2-651573840,S2-195575270,S3-322567407,S3-803631737	True
S1-953141170	S2-964499126,S2-695863454,S3-606798213	True
S1-35925549		False
S1-374642639	S2-746067315,S2-70440774,S2-88228395	True
S1-747890716	S2-463431017,S2-444420995,S3-751951664,S3-531881756	True
S1-294012550		False
S1-446986009	S3-168750870,S3-626042434,S3-632646861	True
S1-947067761		False
S1-21428021	S3-889039157,S3-584893453,S3-867328386	True
S1-409650690	S2-854689272,S3-52423533	True
S1-933363569		False
S1-27364218		False
S1-995716146	S2-237198784,S2-630349178,S3-698823763,S3-425104374,S3-403688065	True
S1-57287527	S2-866457611,S3-188181555	True
S1-161748060		False
S1-32662586	S2-670696467,S3-955639181,S3-529053201,S3-805095750	True
S1-607794793		False
S1-631399497		False
S1-593202918	S2-689202702,S2-118288627,S2-131267237,S2-134452511,S3-680722031,S3-73727098,S3-242491897	True
S1-681234658	S2-424059579,S2-911192741,S3-823277277,S3-568197623	True
S1-555749910	S2-154862345,S2-107058405,S2-402185318,S2-382072277,S3-417632531,S3-39341906	True
S1-138419988		False
S1-407177821	S2-329656008,S3-385602974,S3-56200534	True
S1-442792812		False
S1-310298446	S2-423384257,S3-384515461	True
S1-965044674	S2-925993518,S2-436541476,S2-112301632,S3-300048125,S3-321128016	True
S1-873033131		False
S1-180551967		False
S1-122996810	S2-865784691,S3-677677892,S3-634196082	True
S1-283399006		False
S1-699002536	S2-711639345,S2-911788324,S2-518424032,S3-524491132,S3-437637571,S3-896067966,S3-982445546	True
S1-426904877	S2-613040817,S2-311988485,S3-36894455	True
S1-924563895	S2-787852223,S3-747602405	True
S1-288427396		False
S1-473123323		False
S1-602259801		False
S1-585515640	S2-482175018,S3-427197348,S3-789698152	True
S1-760517206	S2-471525291,S2-923133876,S3-531032567,S3-623045118,S3-788315717	True
S1-114952206	S2-711539474,S2-918449493,S3-145940870,S3-359687479,S3-932370706	True
S1-162377594	S2-182834661,S3-206795377	True
S1-738578077	S2-359537709,S2-505081573,S2-126316752,S2-783237323,S3-528468296,S3-763112319	True
S1-848731364		False
S1-473763587	S2-200230557,S2-117100873,S3-680243987,S3-632572686	True
S1-734810566		False
S1-263798164	S2-515959281,S2-724566549,S2-125271694,S3-605411915,S3-885504646	True
S1-983555514	S2-858403856	True
S1-610038894		False
S1-140987702	S2-859153714,S2-337302896,S2-73614114,S3-724697130	True
S1-485596896		False
S1-323165341		False
S1-619491915		False
S1-365419457	S2-949787165,S2-838976720,S2-380259921,S3-762991334	True
S1-239666808	S2-889621728,S3-703997893	True
S1-33523898		False
S1-825822104		False
S1-628951701		False
S1-9080880	S2-212931018,S2-645829721,S3-497261036	True
S1-252534426	S2-172953405,S2-553622234,S3-774786706	True
S1-404944602		False
S1-756967888	S2-954971231,S3-35345518,S3-687615913	True
S1-409337310		False
S1-175026474	S2-316983324,S3-365685678	True
S1-891364425	S2-697608209,S3-867420274	True
S1-877571712		False
S1-228392490		False
S1-553342226	S2-566930915,S3-337092918,S3-47426710	True
S1-427446822	S2-384309835,S2-536748900,S2-882700091,S3-379122044,S3-762040422	True
S1-327478254	S2-908454635,S3-893658971	True
S1-800468709		False
S1-190453288		False
S1-315938045	S2-193918537,S2-896975907	True
S1-556965809		False
S1-919328532	S2-563148152	True
S1-815173039		False
S1-798911615	S2-355461872,S3-690186453,S3-50171623,S3-919711563	True
S1-339310867		False
S1-734181133		False
S1-732315437	S2-743035528,S2-468761631,S2-837013334	True
S1-644487486		False
S1-985943694		False
S1-686161790	S3-139359925,S3-433165502,S3-719722017	True
S1-956994172	S2-734987934,S2-989226488,S2-541890288,S2-578500939,S3-499749136,S3-328074955,S3-516950527	True
S1-741749289		False
S1-264093977	S2-427923024,S3-812053843	True
S1-198463844		False
S1-607363743		False
S1-401685495		False
S1-255261364	S2-231770987,S2-820877097,S2-545643711,S3-242487229	True
S1-779511968	S2-755811944,S2-591948898,S3-460996274,S3-809607998,S3-435954010	True
S1-844287371		False
S1-792805597		False
S1-531895463	S2-88999499,S2-847843437,S3-674390757,S3-42412391	True
S1-540775647	S2-288487427,S3-819594222	True
S1-940569929	S2-543424027,S2-640239759,S3-548481995	True
S1-373043660	S2-276602914,S3-474582113,S3-544321580	True
S1-275017595		False
S1-348740398	S2-373808659,S3-145180866,S3-582383323	True
S1-930672237		False
S1-93543062	S2-27167446,S2-762194008,S2-353112558,S3-508166387,S3-251232807	True
S1-738128136	S2-576476005,S2-622683776,S3-859525577	True
S1-749063579	S2-187455691,S2-301636701,S3-148312740	True
S1-325359466		False
S1-361917839	S2-784486333,S3-570354449,S3-166437968,S3-935326145,S3-595564466	True
S1-818090404		False
S1-512044784	S2-293238069,S2-709783996,S2-540581668,S3-638426375,S3-295202072,S3-735642165,S3-680014900	True
S1-865550406		False
S1-113675062	S2-645001222,S3-363159611	True
S1-704422832	S2-372757665,S2-667518619,S3-852116246	True
S1-996130575		False
S1-6435796	S2-108067803,S3-906369956,S3-135294380	True
S1-336761235		False
S1-725269390	S3-265421192	True
S1-684583209	S2-32455047,S2-389651071,S2-970870664,S2-930294384,S2-512043877,S3-283764241	True
S1-377803766	S2-803031067	True
S1-411567621		False
S1-410531471		False
S1-534750209	S2-871820454,S2-348505920,S3-825673829,S3-383161730	True
S1-308786235	S2-102014396,S2-245710199,S2-560232059,S3-275785009	True
S1-235284887	S2-767628343,S2-223004346,S3-122529697	True
S1-205265563	S2-625410305,S3-265949010,S3-893102464,S3-171813497,S3-547235427	True
S1-800034679	S2-678695045,S3-72577853	True
S1-576478895	S2-281460527,S2-973651430,S3-277306073,S3-817391232,S3-618556580,S3-376090776	True
S1-992603131	S2-482466623	True
S1-587239940	S3-445374081,S3-920012785,S3-125938030	True
S1-746201489	S2-515189379,S2-353431147,S3-770224882,S3-227620920	True
S1-936023432		False
S1-210007076		False
S1-86013442		False
S1-780540127		False
S1-809310538		False
S1-431832493	S2-306864918	True
S1-708657588		False
S1-291961644		False
S1-451833950	S2-260999876,S2-503501230,S2-145391990	True
S1-829027990	S2-642992026,S2-399709249,S2-155788311,S2-628993001,S3-754301827,S3-489662871	True
S1-303257775	S2-953706025,S3-169317446,S3-692325333	True
S1-228287873		False
S1-927332075	S2-445855182,S2-775477960,S3-422435177,S3-263217578	True
S1-134381498	S2-804628113,S2-982697304,S2-385911774,S3-23896979,S3-486004070,S3-688558717,S3-95072597	True
S1-604601501	S2-726977238,S3-947022827,S3-477090903,S3-401787705	True
S1-306108401		False
S1-501869234	S2-130681506,S2-711471394,S2-978285668,S3-587011952,S3-2986679,S3-436252189,S3-3932828,S3-497390527,S3-697901439	True
S1-940978203	S2-32042885,S2-6794491,S3-643366564	True
S1-890675566		False
S1-523865461	S2-922908235,S3-728705349	True
S1-133049241		False
S1-679179585		False
S1-485538578	S2-661074167,S3-794054419,S3-786096692	True
S1-326334842		False
S1-81246678	S2-176531819,S3-6211734	True
S1-32861920	S2-628675819,S3-264221041	True
S1-211417123		False
S1-834347888		False
S1-269240964	S3-380869052	True
S1-846875172		False
S1-20889113		False
S1-95174312	S2-956265005,S3-864259258	True
S1-197485908	S2-487523661,S2-504573891,S2-698165313,S3-157254149	True
S1-662235289	S2-681040789,S3-30285021,S3-195618203	True
S1-610013907	S2-944377447,S2-654809300,S3-132786243,S3-955477591,S3-985317345,S3-250471442	True
S1-193101125		False
S1-594306950		False
S1-204472133	S2-444015729,S2-55978952,S2-106777367,S2-70890712,S3-400795607,S3-147541509	True
S1-941902168	S2-325922312,S2-853657886,S3-492086237,S3-619851698,S3-836536220	True
S1-942029		False
S1-183144442		False
S1-321700308		False
S1-847316165	S2-467916134,S2-609809755,S3-506539025,S3-600693146	True
S1-681741257	S2-67205197,S3-893970820,S3-137319714	True
S1-360917706	S2-206676483,S3-625586854	True
S1-582472809		False
S1-385434793		False
S1-309563381		False
S1-936719689		False
S1-783794225		False
S1-472869215		False
S1-654907418		False
S1-683482676		False
S1-723693071		False
S1-319671151		False
S1-258210835	S3-535273047,S3-806354957,S3-48702508,S3-769165698	True
S1-819228433	S3-130713650,S3-283119532	True
S1-817401808		False
S1-860428680		False
S1-118177942	S2-902870306,S3-738781066,S3-749546618,S3-590380446	True
S1-783199509	S2-712451432	True
S1-330946668		False
S1-682171125		False
S1-96889719		False
S1-990167370		False
S1-637562177		False
S1-503954624		False
S1-302728858	S2-495330632,S2-150045457,S2-494018702	True
S1-483742003		False
S1-585983838		False
S1-104897309		False
S1-409740268	S2-370335970,S2-487148953,S2-362654648,S3-354120206,S3-2718535	True
S1-669538488	S2-38518983,S2-882783593,S3-747411470	True
S1-566917178	S2-1379523,S2-720263494,S2-786009951,S3-269963341,S3-79097341	True
S1-127983632	S2-685865221,S2-479869380,S3-907723637	True
S1-880419555	S2-204905608,S2-60238035,S3-167047626,S3-349271683	True
S1-469803878		False
S1-870823047	S2-583819489,S2-804332864,S3-86137006,S3-9847404,S3-434785152,S3-532953768	True
S1-699685055	S2-944182554,S2-350131364,S2-111467734,S3-444197890,S3-855274907,S3-917339944	True
S1-687267163		False
S1-714999251	S2-731997642,S3-690325330	True
S1-132364874	S2-478655436,S3-464846316,S3-569622649,S3-745234213	True
S1-284668701		False
S1-32365925	S2-880300968,S2-438498994,S3-117176830	True
S1-409785234	S2-640519513,S3-940938029	True
S1-245978214		False
S1-560890233	S2-810894664,S3-630588642,S3-239777124	True
S1-753590464		False
S1-101017723		False
S1-168853964	S2-381939324,S3-627705890,S3-743886603	True
S1-653979539	S2-641067060,S2-507669882,S2-790799740,S3-461654618,S3-885816431,S3-924595591,S3-214130765	True
S1-625682596		False
S1-657688491	S2-168971956,S3-35680128	True
S1-70114284	S2-594707356,S2-178673016,S2-589267262,S3-627636884,S3-593551697,S3-803003974	True
S1-763836430	S2-540616529,S2-607974687,S3-918940445	True
S1-277914265	S2-341210895,S2-647288791,S3-574394573,S3-91884975,S3-372471608	True
S1-91232431	S2-325203035,S2-121682242,S3-352342251	True
S1-43661340	S2-244741882,S2-971350982,S2-180067459,S3-800511296,S3-364638614,S3-930805350	True
S1-805590046		False
S1-242036459		False
S1-839843784		False
S1-570563680		False
S1-932664199	S2-623551534,S3-606528875	True
S1-248481270	S2-753007198,S2-866495029,S2-690854276,S2-47775759,S2-983313651,S3-130843069	True
S1-62839467	S2-7678806,S3-212866004	True
S1-627729777	S2-315040973,S2-503917654,S2-664462322,S2-843934312,S3-925811309,S3-49960511	True
S1-929672914		False
S1-888259889	S2-741656788,S3-112151733	True
S1-301872414	S2-651986940,S3-488217613	True
S1-834746722	S2-366612625,S2-841633574,S2-673584887,S3-253731991,S3-576622710,S3-645681908	True
S1-486435003		False
S1-692966648		False
S1-357275684	S3-88080536,S3-112609489,S3-390285173,S3-193045297	True
S1-978829810	S2-344999556,S2-282003016,S2-503671828,S3-280999925,S3-905420905	True
S1-125386204		False
S1-747577587		False
S1-469214096		False
S1-151668382		False
S1-956167551		False
S1-493314995		False
S1-950124247	S2-110101819,S2-952409663,S2-569327686,S3-931097221,S3-502121681,S3-589136989	True
S1-468639179		False
S1-411551765	S2-736768461,S3-816653941	True
S1-583671057		False
S1-695253619	S2-171079996,S2-484061276,S3-977185134,S3-138944978	True
S1-706798250		False
S1-255013582	S2-782574249,S2-956642644,S3-426801449	True
S1-833334378		False
S1-967349477	S2-811528270,S2-53487261,S2-273522533,S3-361715456,S3-28183254,S3-477210063	True
S1-560871433	S2-137766750,S2-525702272,S2-997246159,S3-142959870,S3-8891154,S3-826069877	True
S1-844578168		False
S1-612275364		False
S1-884320419		False
S1-763654473		False
S1-654645148	S2-453764337,S2-911829368,S3-142404889,S3-419658414	True
S1-141676365		False
S1-845659505	S2-964718502,S2-704797540,S3-585850893	True
S1-492664842	S2-432264469,S2-595609793,S3-855785510	True
S1-980285701		False
S1-444029939		False
S1-343549776		False
S1-993568574		False
S1-451170867	S2-773127546,S2-142325006,S3-14254086,S3-417674946	True
S1-593226083		False
S1-580432001		False
S1-815633535	S2-301748276,S2-776493031,S3-941027208,S3-991008331	True
S1-957580841	S2-823936298,S2-21773152,S2-285548653,S3-48256055	True
S1-835846759		False
S1-956289328		False
S1-926402588		False
S1-584239423		False
S1-207374719		False
S1-342976142		False
S1-701002330	S2-410882435,S2-275319964,S3-522491480,S3-681235266	True
S1-906427431		False
S1-405186608		False
S1-652986302		False
S1-545087538		False
S1-691977678		False
S1-83753449		False
S1-424176643	S2-426163154,S3-387677148,S3-273806617,S3-48860799	True
S1-498154824		False
S1-752738698	S2-894874480,S3-885441765,S3-333785842	True
S1-442158453		False
S1-83617274		False
S1-5827489		False
S1-34528906	S2-817403063,S2-666734180,S2-143016901,S3-790824659	True
S1-764038060		False
S1-675852939	S2-522819254,S2-799355142,S2-122507884,S2-269041134,S3-61173725	True
S1-298402525	S2-540811602,S3-571575477	True
S1-883169096		False
S1-56807416	S2-545616386,S3-664657239	True
S1-838818805		False
S1-650656232		False
S1-980965438	S2-701087844,S2-108039795,S2-537867585,S3-521973567	True
S1-672178488	S2-171619561,S2-825103471,S3-18810927	True
S1-359732321	S3-925136511,S3-54863516,S3-772726833	True
S1-808215439		False
S1-258879328	S2-369556369,S3-794592998	True
S1-700554513		False
S1-334234816	S2-748288645,S3-575358822,S3-423563111,S3-967944054	True
S1-704659218	S2-427008983,S3-782008751,S3-32660620	True
S1-403414451	S2-986832723,S2-37348932,S2-647287600,S3-383816718	True
S1-259784596		False
S1-618189680		False
S1-578635600	S3-398354590,S3-884951236	True
S1-413025046	S2-757874422,S3-986312821,S3-474759376	True
S1-486936556	S2-160884650,S2-678974319,S3-593717446,S3-398901799	True
S1-409293434	S2-896504289,S3-563452833,S3-950272227,S3-581408277	True
S1-90809845	S2-514473528,S3-857240385,S3-760577715,S3-47119322	True
S1-105051640	S2-236548240,S3-698083772	True
S1-237472876	S2-108241594,S2-218315611,S2-931818175,S3-204633738,S3-878486910	True
S1-664722062	S2-950854658,S2-191126654,S2-433038255,S2-805241881,S2-91339938,S3-299559581	True
S1-97427805	S2-511086444,S3-15063733,S3-404258189	True
S1-367982678	S2-450235394,S2-591369783,S2-230994604,S2-797857412,S3-52827858,S3-610396247,S3-101023786	True
S1-561610350		False
S1-570629862		False
S1-695307829	S2-299005253,S3-873330935	True
S1-93017631	S3-792578579,S3-477556994	True
S1-223203308		False
S1-507955204		False
S1-856664971		False
S1-569571980		False
S1-466084613		False
S1-129093835		False
S1-54307843	S3-586351313,S3-366160910,S3-905758242,S3-978442924	True
S1-482354729		False
S1-673005165		False
S1-660189245		False
S1-721004875	S2-331820730,S3-224041904,S3-882152233	True
S1-342764149	S2-713906455,S2-159142295,S3-192445034,S3-474851808,S3-205496483,S3-90826031,S3-360353992	True
S1-856401359		False
S1-36269219	S3-892197436,S3-568719543	True
S1-357233088	S2-860287761,S3-608401000,S3-68509014	True
S1-466587631	S2-511392241,S2-157747864,S3-414574286,S3-857484921,S3-252279107,S3-202776979	True
S1-524331720		False
S1-950528063	S2-394683964,S2-998312729,S3-341330565,S3-475669910,S3-427810769	True
S1-953811475		False
S1-27492556	S2-874946499,S2-769922796,S3-528346243,S3-140746259	True
S1-466476083		False
S1-432138049	S3-128072305,S3-483683221,S3-39465899	True
S1-727215547		False
S1-55736704	S2-893153279,S3-902990870,S3-409523081,S3-910951531	True
S1-954207056		False
S1-801826894	S2-371331282,S2-184570972,S3-327722037	True
S1-526458841	S2-201591993,S2-971270104,S2-847154162,S2-294576580	True
S1-361862892		False
S1-159950200	S2-118312763,S2-23751066,S3-211764372,S3-460733738	True
S1-969039138		False
S1-531674523		False
S1-115198274	S2-488170520,S2-803678681,S2-110816758,S3-714847867,S3-372111878,S3-638369452	True
S1-283723205		False
S1-93962634		False
S1-522054871		False
S1-279648215	S2-560379368,S2-646578599,S2-45176080,S3-962904,S3-459007762,S3-303984876	True
S1-122069023		False
S1-989048435	S2-111128634,S2-37567546,S3-741833545,S3-835725768,S3-201373597	True
S1-517361600	S2-120167957	True
S1-329655131		False
S1-446110611		False
S1-294817844		False
S1-618131407	S2-908994471,S2-165268154,S2-491221199,S2-892968074,S3-880422910,S3-928829928,S3-564558284,S3-909816431	True
S1-885557	S3-925700215,S3-831923187	True
S1-25513923		False
S1-309534703	S3-253079706,S3-853492040,S3-827482795	True
S1-753074497	S2-640461431,S2-256696133,S3-42369523	True
S1-554367497		False
S1-866378615		False
S1-174328310	S2-302455154,S3-984818394	True
S1-816717694		False
S1-230510467	S2-539807226,S2-310552466,S3-301135225,S3-866671895	True
S1-708104738	S2-890548460,S2-669599339	True
S1-167341696	S2-153991199,S2-767441957,S2-782455473,S3-753122834,S3-55724686,S3-921964216	True
S1-536031586	S2-738369296,S2-786964880,S3-477439184	True
S1-445375557		False
S1-626609034		False
S1-305723728		False
S1-380078026		False
S1-62175867	S3-840477186,S3-329961963,S3-276979034	True
S1-311400371	S3-362140386,S3-755965879	True
S1-608679254	S2-900376493,S2-997781714,S3-169276762,S3-87190147	True
S1-420504707		False
S1-700749845		False
S1-703943565	S2-421749390,S2-186451891,S2-309382843	True
S1-451471596		False
S1-755595995		False
S1-782966298	S2-777833960	True
S1-12804066		False
S1-900167997		False
S1-900223558	S2-720636727,S2-526713704,S2-232545965,S2-936122350,S3-416763766	True
S1-929357263		False
S1-641623776	S3-267949460	True
S1-272255583	S2-609488219,S3-740754962,S3-998617897	True
S1-592392280		False
S1-233621826		False
S1-811959530	S2-781163430	True
S1-79166241	S2-814386072,S3-139120769,S3-451723366,S3-414298246	True
S1-97296792	S2-231932760,S3-152679768,S3-26363279,S3-459078478	True
S1-826320597		False
S1-987445272	S2-244703315,S2-574838744,S3-519380337,S3-556957372	True
S1-904523202		False
S1-919536474		False
S1-329795712		False
S1-349337032		False
S1-671430388	S2-602469546,S2-254545459,S3-666802463	True
S1-325952943	S2-528067731,S3-765328666	True
S1-244789448	S2-258052494,S2-21099084,S3-805950784	True
S1-617100603		False
S1-393000138		False
S1-473257370	S2-601238967,S2-945590338,S3-757753231,S3-553602094	True
S1-13794297	S2-896230892,S2-439461903,S3-25849361,S3-989663297	True
S1-365640936		False
S1-808594456	S2-643577375,S3-464036655	True
S1-620017741		False
S1-439710662	S2-507200925,S2-968372664,S2-48031920,S2-123659656,S3-629452182,S3-658029079,S3-188530416	True
S1-260044945	S2-779661026,S2-780014035,S2-803986507,S3-530887244,S3-816606842	True
S1-110745656	S2-451595157,S2-184445639,S3-228635119,S3-207673660,S3-768576083	True
S1-347649977	S2-941141052,S3-499900070,S3-689769217	True
S1-770702300	S2-712713762	True
S1-991036558		False
S1-968903192		False
S1-156719039		False
S1-896487059	S2-403205628,S2-147109402,S3-861591801,S3-928790382	True
S1-776541321		False
S1-791667257		False
S1-819152770		False
S1-60072701		False
S1-125315701	S2-121192660,S2-324320144	True
S1-468432237		False
S1-549932870	S2-159870164,S2-971366013,S2-656237244,S3-227590067,S3-347451458	True
S1-156392667	S2-607099502,S3-711776305	True
S1-731770786		False
S1-589382325	S2-517223108	True
S1-298826264	S2-3790416,S2-852562222,S3-476260784,S3-600559935	True
S1-556636918		False
S1-856248000	S2-479344765,S3-63060695	True
S1-61357253		False
S1-329046390	S2-582627582,S2-448433908,S3-32008713	True
S1-825507066		False
S1-413974736	S2-486160741,S2-709292817,S3-83835590,S3-42817670,S3-670970863	True
S1-748481351		False
S1-211631214	S2-70195563,S3-829078528,S3-711223312,S3-962369797	True
S1-482792089	S2-985358239,S2-432989337,S2-788753878,S3-828655307,S3-551875110	True
S1-785607878	S2-782663602,S3-305832587	True
S1-340163923		False
S1-763759856		False
S1-557482509		False
S1-67564009	S3-486145925,S3-692948610,S3-461587208,S3-586033187	True
S1-106535751	S2-493963725,S3-590326622	True
S1-761823239		False
S1-466342531		False
S1-234623905	S2-854275386,S3-321241583,S3-692659023	True
S1-253337814		False
S1-60493924	S2-398864384,S3-131510504,S3-555495638	True
S1-150606839		False
S1-194587411	S2-906288578,S2-732326099,S2-634141369,S2-554674069,S3-825081492	True
S1-456451123		False
S1-367437518	S2-442053196,S3-299136939,S3-757117444,S3-885079529,S3-401968233	True
S1-9707919	S2-431597257,S3-61756924,S3-880746230	True
S1-631674490		False
S1-503376030	S2-140616094,S3-999342192,S3-920747101	True
S1-288069059	S2-252428142,S2-137993449,S2-696184306,S3-214018607,S3-100938130,S3-894520860	True
S1-586995258	S2-654098716,S2-337162846,S3-325071462,S3-678434749	True
S1-85269001	S2-158672892,S2-39272146,S2-791351335,S3-629161335,S3-410702135,S3-232911895	True
S1-263018807		False
S1-17353885	S2-338017592,S2-289719904,S2-630636448,S3-643125696,S3-365328559,S3-384284746	True
S1-999153914	S2-103239018,S2-347346724	True
S1-565119686	S3-837891128,S3-493102933	True
S1-469783307	S3-359145314,S3-788170793,S3-832342631,S3-658415851,S3-323934313	True
S1-984439682		False
S1-195066252	S3-926373220,S3-979719840,S3-567017454	True
S1-852950931	S2-538686856,S3-227278552	True
S1-163175383	S2-691386042,S2-592777462,S3-401679034,S3-643041821	True
S1-445121149		False
S1-398525755	S2-835891899,S2-45392494,S2-302202331,S2-270003721,S3-766668003,S3-409958274	True
S1-962471689	S2-249822419,S3-90713264	True
S1-513575384	S2-827953802,S3-845578742,S3-182603371	True
S1-820956358	S2-468916695,S2-414262587,S2-572181833,S2-540751287,S3-777616286,S3-493209540,S3-487309656	True
S1-20608425		False
S1-931151277		False
S1-312424563		False
S1-942927878	S2-477569030,S2-688538353,S3-598421053,S3-109782105,S3-397095324	True
S1-741188570		False
S1-981982059	S2-794302395,S3-857755761	True
S1-809761348	S2-569325831,S2-648337676,S2-297776924,S3-40060452	True
S1-185910806		False
S1-28949497		False
S1-837063415	S2-98080415,S3-921422570,S3-710218220,S3-662858466,S3-279812495	True
S1-962933131	S2-963523138,S3-318312169	True
S1-214484586	S2-361120385,S3-248659170,S3-734594218,S3-596840239	True
S1-440102022		False
S1-489478422	S2-51651246,S2-980083570,S3-237480336	True
S1-158896438		False
S1-241508938		False
S1-685414216		False
S1-771212570		False
S1-347930	S2-47936585,S3-597513100	True
S1-583995149	S2-981217524,S2-649496714,S3-655005732,S3-574171013,S3-838589211,S3-665494649,S3-265332012,S3-832624706	True
S1-225666375		False
S1-780511339	S2-847033442,S3-32870021	True
S1-127483283	S2-80150111,S2-178561108,S2-627316322	True
S1-787185842		False
S1-430440079		False
S1-412591627	S2-79945824,S2-28586551,S3-296220165	True
S1-81294984	S2-395691887,S2-794552090,S3-7250667,S3-13662287,S3-553189682	True
S1-186787633		False
S1-289548756		False
S1-905286620	S2-173550767,S2-253964888,S3-628573657	True
S1-819520749	S2-414629791,S3-578587082	True
S1-808642785	S2-148149317,S2-216036080,S3-593000434	True
S1-376186622		False
S1-580530677	S2-487591737,S2-168050885,S2-783813014,S3-790523866	True
S1-24771741	S2-323644068,S2-127660231,S3-276431701,S3-456703256	True
S1-434755751	S2-462863207,S2-544125803,S3-559671075	True
S1-728514197	S2-988071872,S3-239738500,S3-742299762,S3-716409593	True
S1-792008772	S2-278030846,S3-900416626,S3-769253351	True
S1-991397457	S2-670425379,S3-453192038,S3-282372449	True
S1-557424953	S3-412854785,S3-485639066,S3-289731650	True
S1-370702182		False
S1-312717235	S2-368855590,S2-920789031,S2-202495884,S3-682621525	True
S1-593893107		False
S1-367121454		False
S1-250062392		False
S1-520906576	S2-894367715,S2-837747861,S3-217748067,S3-546024105,S3-865768236	True
S1-230238864	S2-227924071,S3-486181496	True
S1-43147236		False
S1-84187974	S2-855954465,S2-976127685,S3-568629785,S3-295012118	True
S1-847740623	S2-127189684,S2-650849681,S3-354736474	True
S1-522751523	S2-380353283,S2-598811231,S3-366261063,S3-559674990	True
S1-680981575		False
S1-554421360	S3-742804978,S3-537387037,S3-699110034	True
S1-250996261		False
S1-713171948		False
S1-821765359	S3-219128223,S3-180842421	True
S1-1759806		False
S1-661347962		False
S1-955039635	S3-571418688	True
S1-50383868	S2-313305393,S3-964937650,S3-185596466	True
S1-674619787		False
S1-198340373	S2-306614931,S2-958238318,S2-956214584,S2-996265667,S3-202738730	True
S1-470867517		False
S1-578562774		False
S1-494490359		False
S1-55700829		False
S1-268717183	S2-285061934,S3-81912829,S3-923287080,S3-484319867	True
S1-566893641		False
S1-910270155	S2-848680159,S2-998617661,S2-502695112,S2-648616514,S3-335371722,S3-215957363	True
S1-256706366	S2-623944938,S3-48989736,S3-759563817,S3-568189624,S3-372782581	True
S1-647010884		False
S1-148005629	S2-982654991,S3-743876216,S3-445250090	True
S1-633944426		False
S1-489351592	S3-686583953	True
S1-493089309		False
S1-223145166		False
S1-582538992	S2-799153514,S3-720972180,S3-988254055,S3-362121904,S3-47485710	True
S1-895611540	S2-271529487,S2-199423721,S3-398983264,S3-656821630	True
S1-977576726	S2-343371543,S3-675487257	True
S1-964001535		False
S1-847277024		False
S1-415940273	S2-222562611,S3-988623873,S3-202218062	True
S1-479123955	S2-180923630,S3-615624429,S3-932704729	True
S1-837118547		False
S1-243523770	S2-503869987,S3-747775184,S3-706505050,S3-52361812,S3-546262286	True
S1-799697552	S2-808041171,S3-350682138	True
S1-345959098		False
S1-927042666	S2-749840520,S2-90169066,S2-304627300,S3-998692462	True
S1-791060392		False
S1-459034249	S2-427586080,S2-950941538,S2-301908185,S3-584898264	True
S1-306647732	S2-120595540,S3-118536826,S3-183494090,S3-121536610	True
S1-491363958		False
S1-495360314	S2-220926689,S3-10341165	True
S1-738454560		False
S1-450066799	S2-270560756,S3-819135892,S3-166873357	True
S1-936664200	S2-988304062	True
S1-193276317	S2-58650292,S2-373274054	True
S1-297129823		False
S1-750622154		False
S1-453845325		False
S1-717929187	S3-335649245,S3-470587754,S3-512447930	True
S1-342963581		False
S1-581861048		False
S1-588777182	S2-660610159,S2-208513475,S2-580709526,S3-71764420	True
S1-167910657		False
S1-447068345	S3-327275737,S3-364061782	True
S1-403712500		False
S1-252861226	S2-684354986,S2-750689272,S2-233716055,S2-627690920,S3-543141503	True
S1-962991375		False
S1-500204275	S2-416079394,S3-148879471	True
S1-533449369	S2-608110836,S2-5152178,S3-745309807	True
S1-31769021	S3-899176930,S3-720301417	True
S1-180257065		False
S1-346120883		False
S1-453280041	S2-29010821,S3-257069342	True
S1-385907490	S2-830692659,S3-536796550,S3-611431612,S3-414896591	True
S1-976520173	S2-701199701,S3-706462339	True
S1-489003698		False
S1-250183273	S2-383842315,S2-215757054,S3-847685191,S3-789069811	True
S1-739665226	S2-740466084,S2-958536542,S3-937678246,S3-847298663,S3-794656995	True
S1-286340625		False
S1-80851453		False
S1-652299997	S2-178326596,S2-292463878,S3-986052695,S3-740961849,S3-953048191,S3-240635416	True
S1-462667065		False
S1-979624548	S2-581500079,S2-914881067,S2-165617375,S3-943525868,S3-887210593	True
S1-585478201		False
S1-227751199	S2-423631084,S2-541229275,S2-265789329,S3-178498980,S3-222650172,S3-99971961	True
S1-141575647	S2-954142747,S2-962953329,S3-411003341,S3-565930416,S3-971897926,S3-544109115	True
S1-142152993	S2-66855310,S2-185243147,S2-817272735,S3-337473010,S3-17025282	True
S1-602820454	S3-137813564,S3-497615380,S3-881578713	True
S1-895501747		False
S1-301184972		False
S1-218376602	S2-859954246,S3-999938215	True
S1-293762232		False
S1-345738384		False
S1-902162510	S2-348894200,S2-825684904,S2-606082493,S3-456540064,S3-883075122	True
S1-125515891		False
S1-654518335	S2-216221499,S2-526290512,S2-827289105,S3-385086904	True
S1-342142150		False
S1-972415063		False
S1-537525390		False
S1-767787363	S2-687074658,S2-636578996,S3-536162298,S3-400311196,S3-394139882	True
S1-601034228	S2-588897711,S2-846387339,S2-933340492,S2-191638578,S3-112072500,S3-432235712	True
S1-165377443	S2-595182385,S3-342468161,S3-340088848	True
S1-476780050	S2-520705858,S2-27185574,S3-174824393	True
S1-710216		False
S1-908587361		False
S1-754503559	S2-167989102,S2-128417096,S3-615690389,S3-831717221,S3-832424820	True
S1-315626301		False
S1-253156672	S2-527322266,S2-610246528,S2-440007649,S3-205048687,S3-70752696	True
S1-420620277	S2-541095085,S2-111601336,S2-494624991,S3-60313420	True
S1-641293408	S2-724415434,S2-821921214	True
S1-834825407		False
S1-416652718		False
S1-677088268		False
S1-302935686		False
S1-296713709		False
S1-656396164		False
S1-342197387	S2-961145789,S3-825120738,S3-703222826,S3-513784361,S3-254227345	True
S1-397716338	S2-623517451,S2-476281585,S3-99147882,S3-649269556	True
S1-741576086		False
S1-638389492		False
S1-183471631	S2-743672173,S2-546096747,S3-880656365,S3-849816643	True
S1-745779866		False
S1-684737467		False
S1-275557925	S2-896501657,S2-509778945,S2-264837973,S3-145622799	True
S1-122219022	S2-746299,S3-615083181	True
S1-838853470		False
S1-356256503	S2-128909492,S2-859168553,S3-38635696,S3-422333890	True
S1-526885516	S2-435225105,S2-57303957,S3-33348701,S3-510532356	True
S1-525646607		False
S1-144622459	S3-900059841	True
S1-81177502	S3-829833660	True
S1-31040071	S2-653678499,S2-204196408,S3-527162458,S3-612267993	True
S1-221623104	S2-332332291,S3-383926592,S3-1343503,S3-226431747	True
S1-787534960		False
S1-343894970		False
S1-898592123	S2-772158408,S3-892898806,S3-280007079,S3-875290206	True
S1-371197556	S2-167012161,S3-698181561	True
S1-262821691	S2-224415899,S3-32966648,S3-349420414	True
S1-891039946	S2-647622109,S3-132807390,S3-786920764	True
S1-16029139	S2-747384009,S3-614813631	True
S1-240490930	S2-174535328,S3-968270176,S3-999490983,S3-449697507	True
S1-672348887		False
S1-408577139	S2-347726747,S2-575570011,S2-60971417	True
S1-122547797	S2-115083910,S2-177940388,S3-771920474,S3-632516236	True
S1-484146220	S2-687953629,S2-320200627,S3-65734790	True
S1-463435270		False
S1-435193969	S2-676328559,S2-563364810,S3-551726491,S3-347815055,S3-622456787,S3-467363693	True
S1-575200749	S2-882910179,S2-426043076,S3-318923530	True
S1-657659648	S2-877669496,S2-667813398,S2-181558892,S3-205055619,S3-642156350,S3-714256842	True
S1-917842849		False
S1-762565596		False
S1-491916948		False
S1-156005782	S2-137061843,S2-478646392,S2-119261432,S3-582672582,S3-999609226	True
S1-427441375	S2-329840548,S3-486887249,S3-497855187	True
S1-40090540		False
S1-270686533	S2-552921749,S3-571496438,S3-896852843	True
S1-304853540		False
S1-605707918		False
S1-133592050	S2-593785205	True
S1-49693475	S2-697178008,S3-311066654	True
S1-738645264	S2-894857235,S2-446293145,S2-761559036,S3-369677778	True
S1-403807851	S2-35998973,S3-982193930	True
S1-435212790		False
S1-322569407	S2-773800571,S3-490239840,S3-406737386,S3-176642377	True
S1-23833251	S2-415160261,S2-776511776,S2-684873335,S2-697973601,S3-65856885,S3-547798604,S3-969118639	True
S1-83748495	S2-189891042,S3-862397086,S3-848010360,S3-47532185	True
S1-394088902	S2-299367749,S3-443255819,S3-3379100	True
S1-510369342		False
S1-345692038	S2-455957648,S2-923876401,S3-619515898,S3-665023609	True
S1-210050705		False
S1-458336569		False
S1-624623806		False
S1-850437727	S2-856887423,S2-108671213,S3-648116474,S3-11744422	True
S1-708380274	S2-53097116,S2-876561839,S3-891327491,S3-440621716,S3-766712309	True
S1-652910731	S3-923614635	True
S1-72910555		False
S1-424369651	S2-816585999,S2-346242616,S3-838437107,S3-543882179,S3-120648729	True
S1-838887616		False
S1-783230608	S2-995726384,S2-622922640,S3-645861078	True
S1-882719692	S2-226090159,S3-773468621,S3-203271753,S3-885800058,S3-838579736,S3-527911677	True
S1-481288009	S2-511511808,S3-977119050	True
S1-863742673	S2-107578184,S3-544063697,S3-123635274,S3-277645951	True
S1-904669927		False
S1-672163346	S2-752344742,S2-542465734,S2-413803506,S3-269635290,S3-444750845	True
S1-391097083		False
S1-190545745	S2-35175972,S3-432534214,S3-753408621	True
S1-777736077	S2-887988504	True
S1-620046738		False
S1-549237278	S2-216905957,S3-740965913	True
S1-730035237	S2-667759685,S2-980291156,S2-599373697,S3-878345088	True
S1-174709720	S2-888964689,S2-518707550,S3-221996510,S3-305277839	True
S1-853268826	S2-147600680,S2-517724511,S2-645221469,S3-806824187,S3-221989776	True
S1-337183412		False
S1-144917962	S2-119049246,S3-733663000,S3-205217737	True
S1-946658805	S3-29945950,S3-622819209,S3-275796337	True
S1-706172600		False
S1-300052729		False
S1-166297954		False
S1-201898919	S2-596074084,S2-956679357,S3-656148181,S3-179275103,S3-897157723	True
S1-539769456	S2-790708861,S3-844622148	True
S1-99383171	S2-40447499,S3-451698430	True
S1-548666602	S2-830161858,S2-876701955,S2-741546161,S2-859494717,S3-603921412,S3-659992976	True
S1-848787516	S2-426164943,S2-464461765,S3-266989290,S3-128782694	True
S1-426074650		False
S1-469762410		False
S1-677391700		False
S1-156066693	S2-780387598,S3-518566000,S3-315062904,S3-536284715	True
S1-449400289	S2-404222646,S2-712207473,S3-761687521,S3-405422662,S3-667381080,S3-435237935	True
S1-779376330		False
S1-564578602		False
S1-719191159		False
S1-962918091	S2-6153861,S2-436558551,S3-599213137,S3-132649233	True
S1-829247352	S2-216529539,S3-233550685,S3-238819448	True
S1-469800067	S2-480182753,S2-963379626,S2-749962559,S3-734467172	True
S1-527130933	S3-885608087,S3-62126477,S3-134288201,S3-997116596	True
S1-11647178		False
S1-166721903		False
S1-999652222	S3-176083425,S3-313211041,S3-130098334	True
S1-461190456		False
S1-771613456	S2-97480526,S2-138116598,S2-363660243,S2-260963062,S3-315813683,S3-174310478	True
S1-789225278	S2-10267043,S3-150194512	True
S1-436648849		False
S1-57571674		False
S1-957718320		False
S1-306652385		False
S1-72562060		False
S1-283086848	S2-201116096,S2-334274442,S3-549353627,S3-718257623,S3-588196211,S3-333498467	True
S1-431569920	S2-927894663,S2-61140902,S3-872322687,S3-291934840,S3-739641030	True
S1-453478023		False
S1-893608519		False
S1-321638867	S2-225948650,S3-62381963,S3-888129019,S3-830030314,S3-783267372,S3-451482613	True
S1-465585001		False
S1-497196657		False
S1-22835842		False
S1-953978346	S2-531871685,S2-975775232,S2-576333338,S3-511835395,S3-851055384	True
S1-404327186		False
S1-294007126		False
S1-351864912	S3-188106498,S3-794786388,S3-71713127	True
S1-683775123	S2-997130044,S2-75985029,S3-306314856,S3-478300715,S3-86715510	True
S1-963375582		False
S1-20632442	S3-105474554	True
S1-891883774	S3-381543767	True
S1-58572464		False
S1-508183547	S2-832762795,S2-450605019,S2-502914928,S3-620549293,S3-935909069	True
S1-798038464		False
S1-924591553		False
S1-110832272	S2-915229343,S2-468875906,S2-503110849,S2-765713407,S3-115446627,S3-963150689,S3-880627107,S3-248719622	True
S1-344556274		False
S1-66513735		False
S1-969654218		False
S1-208131860		False
S1-933935240	S2-287652010,S3-462427565,S3-676815986	True
S1-168572864	S2-44158313,S2-436438451	True
S1-502365507		False
S1-691823806	S2-563893881	True
S1-830853900		False
S1-958979903		False
S1-161880409		False
S1-355537631		False
S1-759464268	S2-937158671,S2-183651392,S3-308046543,S3-854136035	True
S1-568895110		False
S1-644548481	S2-729816303,S2-487838673,S2-453080228,S3-58638802	True
S1-812643332	S2-621450363,S3-885826402	True
S1-431535150	S2-627708553,S3-509042030,S3-381208166	True
S1-173673471	S2-975683510,S2-770931260,S3-259096978	True
S1-954487315		False
S1-58201529		False
S1-945099328	S2-726786368,S2-96493792,S3-234109949,S3-320344098	True
S1-655173654	S2-686096675,S2-265407912,S3-120694512,S3-449170110	True
S1-139778441	S2-144722415,S3-633233076,S3-708858546,S3-216196632	True
S1-271841137		False
S1-835629423	S2-640739030,S2-383957188,S3-156100803,S3-343578667,S3-618558752	True
S1-422448952	S2-38451280,S2-618245690,S3-361843654,S3-74865701,S3-228952992	True
S1-804744721		False
S1-28613415		False
S1-812230063	S2-979870910,S2-932556246,S3-138997607	True
S1-103616396	S2-728978687,S2-220069231,S2-347127219,S2-291486283,S3-716020092	True
S1-286083238		False
S1-349770521		False
S1-971201128	S2-441043744,S2-900349243,S2-289819538,S3-23513286	True
S1-607882982	S2-661396868,S2-901884725,S2-474327262,S3-926841408	True
S1-90711703		False
S1-884912318		False
S1-41912194		False
S1-138271454		False
S1-409773954		False
S1-704119848		False
S1-266930182		False
S1-671113012	S2-855987203,S3-343548685,S3-228659936	True
S1-874833585	S2-641738849,S3-278775344	True
S1-592382187	S2-940685357,S3-975900062	True
S1-105159482	S2-239733512,S2-255275357,S3-133167902	True
S1-942414417	S2-641516115,S3-966212138,S3-614490481	True
S1-47282263	S2-477432628,S3-675533986,S3-504233254	True
S1-734055064	S2-144539567,S2-74880692,S3-879968197	True
S1-920332185	S2-972407152,S2-915859670,S3-404879805	True
S1-402256049	S2-211221259,S2-559590440,S2-272120169,S3-571879925,S3-776767339,S3-735422431	True
S1-485592211		False
S1-796666351	S2-649047214,S2-700036720,S3-37791258,S3-696842174,S3-906045737	True
S1-379088525		False
S1-386093750		False
S1-72356894		False
S1-820607965		False
S1-871167721	S2-496375980,S3-776056119,S3-870191549,S3-272189533,S3-327643059	True
S1-609302562	S2-296348523,S3-989210011	True
S1-16064478		False
S1-226848367	S2-157928574,S3-13728714	True
S1-741479179		False
S1-71767678	S2-373186208,S2-966616698,S3-988476655	True
S1-310552217	S2-22117471,S2-444963139,S3-929561480,S3-252796513,S3-176264529,S3-727793685	True
S1-81993579	S2-599778240,S2-405292946,S2-361105286,S3-595047272,S3-714375650	True
S1-72246952		False
S1-904630097	S2-406351504,S3-823285870,S3-992298803	True
S1-647111776	S2-503470861,S3-119026061	True
S1-916163429		False
S1-193155454		False
S1-469216278	S2-355438298,S2-450091578,S3-793628633,S3-933581952	True
S1-374866243		False
S1-128272171		False
S1-16978985		False
S1-195978087		False
S1-958112670		False
S1-98345898		False
S1-348949906	S2-673729385,S2-223571369,S3-593055695,S3-327130204,S3-459705901,S3-943124131	True
S1-239783167		False
S1-542842688	S3-244364591,S3-531192762,S3-109284114	True
S1-493151900		False
S1-652691686	S2-528644227,S2-575172592,S3-476768461,S3-392558202,S3-120866933	True
S1-928998615	S2-875999171,S2-22013213,S3-378308915,S3-338258019	True
S1-179092501	S2-132996094,S2-429127678,S3-903293067,S3-216426585	True
S1-593766452	S2-165511442	True
S1-408806520	S2-873902968,S3-462459116,S3-54457162,S3-795426954	True
S1-128395397	S2-740843585,S2-62808302,S2-273313257,S3-938175888,S3-41815561	True
S1-348231169	S2-805868960,S2-258915405,S3-600736791,S3-150432059	True
S1-734667517	S2-72587164,S3-427635924	True
S1-674681517	S2-88966920,S2-743352510,S3-894434433	True
S1-817409769	S2-844547470,S2-567542635,S3-759220051	True
S1-582958669	S2-716122135,S2-598367165,S3-538838281	True
S1-590837635		False
S1-386337504		False
S1-801943233	S2-154754395,S2-105981825,S3-525274377	True
S1-798297803		False
S1-192634108		False
S1-994063859	S2-312307612,S3-240868825,S3-178603137,S3-772098823,S3-138239894	True
S1-203684024		False
S1-285072230	S2-951721675,S2-848610189,S3-398202977,S3-679624623,S3-32935639	True
S1-707683073	S2-268624424,S2-65679385,S2-365648046,S3-399010861	True
S1-295855601	S2-742555068,S2-307457544,S3-824833017,S3-342183057	True
S1-157696779	S2-449660184,S3-304003442,S3-980287489	True
S1-45248938	S2-218270678	True
S1-662315987	S2-646034468,S2-324962582	True
S1-815649545	S2-101515812,S2-694371415,S3-737373987,S3-711040221	True
S1-45392944	S2-423615111,S3-91447721	True
S1-56210056	S2-494447053,S2-167050260,S2-823222984,S3-38446693,S3-836162216,S3-705849088,S3-826504912	True
S1-223003290		False
S1-107303075		False
S1-299327061		False
S1-105716213		False
S1-706063502		False
S1-356008980	S2-362380922,S2-61262384,S3-963853179,S3-778132929,S3-3625879	True
S1-350453845	S2-750991166,S3-232946129	True
S1-869375625		False
S1-827452943		False
S1-390483614	S2-580732517,S2-863782380,S2-302399072,S3-276615605,S3-483772799,S3-421205835	True
S1-355183069	S2-527542512,S2-736436108,S3-642880564,S3-19773108	True
S1-959806401	S2-326328829,S2-70463604,S3-525082545	True
S1-836705217	S2-190572122,S2-964686241,S3-630106678,S3-727826767,S3-232005296,S3-502162029	True
S1-749554813		False
S1-167152874		False
S1-571490825		False
S1-888317785	S2-655491604,S2-885081197,S3-405216989,S3-592054290	True
S1-455830912		False
S1-551875351		False
S1-109196068		False
S1-727654224		False
S1-441314321	S2-260364569,S3-558986919	True
S1-199149562	S2-849838123,S3-933212193,S3-451138738,S3-917913977	True
S1-295021463		False
S1-98980282	S2-778749464,S3-770509932	True
S1-985633408	S3-804439005,S3-493122436	True
S1-763141143	S2-762760165	True
S1-573281153		False
S1-400601600		False
S1-142819609	S2-777557476,S3-972881146	True
S1-348027089	S2-163514911,S2-145054947,S3-97439058,S3-95707299	True
S1-108436487		False
S1-521957016		False
S1-142731130		False
S1-400744753		False
S1-82736709	S2-494747784,S3-5546182	True
S1-837708905		False
S1-938860434		False
S1-792096647		False
S1-855911369		False
S1-525432236	S2-270425728,S2-468485422,S3-407210684,S3-937696506	True
S1-496430914		False
S1-850805687	S2-171722120,S2-466883044,S3-238639479	True
S1-856815745	S2-107156392,S2-696370675,S2-654172168,S2-998637955,S3-932533041	True
S1-326347688	S2-494895385,S2-616658677,S3-5694904,S3-468191912	True
S1-520133082	S2-245580558,S3-102777872,S3-681030693,S3-326304786	True
S1-443594966	S3-348410860,S3-423058611,S3-362666516,S3-224265484	True
S1-935675685		False
S1-638478963		False
S1-455633789		False
S1-120664263		False
S1-511182278	S2-35934862,S2-953349589,S2-798826489,S2-24308485	True
S1-543531116	S2-50687611,S2-137634812,S2-584851202,S3-833700610,S3-567162063	True
S1-578156160		False
S1-961808369	S2-651087991,S3-144825786	True
S1-765700913	S2-332562993,S2-981865065,S2-73923900,S3-983574882,S3-919191016	True
S1-446076342		False
S1-525361546		False
S1-940987050		False
S1-505459835	S2-992081072,S2-763508635,S2-384680828,S3-339127777	True
S1-646264869		False
S1-388317372		False
S1-612309146		False
S1-300376579	S2-237962623,S3-802641037,S3-718336987,S3-912692274,S3-291208247	True
S1-350188142		False
S1-872978368	S2-841987081,S2-758415172,S3-250951481,S3-111774368,S3-163198949,S3-255880742,S3-122884601	True
S1-214761258	S2-478394637,S3-729748421,S3-516746621,S3-716389318,S3-151865536	True
S1-585732849	S3-872570928,S3-488111372,S3-985095221	True
S1-518917532		False
S1-211173426		False
S1-948882004		False
S1-891503792		False
S1-997772957		False
S1-10547699	S2-69730550,S3-7448825	True
S1-960399929	S2-555045642,S2-568236967,S2-573228106,S3-802006451	True
S1-176830169		False
S1-365746039		False
S1-57977273		False
S1-114981820	S3-432080659,S3-173296292,S3-869681967,S3-313190413	True
S1-488632598	S3-741352631	True
S1-554670185	S2-32224650,S2-105239947,S2-516862023,S3-71560251,S3-220046581,S3-591834506	True
S1-497950600	S2-230978217,S3-593968660,S3-898482363,S3-623143760	True
S1-645342612	S2-176978352,S3-545373861,S3-248714255	True
S1-359293693	S2-316355123	True
S1-425307461	S2-705210929,S2-899718233,S3-35442989	True
S1-412795311	S2-921966092,S2-936007725,S2-365801019,S2-336150387,S3-963514245,S3-867567149	True
S1-455194351	S2-990795787,S3-864662,S3-395714835	True
S1-856146948		False
S1-733140345		False
S1-601495995		False
S1-422322428	S2-446093518,S2-483073183,S2-500170168,S3-969341414	True
S1-308311662		False
S1-770766219	S2-501736606,S3-660859916,S3-726633582,S3-688377522	True
S1-479267127	S2-11699271,S3-162966507,S3-755692475	True
S1-984184196		False
S1-310056396	S2-475398735,S2-640824524,S2-770241701,S3-105117764,S3-911548361	True
S1-722509023	S2-894056721,S3-939235013	True
S1-450025490		False
S1-207872708	S2-913683294,S2-892830752,S2-62295081,S3-379873785,S3-581016324,S3-95877733,S3-24052974	True
S1-346326233		False
S1-807955698	S2-488325449,S2-275356593,S3-343201112	True
S1-116794114		False
S1-431310565		False
S1-827156051		False
S1-507366593	S2-464651651,S2-467714338,S3-613674055	True
S1-154647760		False
S1-43918055	S2-510463862,S2-306869630,S2-450991562,S3-831639531,S3-495493450	True
S1-451517014	S2-304897815,S2-170565665,S3-226667522,S3-455152256,S3-217624947,S3-745227844	True
S1-118941892		False
S1-498736267		False
S1-339303772	S2-694787519,S2-576176534,S2-76937724,S3-609123373,S3-892935599	True
S1-460620358		False
S1-116429132	S2-472091448,S3-366278506,S3-328501954	True
S1-787356813	S3-670641247	True
S1-640989837	S2-172737209,S2-394681454,S3-214969214,S3-193767989	True
S1-780202838		False
S1-898318624	S2-372138662,S3-199713337,S3-300488578,S3-768053347,S3-292597453,S3-133360960	True
S1-228801689		False
S1-181412203		False
S1-689116266	S2-553653932,S2-598636155,S3-222563468,S3-557217461	True
S1-643258978	S2-424649700,S3-643075908,S3-234579094	True
S1-39158324		False
S1-572028408	S2-821472422,S2-470648888,S3-955042567,S3-849091709,S3-476721931	True
S1-491691087		False
S1-159548556		False
S1-968408696		False
S1-407343900	S2-757707139,S3-42019146,S3-686928965	True
S1-800686839		False
S1-853827273		False
S1-573088411	S2-474703748,S2-526211216,S3-579064388,S3-592036801,S3-351124201,S3-699636136	True
S1-36199501		False
S1-566232636		False
S1-45034460	S2-861673641,S2-199039767,S3-157523536	True
S1-281614334	S2-536308535,S2-710943359,S2-958029867,S3-150472140	True
S1-951031587	S2-188163608,S2-892381181,S2-263553853,S3-189559889	True
S1-479330489		False
S1-664422436	S3-666185417,S3-173626480	True
S1-95999524	S2-884744316,S2-44545226,S2-731759408,S2-532898923,S3-285967651,S3-101117739	True
S1-856652875	S2-654542044,S2-665777240,S2-600248029,S3-773761647	True
S1-201366118		False
S1-745375453	S2-720109585,S2-148190059,S2-620086331,S3-190768186,S3-376450717,S3-658686252,S3-467891361,S3-842436224	True
S1-188300957		False
S1-818015342	S2-620738899,S3-47403165,S3-384974605	True
S1-195204694		False
S1-687482965		False
S1-726247181	S2-820090143,S2-992700909,S3-380934362	True
S1-874994055	S2-572522554,S2-21472999,S3-239677444,S3-619835048	True
S1-703600535		False
S1-636831464	S2-209651678	True
S1-312259151		False
S1-699969082		False
S1-108080297	S2-298380796,S3-659554701,S3-269886007,S3-15822822,S3-684924487	True
S1-744329283	S2-173304348,S2-357669474,S3-436931563,S3-262016330	True
S1-906757470		False
S1-55456228		False
S1-247003809	S3-789161096,S3-672542994,S3-893372563	True
S1-83913284		False
S1-476948821	S2-683881795,S2-257494524,S2-223998323,S3-537012027	True
S1-323789968	S2-592994197,S2-279917048,S2-208285826,S3-188939766	True
S1-786529424	S2-101894955,S2-258399965,S2-226398806,S3-957097491,S3-652635459	True
S1-127992670	S2-145576052,S3-703931585	True
S1-603990308	S2-277267389,S2-881883219,S3-814649994,S3-320492405	True
S1-37212448		False
S1-963982024		False
S1-393846543	S2-817945905,S3-721629280,S3-287234317	True
S1-313733446	S2-679494192,S2-410204139,S3-980389880	True
S1-237536924		False
S1-130419468		False
S1-138311491		False
S1-334844957		False
S1-843360525		False
S1-78671017	S2-238069671,S3-921050496,S3-811989936	True
S1-199010460		False
S1-896129582	S2-609439246,S3-33313107,S3-749741849	True
S1-14906145	S2-305693858,S2-34065675,S3-24677601,S3-187701543,S3-70232860	True
S1-111731601	S2-613553689,S3-476067086	True
S1-550645018	S2-159168026,S2-296070333,S2-934254382	True
S1-977692138	S2-21173955,S2-747589581,S2-842889461,S3-951543559	True
S1-53944892	S2-928473474,S2-486398608,S3-668987242,S3-283362551,S3-803086743	True
S1-293338862		False
S1-975943753	S2-90438380	True
S1-837295523	S3-554212259,S3-2775891	True
S1-686606677		False
S1-538344530	S2-994153786,S2-233005110,S3-778600447,S3-79780702,S3-688937928,S3-447571085	True
S1-994558426	S2-692626996,S2-337084671,S2-944585599,S2-832370457,S3-43543532,S3-840497110,S3-984879477	True
S1-198426992		False
S1-710520443		False
S1-437257915	S2-21464422,S2-265793747,S3-87887765	True
S1-396788068		False
S1-401353970		False
S1-409665627		False
S1-78643086	S2-342645607,S3-215160196,S3-500262552	True
S1-148047491		False
S1-559123495		False
S1-240916563	S2-605185837,S2-260470505,S3-575933477	True
S1-717790845	S2-938094457,S2-849488486,S2-535684935,S3-504143734,S3-675456626	True
S1-904267993		False
S1-378750462		False
S1-977460506	S2-177736271,S3-45203679	True
S1-468992007		False
S1-130546000	S2-528704844,S2-769399323,S3-59986992	True
S1-258472293	S2-714019997,S2-946487491,S2-310140418,S2-377804973	True
S1-370736918		False
S1-240350471	S2-186842801,S3-548209566,S3-935403013	True
S1-720049331		False
S1-102887166	S2-553166445,S2-615006532,S2-631944361	True
S1-755503860		False
S1-303484483		False
S1-69576799		False
S1-147782389	S2-772286971,S3-359612178	True
S1-518254175		False
S1-850671121	S2-203952971,S3-192401531	True
S1-11691508		False
S1-378556663		False
S1-915625601		False
S1-808171277	S2-449964566,S3-301602686,S3-327891630,S3-360696580,S3-523036676	True
S1-739316556		False
S1-320440339	S2-452861489,S3-652871378	True
S1-145061440	S2-181570634,S2-560443780,S2-811487764,S3-702571022,S3-800740471,S3-392845411	True
S1-731913308	S2-959276451,S2-567433069,S2-417932683,S3-164056235,S3-257979775,S3-761110792,S3-37163831,S3-940166721	True
S1-512031684	S3-562934497,S3-586896897,S3-57586675,S3-113098300,S3-297008771	True
S1-354618180		False
S1-194543626		False
S1-878348144		False
S1-885242026		False
S1-883889468	S2-514453453,S3-956244843	True
S1-6707239		False
S1-204885410		False
S1-771208350	S2-507230547	True
S1-512078831		False
S1-232893195	S2-375648010,S2-476644604	True
S1-842017661		False
S1-971433318	S2-282554035,S3-240264130	True
S1-623424909	S2-946262775,S3-631037697	True
S1-21401731		False
S1-78574301		False
S1-144618487		False
S1-755545832		False
S1-972255840		False
S1-974171680	S2-567911305,S3-835594137,S3-454763655,S3-109247619	True
S1-987477882	S2-240940534,S2-479001712,S2-563186274,S3-129466495,S3-801176793,S3-305462202	True
S1-101981799	S2-439796435,S2-174128730	True
S1-332349082	S2-659893927,S3-684503738,S3-803682751	True
S1-550245998		False
S1-2584146	S2-554391244	True
S1-325637521	S2-13311933,S2-850662657,S2-984320707,S3-289851441,S3-969476799	True
S1-870165905	S2-619911117,S2-612375894,S2-136152433,S3-721787092	True
S1-585787971	S2-78198257,S3-657338334,S3-820812877,S3-993687202	True
S1-404340928	S3-799329664,S3-573751032,S3-171666531,S3-651734867	True
S1-231582252	S2-317240126,S3-713278925	True
S1-684521934		False
S1-273650115	S2-575794261,S2-841677400,S2-35251766,S3-989306205	True
S1-633840389	S2-15742640,S2-506759207,S3-426788264,S3-93288078	True
S1-549723990	S2-145202852,S2-866323243	True
S1-288042159	S2-817604123,S2-205157190,S3-947412355,S3-321056804,S3-168065945	True
S1-417694869	S2-68217509,S2-844079936,S3-462476512,S3-318875132,S3-614348745,S3-134711379	True
S1-435795697	S2-655084022,S2-723746309,S2-407739370,S3-261528469	True
S1-820879380	S2-857209923,S2-556486594,S2-214003027,S3-164379625,S3-785871781	True
S1-83281136	S2-655894909,S2-539937253,S2-757568729,S3-588156316,S3-127692635	True
S1-107167586	S2-711546123,S3-987391916,S3-343354727	True
S1-135234330	S3-893941272	True
S1-689423535	S2-504819789,S3-784136582	True
S1-732556286		False
S1-118328096	S3-722058629,S3-558018257,S3-949528256	True
S1-856974874	S2-752966333,S3-485970749,S3-873697022	True
S1-224757756	S2-861352216,S2-207785393,S2-273423639,S3-166378552,S3-602524152	True
S1-862020647	S2-571401925,S2-710116401,S3-114398684,S3-22124083,S3-576957286	True
S1-716092069		False
S1-131573675		False
S1-33253931	S2-924140010,S3-965318374	True
S1-52609275	S2-914258883,S3-740620211	True
S1-383667234	S3-320164339	True
S1-998275910	S2-839200729,S3-752780535	True
S1-643320865		False
S1-18563044	S2-987134185,S3-276916189,S3-594792493,S3-214701441	True
S1-796209862	S2-564915079,S2-82697610,S3-152151906,S3-456130565	True
S1-623969029	S2-730719298,S2-685016833,S3-600366533	True
S1-376975952	S3-670833645,S3-379791870,S3-123026301	True
S1-537328256		False
S1-720702800	S2-912765563,S3-785926534	True
S1-529461136	S2-710552977,S2-566221649	True
S1-846199519	S2-612386913,S2-869601918,S3-907716734	True
S1-844341542	S2-26534816,S2-54829896,S3-986870080,S3-558104463,S3-364996810	True
S1-21737615	S2-514566816,S3-134123940	True
S1-108100194	S2-967883742,S2-931327894,S3-394491924	True
S1-504588561	S2-47417376,S2-336271228,S2-232220524,S2-73767300,S3-992379323,S3-119434001	True
S1-119713377	S3-842543816,S3-964529253,S3-50355661	True
S1-931707300	S2-113417405,S3-709665378	True
S1-106409559	S2-866179030,S3-481792905,S3-829589612	True
S1-646823318	S3-519985149,S3-703855340	True
S1-672396980		False
S1-143886577		False
S1-475505880		False
S1-156150660		False
S1-901443297		False
S1-712979371	S2-931033192,S3-737012118	True
S1-238801288		False
S1-113757176	S2-658260064,S2-287738135,S3-310077815	True
S1-547333443	S2-238495768,S2-561955617,S3-209673301,S3-220262425,S3-885784782	True
S1-754855259	S2-21574914,S3-260383570,S3-255909157,S3-532402933	True
S1-349084068		False
S1-864475748	S2-678039793,S2-811880140,S2-588932047,S2-60361771,S3-116063149,S3-214377571	True
S1-889358116		False
S1-847108598	S2-337508277,S3-629263839,S3-725521941,S3-489361215	True
S1-895952864	S2-996668914,S3-825622383	True
S1-863128968		False
S1-734058199		False
S1-338152273	S2-811082358,S2-906671214,S3-366320428,S3-557941789	True
S1-635013960	S2-902599213,S3-475337711,S3-934241499,S3-375415204	True
S1-163671346		False
S1-143722538	S2-76160963,S2-964664812,S3-391744266,S3-706556798	True
S1-35465259		False
S1-902384653		False
S1-112005347		False
S1-96543633	S2-197901436,S2-941895960,S3-357620850,S3-501179830,S3-204612046	True
S1-161996828		False
S1-758604235	S2-878381602,S2-875857989,S3-31427094,S3-975731564,S3-768795014,S3-558717463	True
S1-190881633		False
S1-837143730	S2-892022345,S2-173034540,S2-224758489,S3-579973011,S3-696751046	True
S1-808342799	S2-287445896,S3-253425184	True
S1-416561378		False
S1-698846638	S2-190187219,S2-761354097,S2-95677989,S3-668017219	True
S1-58697005	S2-390155429,S2-517642791,S2-706001597,S2-848309726,S2-231500180,S3-302578460,S3-644861067	True
S1-533340814		False
S1-381725614	S2-740027592,S2-20558309,S2-291959379,S3-509512793,S3-892726537,S3-536930184	True
S1-327801187	S2-709706984,S3-978462248,S3-528141391	True
S1-599231357	S2-909132211,S3-317221046	True
S1-419582734		False
S1-608400224		False
S1-312530181		False
S1-343994843		False
S1-843420277	S2-104802320,S3-705761461,S3-497082746	True
S1-147493974		False
S1-31991587		False
S1-920849540	S3-452701290	True
S1-3939228		False
S1-279483159		False
S1-737365		False
S1-30132989		False
S1-525657480	S2-376266251,S3-35918050	True
S1-17107053		False
S1-852185613	S2-722128743,S3-576317613,S3-63056942	True
S1-81942067	S2-574801910,S3-578848321,S3-593527921,S3-325946491	True
S1-968768788		False
S1-625473389		False
S1-336243193	S2-501528675,S3-434439148,S3-376692498	True
S1-109424906	S2-903353918,S3-137167478,S3-788370324,S3-798229717,S3-520474518	True
S1-785891343		False
S1-1979163		False
S1-180631458		False
S1-79315157		False
S1-374789441		False
S1-721463157		False
S1-920681186		False
S1-542557193	S2-585218152,S2-692255754,S3-556249586,S3-702329763,S3-226197173,S3-190120271	True
S1-843683159		False
S1-874122977		False
S1-999089061	S2-83434090,S3-410463249,S3-953028432,S3-872695525	True
S1-460664998		False
S1-125022042	S2-865014737,S2-274614383,S3-2735184	True
S1-142930298		False
S1-989129281	S2-456007763,S3-378591702	True
S1-426490789		False
S1-203237389	S2-715482448,S2-622593863,S2-285042480,S3-117076526,S3-957308731	True
S1-41444638		False
S1-843067604	S2-574085300,S3-458009994	True
S1-402030857	S2-948306008,S2-945256130,S3-505600635	True
S1-809222668		False
S1-291345084	S2-875942425,S3-606770742,S3-215422815	True
S1-437928704		False
S1-271537696	S2-585302820,S2-994071337,S3-195674955	True
S1-43960410		False
S1-553753795	S2-211236167,S3-405114967,S3-208974915	True
S1-596408446	S2-640806383,S2-905694337,S2-70210707,S2-190968708,S3-429444410,S3-73810793	True
S1-465150591	S2-957550360	True
S1-340442244	S2-402105514,S3-184454066	True
S1-216094205	S2-812193070,S3-520370567,S3-76556614	True
S1-869192359		False
S1-669536935		False
S1-18885378	S2-757786551,S2-269183363,S3-920705480,S3-186955948	True
S1-894700354		False
S1-570757801	S2-797667597,S2-181166865,S3-222536686,S3-211476033	True
S1-331768251		False
S1-529553394		False
S1-328525684		False
S1-774413131		False
S1-311326799		False
S1-358171837		False
S1-347831148	S2-594458564,S2-570974415,S3-252229723	True
S1-384100207		False
S1-990706478		False
S1-209703125	S2-90398511,S3-810524561	True
S1-825699716		False
S1-30198656	S2-442625055,S2-133102603,S3-142102725	True
S1-583948800	S2-874077376,S3-695638447	True
S1-140092431	S3-238619986	True
S1-109732543	S2-908351421,S2-583957243,S2-394637681,S2-14029202,S3-364523044,S3-713404452	True
S1-798308475		False
S1-2898847	S2-236905007,S2-621330437,S2-342957131,S3-23988189,S3-44497343	True
S1-800593000	S2-953525658,S2-879218963,S3-748780617,S3-601900886	True
S1-47477787	S2-105032052,S3-960321490	True
S1-965797113		False
S1-404612498	S2-381590982,S2-974444206,S3-713238053,S3-310284825	True
S1-431096023		False
S1-829702842		False
S1-362551195		False
S1-100704029		False
S1-45215946		False
S1-916664412	S2-176047728,S2-787498672,S3-738724484,S3-41341650	True
S1-965736947		False
S1-438446317		False
S1-73388185		False
S1-136343328	S2-442069497,S3-99986130	True
S1-679597368	S2-856809780,S3-638228114	True
S1-470253994	S2-200078866,S3-97552525,S3-678493349,S3-673411712	True
S1-228544377		False
S1-356306884	S2-488547950,S2-246574963,S3-294247629,S3-193713668,S3-550523511,S3-259694393	True
S1-997170993		False
S1-910730533		False
S1-190802487		False
S1-242493421	S2-68982571,S3-845206220	True
S1-982101986		False
S1-548894519		False
S1-663384925	S2-227597115,S2-79587092,S2-423892736,S2-611704229,S2-56435898,S3-236508213	True
S1-446230845	S2-874470116,S3-928947313,S3-40126029,S3-274170782	True
S1-778091298		False
S1-373127295	S2-96248142,S3-422330030	True
S1-280522978		False
S1-359774147	S2-673733908,S3-707884527	True
S1-948681301	S2-763809607,S3-525191790,S3-949193996	True
S1-918627807		False
S1-263357749	S2-413240292,S3-755246754,S3-240963797	True
S1-886904784	S2-615256528,S2-985459060,S2-714220664,S3-695559995,S3-441919901,S3-876719166	True
S1-998085130	S2-862988004,S2-652445255,S3-696185321	True
S1-184536660		False
S1-627904561	S2-133353307,S2-921003565,S3-924448095,S3-65633704,S3-947290620	True
S1-513452957	S2-514340549,S2-540299760,S3-363555015	True
S1-236447054		False
S1-634100503		False
S1-814969959		False
S1-163467048		False
S1-991748892		False
S1-464772012		False
S1-519601426		False
S1-974629546		False
S1-656781159		False
S1-346871887	S2-931028577,S3-40893821,S3-235510498,S3-960921233	True
S1-524249106		False
S1-244995753	S2-46440729,S3-718915378,S3-565524167	True
S1-376156990	S2-275519044,S2-827203187,S2-814299165,S2-270992967,S3-629326191,S3-841133063	True
S1-876465472		False
S1-492262418		False
S1-641961573		False
S1-566777208	S2-804056088,S2-272448880,S3-673466916,S3-806445818	True
S1-986626906	S2-624204794,S3-241126113,S3-976765972	True
S1-362208768	S2-667785887,S3-888912170	True
S1-621283459		False
S1-301951507		False
S1-928784501		False
S1-890681164		False
S1-102691444	S2-215765643,S2-899505195,S3-984443667,S3-777262105,S3-688943240	True
S1-103988845		False
S1-886760909		False
S1-60371630	S2-274580765,S3-790160341,S3-756936931	True
S1-393378749	S2-15084197,S3-766998734	True
S1-49403883		False
S1-196974912	S2-792924614,S2-671063597,S2-438839572	True
S1-10395760	S3-13982391	True
S1-151534818		False
S1-701534212		False
S1-29954617	S2-937074716,S2-893083310,S3-76219845	True
S1-450957677	S2-368334104,S2-996251047,S2-765152369,S3-418077075	True
S1-671753425	S2-539778117,S3-930473730,S3-275019477	True
S1-700491574	S2-538471931,S3-105914128,S3-1811614	True
S1-879606548	S2-245710375,S2-570970037,S2-42730382,S3-230461317,S3-457157169	True
S1-212023719		False
S1-344686528	S2-406899657,S2-574079234,S2-283762828,S3-798356240,S3-684608883	True
S1-125850115		False
S1-897019138	S2-365614701,S3-125966320,S3-128182676	True
S1-103592362	S2-265634064,S2-309629940,S3-510154452	True
S1-251780533	S3-516992218,S3-835066249	True
S1-77087244	S2-615100151,S2-633939858,S2-74296312,S3-795936463,S3-599397869	True
S1-543162534	S3-848721011	True
S1-735017534		False
S1-818900895		False
S1-710227082	S2-539062195,S3-674664298,S3-227642479	True
S1-730681258	S2-377527583,S3-445434059	True
S1-990747278		False
S1-728858135	S2-750685777	True
S1-637297876		False
S1-314321216	S2-936893515,S2-366875846,S2-350489520,S2-509173170,S3-241981671	True
S1-77015563	S2-584598934,S2-721113970,S2-919025520,S2-305617104,S3-111984564,S3-761673189	True
S1-481738922	S2-624438325,S3-714816385,S3-419269246,S3-97658660	True
S1-675183178		False
S1-539833668		False
S1-248618254		False
S1-365619995	S3-342903089	True
S1-501065799		False
S1-407652332	S2-644982801,S2-553149179,S3-574457643,S3-692144062	True
S1-125567709	S2-428461674,S2-366119429,S3-264939201,S3-58824320	True
S1-336793589		False
S1-400816196		False
S1-950329460	S2-964457206,S2-288846690,S3-895180814	True
S1-423644737		False
S1-882982576		False
S1-261292209		False
S1-583065030		False
S1-628291909	S2-397480498,S2-459608662,S3-206227526,S3-715278528	True
S1-328591828	S2-106103820,S3-742329194,S3-437196554,S3-688085084,S3-942085060	True
S1-351262945		False
S1-818535124	S2-581918034,S3-429072333	True
S1-244262663		False
S1-981040817	S2-862490793,S3-113416178	True
S1-607581068	S2-677594996,S3-171502222,S3-652114949	True
S1-737469359		False
S1-165851650		False
S1-380569288	S2-982538794,S2-480832066,S3-406862507,S3-124113812,S3-993983123	True
S1-411777206		False
S1-807676119	S2-852499973,S2-703445434,S3-285620921,S3-243647078	True
S1-239888323		False
S1-742081046		False
S1-727655722		False
S1-661297112		False
S1-668535438		False
S1-236586420		False
S1-675070772		False
S1-535054121	S2-993836401,S2-459396163,S2-113328539,S3-326356764,S3-961269131	True
S1-899603191	S2-338822719	True
S1-385621078	S2-429242766,S3-541917291,S3-843998671,S3-949375472	True
S1-838892212	S2-701902278,S3-220088381,S3-966576057,S3-320877820	True
S1-755993490	S2-499410718,S3-629538531	True
S1-511174856	S2-642374375,S3-385215249	True
S1-833399880		False
S1-46996577	S3-509335248,S3-206487058	True
S1-345702728	S2-653725000,S2-299891340,S3-523511823	True
S1-829333676		False
S1-924305258		False
S1-660708819	S2-423667989,S2-301126965,S3-242909255,S3-52508571,S3-416639535	True
S1-969064304	S2-806640894,S3-91898899,S3-683784996	True
S1-447612173	S2-441680923,S2-230013445,S2-874586529,S2-86971411,S2-823784208	True
S1-370862863		False
S1-258006057	S2-389875990,S2-100831515,S2-394076915,S2-802281897,S3-390703069	True
S1-315397358		False
S1-153731669		False
S1-728395375		False
S1-559392930	S2-835791286,S2-336644960,S3-258843804,S3-775760450	True
S1-101568813		False
S1-273600533		False
S1-384154648	S2-843899563,S2-966291146,S2-281625119,S2-626449067,S3-324938956,S3-635179680,S3-934260799	True
S1-323704151	S2-916978864,S3-487147189,S3-888430718	True
S1-928539751		False
S1-164122853		False
S1-772519736		False
S1-138248815	S2-926752006,S3-657597731	True
S1-456056713		False
S1-311025874	S2-878847119,S2-963121103	True
S1-911184765	S2-353473467,S2-335387362,S2-755885058,S2-229948108,S3-329002586	True
S1-747612157	S2-136892989,S3-612308645	True
S1-149095269		False
S1-264303751	S2-324253556,S2-475306200,S2-449687282,S3-802890349,S3-99680226	True
S1-772218797	S2-371459469,S3-555957380,S3-261033296,S3-659476398,S3-858663180	True
S1-234442250		False
S1-80955266	S2-605649980,S2-514553242,S3-879983764	True
S1-361061770	S2-775726007,S3-780688956,S3-202068617,S3-104453499	True
S1-682256775	S2-233781234,S2-545169100,S3-913547080,S3-369340910,S3-642465351,S3-69199890,S3-855700321	True
S1-474418489		False
S1-918647743	S2-613031035,S2-220342673,S2-319013837,S2-299449472	True
S1-282169659		False
S1-195916396	S2-557077366,S2-466592377,S3-239740276,S3-368579592	True
S1-262427682		False
S1-968715504	S2-802272129,S2-648088515,S2-331056965,S3-357621565,S3-147762010	True
S1-71178078	S2-211906324,S3-369979831,S3-360888427	True
S1-655798168	S2-267295876,S2-26965650,S2-414004868,S2-464827315,S3-592254119,S3-173440367,S3-349028328	True
S1-132484944		False
S1-32364386		False
S1-134168940		False
S1-958611609		False
S1-633723995	S2-385790975,S3-493065888,S3-442589198	True
S1-802939640		False
S1-649582814		False
S1-875838295	S3-800248341,S3-814146409	True
S1-683606660	S2-765197631,S3-410805863	True
S1-295486843	S2-878624551	True
S1-568363481		False
S1-102862880	S2-692681715,S3-807142931,S3-602650602,S3-927550208	True
S1-328697606		False
S1-449540809		False
S1-391069618	S2-509594403,S3-264771345,S3-816011962,S3-30202968,S3-37693649	True
S1-533676124		False
S1-463594964		False
S1-392337695	S2-134984820,S3-31174770,S3-70306285,S3-909861178	True
S1-352410164	S2-529878721,S2-806000403,S2-173180488,S3-614631957,S3-597972927,S3-222478951	True
S1-25180465	S2-309813623,S3-658959165	True
S1-263324172		False
S1-683013204	S2-73234578,S2-263564952,S3-68467120,S3-277623959,S3-943456553,S3-131096407	True
S1-803960865	S2-723810835,S2-726988826,S3-522467041	True
S1-803902120	S3-936090641,S3-87806743	True
S1-192283318		False
S1-736818038		False
S1-408683571		False
S1-908414339		False
S1-643605172		False
S1-81863573		False
S1-633221677	S2-971885547,S2-862919575,S3-242611899,S3-32950411,S3-156518260,S3-919322850	True
S1-920767929		False
S1-758137767		False
S1-409864833	S2-296616305,S2-535876299,S2-994115603,S2-815586492,S3-690449634,S3-778372279,S3-864091508	True
S1-481929987	S2-360649680,S3-116933609	True
S1-70527755		False
S1-927343352	S2-330482382,S2-197510989,S3-419844869,S3-699236527,S3-725205126	True
S1-862922177		False
S1-284761793		False
S1-750942007		False
S1-827458315	S3-765126597	True
S1-362813371		False
S1-72599807	S2-851039429,S3-689297703,S3-915372898,S3-344049848,S3-586207481	True
S1-800675569		False
S1-745229912		False
S1-67368405		False
S1-186711404		False
S1-772103691	S2-784832265,S2-549080275,S2-391611615,S3-916943607	True
S1-877522686	S2-7069336,S2-462547347	True
S1-830161811	S3-9101886,S3-7608043	True
S1-341753973		False
S1-923125991	S3-485802123	True
S1-29489877	S3-478807022,S3-204913390	True
S1-663285982	S2-173425452,S3-657742711,S3-48680792,S3-847046220	True
S1-942245885	S2-851065974,S3-226536860,S3-154564463,S3-124833060	True
S1-646547543	S2-96245377,S2-697319340,S3-607665644,S3-532766065,S3-508081211	True
S1-127808718	S2-905911605,S2-302060477,S3-853353793	True
S1-34663346		False
S1-924252975	S2-338124638,S2-261523086,S3-818702383,S3-383811940	True
S1-385246263	S2-451182100,S2-309448615,S3-72588241,S3-401941267	True
S1-87885798	S2-833695661,S2-18062075	True
S1-211032651		False
S1-90950368		False
S1-828385663		False
S1-964392220	S2-789323946,S2-479851892,S2-39066368	True
S1-699433334		False
S1-498098269	S2-18805551,S2-881856319	True
S1-1524297	S2-303072506,S2-269495074	True
S1-976966677	S2-569737040,S2-346218961,S2-372865093,S3-101804871,S3-814746641,S3-255238441,S3-473402546,S3-710907766	True
S1-544093116	S2-390806701,S2-433472443,S3-563587845,S3-534311319,S3-439644938	True
S1-559818362		False
S1-150681567	S2-660930857,S3-465192297,S3-994921345,S3-609664979	True
S1-644495633	S2-822921305,S3-566669212,S3-327589131,S3-662637882	True
S1-618901233	S3-163907430,S3-283816162,S3-164322550	True
S1-505549090	S3-158455570,S3-146540110,S3-588978148	True
S1-501082048	S2-940708406,S3-72469935,S3-635898242	True
S1-779064958		False
S1-547853671	S2-1470167,S3-387776556,S3-206722601,S3-463065396	True
S1-17793593	S2-469584818,S2-419842512,S2-220010757,S2-341482223,S3-661206950,S3-115259533,S3-255931803	True
S1-636705041		False
S1-924815310		False
S1-244720724		False
S1-193824272		False
S1-901012858	S2-43561602,S2-628187847,S2-662490182,S3-766861681,S3-156455631,S3-514379529	True
S1-266470719		False
S1-897422495	S2-547662103,S3-987793237	True
S1-557125716		False
S1-785367750	S2-600967992,S2-363560975,S3-529447787,S3-173236494,S3-103119495	True
S1-659162953		False
S1-192054581	S2-419427452,S2-846911865,S2-866341458,S3-906291096	True
S1-251500183		False
S1-463896646		False
S1-682359261		False
S1-728849937	S2-620596020,S2-938308831,S3-169983154	True
S1-418366222		False
S1-736746817		False
S1-839071867		False
S1-724977189		False
S1-380009014		False
S1-362728542		False
S1-852968918		False
S1-543658046		False
S1-140572299		False
S1-930025638	S2-107370946,S2-610772167,S3-844637940,S3-841525277,S3-950032948	True
S1-139655714	S2-175020575,S3-216814787,S3-800488324	True
S1-58825875	S2-527701347,S2-155070464,S2-811786742,S3-396437194,S3-783589415,S3-100082834	True
S1-351864385	S2-419497879,S3-86267163,S3-419630701,S3-959915224	True
S1-974680124	S3-635801364	True
S1-712193880	S2-396228267,S3-943959729	True
S1-896749997		False
S1-644304901		False
S1-140572623		False
S1-940018934	S2-732350106,S2-973673150,S2-423211922,S3-173742220,S3-25114773,S3-128212487	True
S1-113965562		False
S1-950337204		False
S1-396224203	S2-37385585,S2-986540283,S2-210827304,S3-760315311,S3-92584376,S3-194520869	True
S1-350722896		False
S1-812226184	S3-493352106,S3-950830069,S3-180824145	True
S1-471411100		False
S1-202834513		False
S1-486231829		False
S1-753656114		False
S1-62679315	S3-537749857,S3-59494079	True
S1-530488731		False
S1-183890201	S2-411811771,S2-977952895,S2-136934256,S3-988759574,S3-647681734	True
S1-886175425		False
S1-619252932		False
S1-737283807	S2-403156077,S3-611041254	True
S1-523009913		False
S1-827484874		False
S1-354467859		False
S1-314118100		False
S1-261280545		False
S1-557510852	S2-450268553,S2-565874526,S3-725187667,S3-709931240,S3-629007875	True
S1-942221121	S2-457419208,S2-833207357,S2-852081420,S2-953882379	True
S1-383191466	S2-557840970,S2-766347667,S3-385822368	True
S1-132534646	S2-485204345,S2-987029582,S3-505491171,S3-855697915	True
S1-521452324	S2-312491375,S2-413621723,S2-626974396,S2-925364759,S3-639835115,S3-320893117,S3-13972765,S3-97871531	True
S1-563055424	S2-599213360,S2-981439513,S2-873622677,S3-871433226	True
S1-156341202		False
S1-871799615	S2-820588917,S2-77385458,S3-46498008	True
S1-189209199	S2-209453207,S2-461287598,S3-389815994,S3-134279468	True
S1-490484155		False
S1-755384844		False
S1-457317145	S3-793470539,S3-692783994	True
S1-494287518		False
S1-69654973		False
S1-951777981	S2-580908608,S3-426075392,S3-320903334	True
S1-460063100	S2-14195946,S2-778645897,S2-237648241,S3-390963345,S3-870235161	True
S1-359380209	S2-130882710,S2-808013677,S2-334701743	True
S1-479796352	S2-15376397,S2-543626644,S3-834497491	True
S1-171580418		False
S1-339327975		False
S1-903214028		False
S1-10575385		False
S1-995402189	S2-440310355,S2-980353506,S3-514885703	True
S1-819420317		False
S1-856367760		False
S1-863678679	S2-78390835,S3-950103260	True
S1-773004027	S2-369946970,S3-367196811	True
S1-888455692	S2-263667797,S2-285246557,S2-897388937,S3-72434223,S3-264591674,S3-380998001	True
S1-440616992		False
S1-617060759		False
S1-806067188		False
S1-419331363	S2-541252682,S2-677538842,S3-657263991,S3-954790871,S3-429813333	True
S1-668041530		False
S1-365780267	S2-798747745,S3-667923567	True
S1-206672032	S2-782977761,S3-392949836	True
S1-904520095		False
S1-917470861	S2-399962422,S2-299938820,S2-511762332,S3-692602143,S3-573472009,S3-321467962,S3-283441827	True
S1-995927158	S2-941181356,S2-507187500,S2-733341500,S3-418194970,S3-786118934,S3-206488160	True
S1-50153204		False
S1-570925570		False
S1-580231379		False
S1-778415695	S2-510194200,S3-414407907	True
S1-610736130		False
S1-448386410		False
S1-35817998	S3-859916231	True
S1-579579538		False
S1-508808759		False
S1-303508266		False
S1-612054217		False
S1-95273818		False
S1-870637827		False
S1-703332459	S2-881587359,S3-728117377,S3-127913437	True
S1-383874453		False
S1-736508606		False
S1-207924915		False
S1-749335099		False
S1-200051170		False
S1-960246361		False
S1-279950035		False
S1-408561828	S2-432710975,S2-759888834,S3-821288302,S3-641745629	True
S1-521209617		False
S1-33968687		False
S1-788762276		False
S1-350454814		False
S1-877474098	S2-103399679,S2-25260481,S2-208800270,S2-748870438,S2-923718203,S3-14381445,S3-766853371,S3-663482888,S3-496633581,S3-384568880	True
S1-809893631		False
S1-703618883	S2-544148375,S3-182078858,S3-800844062	True
S1-669919352		False
S1-82077373	S2-185419532,S3-73941166,S3-400161312	True
S1-908099113		False
S1-598311103		False
S1-441091372	S2-129112906,S2-863308565,S3-110440915	True
S1-268915495		False
S1-120125833	S2-590588169,S3-372993491,S3-988426976,S3-323866819,S3-418061429,S3-987311050	True
S1-682084467		False
S1-238895448		False
S1-811468738		False
S1-656971106	S2-907179750,S2-934037731,S3-543804329	True
S1-50464671		False
S1-698371774		False
S1-557421455	S2-771959162,S3-324167393	True
S1-692201623		False
S1-482985328		False
S1-152303899		False
S1-759544189	S2-708724524,S2-448813392,S2-514780583,S3-645053051,S3-644438056	True
S1-123980499	S2-628052249,S3-582559495,S3-443456163	True
S1-817387019	S3-355601137,S3-392086545,S3-971800983	True
S1-734682763		False
S1-856863513	S3-802467071	True
S1-394765061	S2-925427303,S2-854007378,S3-415147804,S3-293974481	True
S1-86534337	S2-724907256,S2-227833507,S3-239708787	True
S1-910622176	S2-329962354,S2-977341280,S3-345035785,S3-323514249	True
S1-199990883	S2-32441266,S3-159373294	True
S1-215002314		False
S1-234729353	S2-678836006,S2-166433039,S3-176727311	True
S1-851591742		False
S1-488850671	S2-367526079,S2-747498877,S3-655900839	True
S1-767550818	S2-648520088,S2-175397364,S2-774354768,S3-978332095	True
S1-24566712	S2-741699275,S2-601247342,S3-229114195,S3-691494893,S3-524142299	True
S1-566613776	S2-454709076,S2-962318702,S3-487226220,S3-622666260	True
S1-873211811		False
S1-340612755	S2-323194721,S2-343176826,S3-47547934,S3-560963633	True
S1-374558931		False
S1-938724406		False
S1-474758790		False
S1-589483365	S2-970736947,S3-84789267,S3-803732844	True
S1-221255301		False
S1-115900714		False
S1-835638436	S2-805519993,S2-819358369	True
S1-345195914	S2-722807527,S2-23413438,S2-464869761,S3-310549427	True
S1-689057133		False
S1-55750452	S2-749708340,S2-765481579,S3-230236997	True
S1-433281003	S2-658814545,S2-296210846,S2-250342896,S2-126859246,S3-481183497,S3-258700689	True
S1-983201782		False
S1-796913090	S2-251603420,S3-650079077,S3-453657650	True
S1-786986225		False
S1-503323856		False
S1-410131342	S2-666216593,S2-741920738,S3-181663129	True
S1-596047980		False
S1-197167178		False
S1-87799468	S2-16465429,S2-723039044,S3-424422868,S3-132591433	True
S1-428678365	S2-101054589,S2-869549932,S3-793573926	True
S1-692910390		False
S1-742739872		False
S1-162166367		False
S1-302168189	S2-898394301,S3-971426142,S3-598966868	True
S1-642297218		False
S1-148090008		False
S1-84807275		False
S1-659331010		False
S1-535684306	S2-701481840,S3-368249641	True
S1-337947849		False
S1-468830976	S2-750112269,S2-260061947	True
S1-521668323	S2-704872902,S3-547153935	True
S1-193612699		False
S1-545263347		False
S1-552278894		False
S1-2359528		False
S1-870288002	S2-658348463,S2-98779598,S2-106689606,S2-21323990,S3-514816240,S3-101012325	True
S1-932959290		False
S1-71592773		False
S1-240624975		False
S1-233005913		False
S1-211807311		False
S1-117904725		False
S1-611762359	S2-517421259,S2-93784335,S2-126327434,S3-311981095,S3-6820574	True
S1-521698630		False
S1-155542136		False
S1-967861642	S2-915202225,S2-910129549,S3-456064093,S3-33391370,S3-384636043	True
S1-16255381		False
S1-23559733	S2-729447036,S2-405433266,S3-422494527,S3-86478779	True
S1-100144651		False
S1-608637191		False
S1-258606959	S2-517093028,S2-770790273,S2-741523548,S3-803400981,S3-891456547	True
S1-941034251	S3-174698189,S3-872048922	True
S1-394382736		False
S1-727316059	S2-665659885,S2-389884728,S2-884644943,S3-328938932,S3-502489777,S3-297728837	True
S1-922364552		False
S1-330258836	S2-942609952,S2-814305287,S3-60836515,S3-229211593,S3-295127274	True
S1-410259000	S2-928492321,S2-728966891,S3-278190803,S3-995163787	True
S1-483451353	S2-278276469,S2-195587057,S2-504691510,S3-895323723	True
S1-577494631	S2-363861292,S2-930804375,S3-407419364,S3-557754482	True
S1-154849540		False
S1-883403317		False
S1-462282748	S2-290914379,S3-354187374,S3-739204279,S3-863809251	True
S1-295956345	S2-912624128,S2-70493417,S2-941314090,S3-981268981,S3-693678002,S3-452549531,S3-145830966	True
S1-407307815	S2-163679345,S3-259021085,S3-388150202	True
S1-719767317		False
S1-414219962	S2-234145838,S3-689829961,S3-137803	True
S1-488478997	S2-704651865,S3-788116641	True
S1-606435409	S2-119978585,S2-778459446,S2-115531116,S3-516151115,S3-901520586	True
S1-574495125	S2-470417363,S2-588221432,S3-366083168	True
S1-226503014		False
S1-235879036		False
S1-751497083	S2-299010521,S2-5592856,S3-876860663,S3-309170513	True
S1-620302375	S2-911770422,S2-474861640,S3-782116019,S3-478462430	True
S1-286335710		False
S1-569923427		False
S1-654655014	S2-502111791,S3-387489344	True
S1-785026593		False
S1-88058502	S2-450711390,S3-909069066	True
S1-262445052	S2-431473625,S3-435330586	True
S1-94438036	S2-925373689,S2-8236445,S2-328304168	True
S1-445663017		False
S1-978520847		False
S1-20377244	S2-969105945,S3-44537938	True
S1-541956218	S3-192355279	True
S1-460239844		False
S1-661492176		False
S1-234822185	S2-188521131,S2-939496438,S3-23952601,S3-525007894,S3-970451322,S3-408385125,S3-155621029	True
S1-588713736	S2-738836234,S2-30277432,S2-186875202,S3-704269465,S3-787296742	True
S1-414314413		False
S1-503681158	S2-654685066,S3-418154649	True
S1-178900294		False
S1-872068569		False
S1-776499430		False
S1-949918646		False
S1-47502804		False
S1-521949665	S3-365444270,S3-769173593,S3-633939901,S3-715852024,S3-172563298	True
S1-207153159		False
S1-322182866	S2-247750241,S2-365692616,S2-213777652,S3-446676933	True
S1-631365618	S3-519395684	True
S1-708407554		False
S1-183003829	S2-57547913,S3-248585065	True
S1-11888937	S2-267478204,S2-301534606,S2-544983642,S3-895713439,S3-971581616,S3-345814600	True
S1-890460872	S2-378612791,S3-290306013,S3-274545301,S3-558138936	True
S1-833378714	S2-614508943,S3-214264703,S3-205162322,S3-694106083,S3-253755756	True
S1-532820841		False
S1-842475591		False
S1-332178895	S2-28349695,S2-554298833,S3-453961604,S3-369723342	True
S1-120782487		False
S1-534595743	S2-38048009,S2-764108003	True
S1-485962649		False
S1-962581221	S2-164975682,S3-98003753,S3-71390380,S3-982560977	True
S1-628569785	S2-307072812,S3-63640509,S3-43834180	True
S1-322409074		False
S1-520977639		False
S1-902510726	S2-38206084,S3-475441246,S3-183200949,S3-784813550,S3-835494751	True
S1-266928383	S2-447875102,S2-136554344,S3-394972724	True
S1-494571167		False
S1-197457261	S2-352149951,S3-678217932,S3-90532588	True
S1-839902135		False
S1-833655905		False
S1-211033300	S2-594909395,S3-311130932	True
S1-712847515	S2-382994161,S2-562293114,S2-319591134,S3-483000412,S3-538555566,S3-500486249	True
S1-509672611		False
S1-381541173	S2-288602660,S2-976369765,S3-416699471,S3-379585963,S3-803962984,S3-10033023	True
S1-487683346	S2-553040856,S2-605896186,S3-270187498,S3-489836690,S3-742777523	True
S1-583296238	S2-811366500,S3-233044215	True
S1-236999208		False
S1-955925195	S2-821271760,S3-629718828,S3-83756161	True
S1-23278223		False
S1-258197339	S3-221579563,S3-789977158	True
S1-520063867		False
S1-507905585	S2-816799945,S2-866471075,S2-430547302,S3-325884609	True
S1-666225776		False
S1-165797353	S3-528579477	True
S1-769663309	S2-311038371	True
S1-568025190	S2-117065476,S2-708882345,S3-866055767	True
S1-336788709		False
S1-484316962		False
S1-891006047	S2-281898630,S2-560276010,S3-702225525	True
S1-667215690		False
S1-826778359	S2-486959658,S2-991023896,S3-616151396	True
S1-610608887	S2-836231120,S3-858999344	True
S1-136939469	S2-241810695,S3-716825140,S3-582310600,S3-304561401,S3-839406644	True
S1-840642383		False
S1-243922361		False
S1-117503984		False
S1-956850714	S2-227139239,S2-637862969,S3-592966479	True
S1-743971175	S3-766013126,S3-770095935	True
S1-827661298		False
S1-870102850		False
S1-863540685	S2-808091461,S2-984667243	True
S1-200672089	S2-213138470,S2-112363717,S2-354141723,S3-253760114,S3-343865208	True
S1-540713565		False
S1-173248818		False
S1-934093038		False
S1-498338022	S3-760335164,S3-769078243	True
S1-785625078		False
S1-945064363		False
S1-155226577	S2-401710572,S2-630161801,S3-858508604,S3-50762207,S3-116598794,S3-553928836	True
S1-976739814	S2-284788068,S2-666280987,S2-553895822,S3-159397847,S3-730903519	True
S1-185460564	S2-146136959,S2-689484569,S2-302224350,S3-750988845	True
S1-417327385	S2-544834136,S2-881984417,S2-810563940	True
S1-73678479		False
S1-569703854	S2-756525635,S2-537613550,S3-522204320,S3-998598680	True
S1-338836128		False
S1-523194182		False
S1-990045354		False
S1-981325048	S3-333692166	True
S1-464340699		False
S1-267873005	S2-921826908,S2-836327458,S3-684034259	True
S1-450119749	S2-794190660,S2-321781419	True
S1-939114631		False
S1-536617392	S2-485443954,S2-381902252,S2-829177503,S3-931649045,S3-582029112,S3-506190201	True
S1-116356940		False
S1-117101592		False
S1-181460942	S2-237488190,S2-832420974,S2-542160147,S2-939621277,S3-367667662	True
S1-840455638	S2-144522730,S2-610706849,S2-734556608,S3-846597209,S3-503674015,S3-22191937,S3-253043762	True
S1-799167997		False
S1-554120733		False
S1-198232087		False
S1-334596520		False
S1-467688939	S2-513042913,S3-164594091,S3-163169119,S3-443178689,S3-757600069,S3-73154652	True
S1-957591047	S2-445046777,S3-357776948,S3-384985066	True
S1-751508433	S2-365109222,S2-483263961,S2-167513001	True
S1-311168815	S2-214134729,S3-834818079,S3-261413589	True
S1-736545476		False
S1-910889148		False
S1-543280683	S2-923171851,S2-358629467,S3-522022835	True
S1-430073602		False
S1-403365722	S2-112504288,S2-65450010,S2-444643841,S2-572506215,S2-380605552,S3-618843362	True
S1-621398752	S2-201231212,S2-602293511,S3-961507807	True
S1-724351272	S2-294014396	True
S1-136942403		False
S1-327324165	S2-126790875,S2-224492152,S2-588584394,S3-119650380	True
S1-335223835		False
S1-600147061	S2-928355269,S3-190692304	True
S1-477621996	S3-604335786,S3-325295274	True
S1-963705255	S2-628286184,S3-960998306,S3-956279720	True
S1-602837312	S2-653031750,S3-441916072	True
S1-500075178	S2-551669703,S2-473347127,S3-520574356	True
S1-998036811		False
S1-27607253	S2-595582509,S2-362919525,S3-16126444	True
S1-47705747		False
S1-358226757		False
S1-942805100		False
S1-257900989	S2-833460755,S2-188861348,S3-72222752,S3-671530342	True
S1-993668353	S2-828519849,S2-809703463,S3-876969368,S3-157783596,S3-495188519	True
S1-261422233	S2-491607861,S2-766010417,S3-698660622	True
S1-259477718	S2-851605375,S3-734455807	True
S1-961919555		False
S1-605591734	S2-846771370,S2-398051743,S2-536003624,S2-830651138,S2-868742085,S3-951672389,S3-407622076	True
S1-517513520		False
S1-243448832		False
S1-962449531	S2-892549434,S2-607536383,S3-513881852,S3-191544443	True
S1-702616711	S2-360648110,S2-832302874,S3-310523364	True
S1-475294827		False
S1-886943059		False
S1-393881378		False
S1-603927318		False
S1-594407641	S2-454732917,S3-956986154	True
S1-80763501	S2-801806236,S2-789506427,S3-484909910	True
S1-936616315	S2-358756665,S3-478434871,S3-889376755	True
S1-41466063	S2-734178636,S2-346205143,S2-232694297	True
S1-610291373		False
S1-696929944	S2-576233033,S3-277042362,S3-944419558	True
S1-147610329		False
S1-406739867		False
S1-299865546	S2-147266650,S3-228009404,S3-598385031,S3-646653958	True
S1-66303573	S2-408949188,S2-774268039,S2-655743987,S3-951560163,S3-197736710	True
S1-575676000		False
S1-76810798		False
S1-588113435		False
S1-286329978		False
S1-413348330	S2-468367510,S2-695743751,S2-379917951,S2-365739529,S3-826706695,S3-527347175,S3-828865236	True
S1-42003481	S2-643906637,S3-920958497,S3-888016512	True
S1-912637056	S2-219294402,S2-911774957	True
S1-543186420		False
S1-561642304	S2-71383883	True
S1-439913384	S2-103213454,S2-322640070,S3-123127226,S3-404588246,S3-103598727	True
S1-542936944	S2-916552717,S2-667018447,S3-843438047	True
S1-728466503	S2-731220674,S2-303976123,S2-985162423,S2-201873175,S2-675972041,S3-724100911,S3-290367960	True
S1-713425870		False
S1-495798375	S2-268609937,S3-435706318	True
S1-688768990	S2-584573465,S2-612069946,S3-684543812	True
S1-898982761		False
S1-476005389	S3-391719321,S3-60741346,S3-210039942	True
S1-162716811		False
S1-20461235		False
S1-536282729	S2-798808859,S2-987164365,S2-876617133,S2-229357746,S2-773099146,S3-911554995,S3-937278446	True
S1-667132462	S3-864251138	True
S1-241843588		False
S1-522808401	S2-113612854,S2-285446463,S3-477569408,S3-996703602,S3-950798860	True
S1-382879347	S2-897047803,S3-743093088,S3-403684412,S3-109182396	True
S1-422143550	S2-469675474,S3-431220749,S3-844779809	True
S1-115526334		False
S1-314028958		False
S1-828690459	S2-478087489,S2-616871195,S3-791091471,S3-554423024	True
S1-943566247		False
S1-750213220	S2-902193061,S2-512723642,S2-582243608,S3-684820071	True
S1-795486978	S2-460239860,S2-917313202,S2-114150957,S2-249069071,S3-117687147,S3-34026479	True
S1-643529386	S2-20479757,S3-353780112,S3-143221153	True
S1-380374144		False
S1-254890440		False
S1-868000422	S2-629113277,S2-404460858,S3-99034173,S3-399648321	True
S1-211335954		False
S1-382729104		False
S1-258650360		False
S1-625602027		False
S1-472724393		False
S1-695122223		False
S1-26699517		False
S1-897787160		False
S1-170492690	S2-645114459,S3-670848701,S3-132444616	True
S1-94308447	S2-559377454,S2-380585227,S2-733037799,S3-267099368,S3-297753117	True
S1-930472414	S3-176663223	True
S1-403900285		False
S1-836916847	S2-804229966,S2-10602835,S3-819514652	True
S1-229178278		False
S1-68035364	S2-659941704,S2-372267885,S2-509697277,S3-459555255,S3-597186136,S3-669611911	True
S1-277086856	S2-440332283,S2-994121051	True
S1-336601724	S2-234829894,S3-389338358,S3-489157316,S3-959489272	True
S1-640715440		False
S1-836433332	S2-489302537,S2-412562672,S2-682915080,S3-599916827	True
S1-468244861	S2-195066013,S3-848698797,S3-569329022	True
S1-334719088	S2-340617190,S2-796204609,S2-191463299,S3-638616233	True
S1-824511075		False
S1-55698585	S2-817052328,S3-750393551	True
S1-600884784	S2-750282338	True
S1-866038393		False
S1-332592234		False
S1-769061800	S2-130542037,S3-654237365,S3-541934694	True
S1-448306113		False
S1-550715836	S2-768986297,S2-834707246,S3-589502681	True
S1-655125563		False
S1-753413080	S2-101804371,S3-88663521,S3-186574962,S3-814541082	True
S1-698664906		False
S1-696694854		False
S1-854450682	S3-812537088,S3-597294812,S3-440531413	True
S1-454021413	S2-310211416,S2-466453047,S2-890750859,S3-717665416,S3-378170842,S3-420941267	True
S1-776356659		False
S1-422924226		False
S1-944410685		False
S1-372223903	S2-489371051,S2-853312368,S3-250818102,S3-33856688,S3-541941102,S3-460572064,S3-351019210	True
S1-101269582		False
S1-799687142	S2-366827737,S2-133783537,S2-893849811,S3-433722080	True
S1-454207422		False
S1-273665872		False
S1-765137112	S2-657515863,S2-506632138,S2-521014684,S3-672676189	True
S1-183479651		False
S1-19448292	S2-375383747,S2-797647135,S3-501123500,S3-228361712	True
S1-74224989		False
S1-290268149		False
S1-864610459	S2-791171948,S2-137218902,S2-500462821,S3-464944431,S3-496879820,S3-132540883,S3-544332140	True
S1-624866828	S2-849255064,S2-309423224,S3-390944874,S3-584929256,S3-814405112	True
S1-536601167	S2-397704398,S3-635835201,S3-638000577,S3-60681995	True
S1-861983633	S2-245431525,S3-736304478,S3-594688457	True
S1-953937257	S2-705777076,S2-534215196,S3-278391581,S3-263595697,S3-59278520	True
S1-668871756		False
S1-393379031	S2-118311506,S2-787657973,S2-530951920,S3-12109730	True
S1-869100969		False
S1-159675958		False
S1-349999028	S2-312850684,S2-120621386,S2-39730292,S3-310550955,S3-896406733	True
S1-94201827		False
S1-795602817		False
S1-197535164		False
S1-66956469		False
S1-219262508	S2-220282546,S3-130393550,S3-115829444	True
S1-313463010	S2-859417944,S2-630953474,S3-392859803,S3-137397525,S3-613930081	True
S1-92057691	S2-122752316,S2-961928625,S2-175641039,S2-167311064,S3-376947042	True
S1-770167289	S2-55251656,S3-766690604,S3-592832776,S3-257135687	True
S1-205316081		False
S1-926311595		False
S1-956658961		False
S1-910264595	S2-457494504,S2-698290624,S3-31791862,S3-751319415	True
S1-333099060	S2-332901135,S3-961958205	True
S1-322235432	S2-699077457,S3-623058277	True
S1-63358482	S2-724529382,S2-899224268,S2-621598502,S3-88395981	True
S1-104425257	S2-480554007,S2-197493037,S2-543149515,S3-339076856	True
S1-588704173		False
S1-289897176		False
S1-583628534	S2-229638607,S2-30498426,S3-964067749,S3-807482818,S3-578651021	True
S1-502480074		False
S1-380268882		False
S1-121839378		False
S1-497840397		False
S1-582025067		False
S1-573864978		False
S1-578650460		False
S1-57959444		False
S1-748000447	S2-457527507,S3-545462878	True
S1-256902878	S2-531841212,S2-263457503,S2-286291573,S3-351904945,S3-548215264,S3-991600517	True
S1-134369293	S2-276290507,S2-521585379,S3-69458555	True
S1-106368810	S3-491459335,S3-33664367,S3-401744693,S3-443910046	True
S1-159758788	S2-694995992	True
S1-654798246		False
S1-800443783	S2-250166479,S2-396962631,S3-735059835,S3-465455226,S3-918508248	True
S1-265898168		False
S1-36360148		False
S1-30307258		False
S1-642816247	S2-41214435,S3-627330499,S3-236025840	True
S1-354094028	S2-762338973,S2-305559948,S3-561728500	True
S1-5299161		False
S1-500006797	S2-613437369,S2-263064259,S2-233614646,S3-647138479	True
S1-76696845		False
S1-5908024		False
S1-640953301		False
S1-781832728		False
S1-992985369	S2-268903815,S3-219822203	True
S1-361625374		False
S1-397581055	S3-469567362	True
S1-943559795		False
S1-610273600	S2-91567982,S3-840618714	True
S1-786757073	S2-121409504,S3-283731783,S3-926504940,S3-560254576	True
S1-103827221		False
S1-211452909		False
S1-699512098		False
S1-495343217		False
S1-152374357		False
S1-525216729	S2-681515279,S3-576492521,S3-371219660	True
S1-56988658		False
S1-281614166		False
S1-420276807	S2-860989245,S2-614821509,S2-65357052,S3-63442095	True
S1-449790842		False
S1-128542795		False
S1-765037363		False
S1-360556721	S2-623016474,S3-86356158,S3-736816954,S3-76131780	True
S1-23262452		False
S1-686283633	S2-428263435,S3-616380477,S3-337002375	True
S1-771554857	S2-912897189,S2-640166212,S3-106201996,S3-206076924	True
S1-449016683		False
S1-889600160	S2-996520523,S2-151441812,S3-323660368,S3-439131679,S3-601085323	True
S1-851494942		False
S1-649654406		False
S1-783248710		False
S1-886303511		False
S1-897221418		False
S1-931535969	S3-248173818,S3-364263597,S3-952721013,S3-195087244	True
S1-257608799		False
S1-342475088	S2-518875039,S3-604856303	True
S1-16025493		False
S1-344330484		False
S1-379104248		False
S1-160044264		False
S1-467848674	S2-906383688,S3-105322157,S3-515413332	True
S1-371662931		False
S1-951797534		False
S1-745731690		False
S1-349476370		False
S1-691094225		False
S1-263493075		False
S1-616497126		False
S1-241757632	S2-76042985,S2-897497644,S3-367990899	True
S1-765936181	S2-605919065,S2-346997376,S3-208895743,S3-995515272	True
S1-324951502		False
S1-384387053	S2-786822350,S2-728684670,S3-744607808	True
S1-123807700	S2-526429275,S3-206503677,S3-646389900	True
S1-565176637		False
S1-545590400	S2-145681222,S2-68013336,S3-890259867	True
S1-973326257		False
S1-708568669	S2-390062521,S2-934824063,S3-203399206,S3-704846543,S3-131368086	True
S1-558571294	S2-848257167,S2-614358946,S2-904007029,S3-539663540	True
S1-803575708		False
S1-46802024		False
S1-29082089		False
S1-472455683	S2-316365155,S3-378261631,S3-47959616,S3-397866758	True
S1-321050055		False
S1-467200286		False
S1-719914706	S2-758274667,S2-145348329,S2-961237092,S3-78788785,S3-529102470,S3-297698018	True
S1-791144965	S2-586228964,S3-5887277,S3-103359003	True
S1-184319948		False
S1-888029069		False
S1-145046598		False
S1-423469905		False
S1-228265445		False
S1-254613755	S2-834270047,S2-890446504,S2-364853697,S3-495950773,S3-839740647	True
S1-620743762	S2-318018527,S2-393484037,S3-772399656	True
S1-826055423	S2-520466061,S2-960339410,S3-421160141,S3-517486186,S3-181115294,S3-243127517	True
S1-537037183		False
S1-665340566		False
S1-298493778		False
S1-150167728	S2-121244385,S2-611262283,S2-54875611,S3-844632667,S3-55303871,S3-351573010	True
S1-161669874		False
S1-82888841		False
S1-369123267		False
S1-489165351		False
S1-587986385		False
S1-110081335		False
S1-102226774	S2-409245090,S2-553150069,S2-634266569,S3-884766788	True
S1-462921339	S2-80562068,S2-273208469,S3-320354991,S3-725008045	True
S1-226628256	S2-788057060,S2-281804167,S3-758098651,S3-804315432	True
S1-835480842	S2-604228239,S2-475880330	True
S1-788953232	S2-217260064,S2-319469608,S3-954240162,S3-436218094	True
S1-987009703		False
S1-949514867	S2-339503081,S3-551835286,S3-156829423	True
S1-374250078	S2-757991652,S3-123283862	True
S1-259445378		False
S1-818652906		False
S1-550955789	S2-821917604,S2-835913463,S2-886371879,S3-567140034	True
S1-119828791	S2-482017644,S2-623005983,S3-470253484,S3-925611229	True
S1-817037192	S2-663481146,S2-49253698,S2-533488392,S2-925273905,S3-64010017	True
S1-383667460	S2-103294819,S2-557076730,S2-648041494,S3-593155574,S3-73570860	True
S1-832352511		False
S1-938300373		False
S1-412443335		False
S1-575107250		False
S1-722129988		False
S1-377650336		False
S1-266092264		False
S1-17530678	S2-431477083,S3-161007620,S3-104376382,S3-928146712,S3-97203386	True
S1-362580591		False
S1-64375581		False
S1-509818935		False
S1-787030417	S2-462586811,S2-679262942,S2-209980912,S2-102384819,S3-439227420,S3-320392894,S3-521531043	True
S1-385882182		False
S1-54916328	S2-684764625,S3-51883882	True
S1-953915438		False
S1-216372383	S2-518214634,S2-282611249,S3-674253672	True
S1-430627423		False
S1-724107026		False
S1-621131876	S2-927221440,S2-329795290,S2-393614560,S2-587946929,S3-200150882,S3-176932839	True
S1-228381648	S2-693467435,S2-860364663,S2-625613128,S3-946500695,S3-913557581,S3-821002728	True
S1-213090773	S2-133932874,S2-207506052,S2-240880231,S3-192136941	True
S1-417211161	S2-790062157,S2-593930530,S3-763713457	True
S1-219810070		False
S1-503236798		False
S1-773139646		False
S1-51473962		False
S1-977747799	S2-401796988,S3-158678726,S3-298052639,S3-146479292	True
S1-869114847	S2-940449303,S2-631657163,S3-226074639,S3-469658589,S3-899338030,S3-135235112	True
S1-357099974		False
S1-326750107	S2-405924150,S3-914025038	True
S1-89962284	S2-240787746,S3-305649696,S3-360875076	True
S1-324131801		False
S1-571522451		False
S1-925478907	S3-616349181,S3-508311028	True
S1-741083919	S2-522279161,S3-459337620	True
S1-737277574	S2-984253222,S3-384202613	True
S1-617334371		False
S1-429351368		False
S1-389859032	S2-640870297,S3-444682614,S3-636992728,S3-443322540,S3-252414315	True
S1-64228018		False
S1-239039096		False
S1-756079611	S2-489793845,S2-150311142	True
S1-114207894		False
S1-284241206		False
S1-349103833		False
S1-720046521		False
S1-217059153		False
S1-759190966		False
S1-994512941		False
S1-764445517	S2-395043218,S3-250683321	True
S1-249483461		False
S1-146787661		False
S1-782833664	S2-22528671,S3-531217487,S3-311044802,S3-473912694	True
S1-783556705	S2-392555560,S3-96906130	True
S1-397587204	S2-192464517,S2-222595096,S2-100492873,S3-483325612,S3-79674410,S3-374949488	True
S1-379324537		False
S1-231192818	S2-470151636,S3-955002066,S3-595478143,S3-392806743	True
S1-282546524		False
S1-817930239		False
S1-115306763	S2-593537167,S2-227894598,S3-643647945,S3-247934072	True
S1-285731566		False
S1-750596145		False
S1-422188949		False
S1-193535234	S2-270564718,S2-140348617,S2-450111628,S2-648150375,S3-574470828,S3-959196922	True
S1-705015043	S2-616637648,S3-523743641,S3-162154355,S3-875990733,S3-584874211	True
S1-554328157	S2-483942354,S2-254890320,S2-36302611,S2-985978114,S3-434711257	True
S1-556405542	S2-935789810,S3-951680410	True
S1-248699315	S2-627041324,S2-109496543,S3-726386670,S3-840157359	True
S1-79489875	S2-54277849,S3-392112906	True
S1-153435375	S2-451356196,S3-892244799,S3-632186704,S3-985943352,S3-992397341,S3-676459781	True
S1-679564991		False
S1-975423663		False
S1-135876202	S2-282052239,S2-78158753,S2-834713322,S2-150327510,S3-391375127	True
S1-690516145		False
S1-147489925		False
S1-252457990		False
S1-612947375		False
S1-528500092		False
S1-87144749	S2-83089115,S3-544966237,S3-988580426	True
S1-421252707		False
S1-75299596		False
S1-718246103		False
S1-383615178		False
S1-821773059		False
S1-368319299	S2-413232973,S3-171613959,S3-289947485	True
S1-55471828		False
S1-23785486	S2-355171485,S2-624707964,S3-675803231	True
S1-594934321		False
S1-215666999	S2-884935743,S2-988919054,S3-822440070,S3-50601892,S3-639292082	True
S1-497773578	S2-896634553,S2-939479365,S2-500627445,S3-588728281,S3-123239628,S3-638350847	True
S1-310809132		False
S1-20107360	S3-153885312	True
S1-867067835	S2-272120114,S3-350844508,S3-165908119	True
S1-603797127	S2-254478382,S3-167104550	True
S1-205922416		False
S1-583292456		False
S1-190916349		False
S1-223074236	S2-182043508,S2-996367784,S2-574421469,S3-130424034	True
S1-181433293	S2-855055700,S3-289097379,S3-357709653	True
S1-137842418		False
S1-98068259	S2-579519508,S2-700448540,S3-630271590	True
S1-606464277	S2-906234320,S2-224465819,S3-619233720,S3-807838226,S3-504701374	True
S1-756895484	S3-204031589,S3-246197153,S3-554939420	True
S1-698567350		False
S1-567426551		False
S1-538037055		False
S1-276431804		False
S1-686598570	S2-72271445,S3-503583105,S3-788293944	True
S1-885974247		False
S1-681496399	S2-562721811	True
S1-868062650	S2-375440515,S2-758789465,S3-139176215,S3-918247465	True
S1-4719357		False
S1-513965150		False
S1-384862666	S2-222707078,S2-633747644,S2-834840101,S3-251802735,S3-556286316,S3-244475488,S3-441550671	True
S1-594774748	S2-234238952,S3-272724146,S3-350206294	True
S1-170264144		False
S1-753539186	S2-183513958,S3-31517249,S3-450748268,S3-626287	True
S1-530798133	S2-500087396,S2-898416084,S3-286629994	True
S1-567142696	S2-43621790,S3-387452373,S3-540050588	True
S1-398149100	S2-649029013,S3-733998235,S3-619856746,S3-26124561	True
S1-607714864		False
S1-581821276		False
S1-343658521	S2-765694393,S3-910151084	True
S1-13448761	S2-404713113,S2-216342125,S3-737289866,S3-620833212,S3-781865156,S3-188797085,S3-519130010	True
S1-705825126		False
S1-503291172		False
S1-501560824	S2-608246019,S2-284212553,S3-718481941	True
S1-461225890		False
S1-444440946	S2-772468556,S3-770456655,S3-427393766,S3-452432736	True
S1-885716192		False
S1-599614613	S2-574358262,S3-61508545	True
S1-365819401	S2-16079282,S3-410442048,S3-602768671	True
S1-990575822	S2-347155862,S2-645153124,S3-962239571	True
S1-955727219		False
S1-779301465		False
S1-560732434	S2-812044060,S2-192605186,S3-831623756	True
S1-617413564		False
S1-218724336	S2-402259174,S2-47548495,S3-200553354	True
S1-196663426		False
S1-353343371	S2-43493653,S2-171955419,S3-710752516,S3-908844385	True
S1-784189298		False
S1-58048568		False
S1-668194626		False
S1-711961703		False
S1-203513359		False
S1-828873823	S2-386796606,S2-122267427,S2-142372681,S3-385944109	True
S1-518233331	S2-235468311,S2-652662068,S2-579814388,S3-221322502,S3-749037324	True
S1-501813237	S2-128366819,S3-744585919	True
S1-569394698	S2-923832230	True
S1-713470081	S2-147367794,S2-821443750,S2-901766939,S2-238687495,S3-392353458,S3-231136837,S3-941168502	True
S1-227756594	S2-747939338,S3-169597879,S3-788290219,S3-762423317	True
S1-727137370		False
S1-917836073	S2-533942910,S3-13939852	True
S1-127604168	S2-320283046,S3-995485407,S3-527020504,S3-770573088	True
S1-961055570		False
S1-750134590		False
S1-53701077		False
S1-18964739	S2-81700777,S3-193052859,S3-680873455	True
S1-430861983		False
S1-467188812		False
S1-963627953	S2-974652022,S2-505664226,S3-818336115,S3-735552298	True
S1-167566578	S2-222117023,S2-527342914,S2-17943312,S3-582866459,S3-127693211,S3-972343309	True
S1-928581528	S2-242202220,S2-699961865,S3-95553487,S3-41090335	True
S1-754826919	S2-740420566,S3-907198170	True
S1-269219160	S2-466211301,S2-868345605,S3-387071854,S3-10609786,S3-756411039	True
S1-506482295		False
S1-969063083	S2-511685089,S3-59616734,S3-312101738	True
S1-989606942		False
S1-92214002	S2-280752089,S2-150721488,S2-517471950,S3-980041864	True
S1-158463908		False
S1-20261692	S3-880349440	True
S1-951638357		False
S1-859420744		False
S1-867221041		False
S1-585448845	S2-639327719,S3-153111105,S3-199738464	True
S1-359500729		False
S1-703012470	S2-520512255,S2-793568508,S3-189952593,S3-208201819,S3-766177011	True
S1-9911764	S2-960287230,S2-376148383,S2-326307646,S3-673149607,S3-827416831,S3-760776889	True
S1-578433787	S2-709816415,S2-731850872,S2-101097864,S3-793760799	True
S1-201419956	S2-891383448,S3-109193661,S3-788895904,S3-836659964	True
S1-479990302		False
S1-957306319	S3-983032377,S3-44656726	True
S1-489506703		False
S1-935934635		False
S1-221360490	S2-980575127,S2-295908090,S2-559174869,S3-621246072,S3-536105472	True
S1-772517100		False
S1-792065584	S2-313158307,S2-273899080,S2-540519747,S3-965435435,S3-815087585	True
S1-878705541		False
S1-647684620	S2-416050105,S2-677800172,S3-165276745,S3-521845252	True
S1-685853147		False
S1-166060082		False
S1-431074356	S2-61317186,S2-673169420,S2-870953011,S3-957917517,S3-984001511,S3-61354242	True
S1-563282136	S2-169521246,S3-925564876,S3-484043450,S3-502546879	True
S1-301211248	S2-62439360,S2-860485432,S2-800984296,S3-143189300,S3-739639306,S3-462163255,S3-667679731	True
S1-804034006	S2-881734271,S2-466708522,S2-47612399,S3-528753103,S3-836867871	True
S1-75211180		False
S1-231873221		False
S1-25965321	S2-622078136,S3-819562782	True
S1-229012467	S2-739900106,S2-426333715,S3-693712060	True
S1-455022118	S2-868245506,S2-786013503,S3-95898947	True
S1-221243572	S2-640724033,S2-278747495,S3-400447411	True
S1-222631055		False
S1-598214002	S3-278053012,S3-395305807	True
S1-648188902	S2-521758243,S2-498131149,S3-88816289	True
S1-411472360	S2-324146658,S3-337505507	True
S1-637599811		False
S1-272537989	S2-146326942,S2-946464353,S3-988118825,S3-335839649,S3-908432256,S3-799299104	True
S1-680975024		False
S1-657422429	S2-755616709,S2-28336533,S3-633678629	True
S1-524156944	S2-540851557,S3-246758935	True
S1-893394018	S2-221399747,S2-997523696,S3-767421689,S3-654383548,S3-186271436	True
S1-949026720		False
S1-815285897		False
S1-249281160		False
S1-867339087	S2-148449423,S3-3149266	True
S1-874001797	S2-227045642,S3-852218003	True
S1-687138454		False
S1-227248288	S2-267875774,S2-912942593,S2-882475900,S2-821905652,S3-531713233,S3-780954790	True
S1-301970377	S2-658754935,S2-781554866,S2-905994539,S2-22125165,S3-303510057,S3-708295776	True
S1-483615425	S2-897765162,S2-255489578,S2-98167890,S2-490246325,S3-791458652,S3-94775558	True
S1-241915465		False
S1-221487055		False
S1-137698401	S2-936076574,S2-269900734,S2-383519664,S3-706753958,S3-527260877	True
S1-573701132		False
S1-539834676	S2-197160993,S3-720893846,S3-423332325	True
S1-994831355	S2-621329822,S2-274987719,S3-426664412,S3-510684498,S3-650792595	True
S1-722642792		False
S1-435587682		False
S1-131371491		False
S1-323432277	S2-308069713,S2-551607275,S2-593507495,S2-470376916,S3-569364583	True
S1-987232208		False
S1-356700588	S2-20017802,S2-837491270,S3-710408200,S3-951394367,S3-450515475	True
S1-32504182	S2-732755307,S2-664998473,S3-826174115,S3-810450258	True
S1-494902438	S2-637968922,S2-192194372,S2-661472814,S3-338504294,S3-473979400	True
S1-755556130	S3-984566285	True
S1-728391358	S2-264983760,S3-39236434,S3-469109509	True
S1-629801203		False
S1-28262028		False
S1-788951040		False
S1-307593328	S2-495310122,S2-529118063	True
S1-847139524	S2-19621374,S3-617060045,S3-436885367	True
S1-937789922	S2-303446071,S3-889764708,S3-685614012	True
S1-812439772	S2-378532786,S3-206379796	True
S1-574899231	S3-337069454	True
S1-271739387		False
S1-216375666		False
S1-15285134	S2-311231215,S2-465238910,S3-64288533,S3-35495378	True
S1-166207361		False
S1-784526631	S2-447720404,S2-795166346	True
S1-693106143		False
S1-987626707		False
S1-683362413		False
S1-94712381		False
S1-159641195	S2-601183730,S2-944793048,S2-164474610,S3-944253721,S3-834260608	True
S1-450879598	S2-35610698,S3-491600232	True
S1-532647072		False
S1-766525937		False
S1-716031144		False
S1-658262637	S2-597292730,S2-144243987,S3-904398873	True
S1-756577839	S2-542575919,S2-788229620,S2-951486571,S3-780220403	True
S1-919517116	S2-196837378,S3-953215851	True
S1-898072497	S2-171831746,S3-672713590	True
S1-739967464		False
S1-115002685		False
S1-7183211		False
S1-11160798		False
S1-378305402		False
S1-570332861		False
S1-715841441		False
S1-382504899	S3-37638760,S3-607013560,S3-440927288,S3-838940035	True
S1-161901150		False
S1-837716265	S2-661984146,S2-369452654,S3-140113272,S3-651410168	True
S1-555519307		False
S1-217705281	S2-398109806,S2-647112808,S2-200264197,S3-127574756,S3-58859295,S3-184773747	True
S1-669572463	S3-341418687,S3-731723732,S3-735998962,S3-589770569	True
S1-771332230	S2-67362146,S2-488439857,S3-605991040,S3-179556502	True
S1-218891348		False
S1-413801991		False
S1-197205934	S2-815946278,S2-453697882,S2-281766914,S3-701274684,S3-816523557	True
S1-337335167		False
S1-260756990	S2-454815429,S2-305648904,S3-854742359	True
S1-496815230		False
S1-883207022		False
S1-705773034	S3-669899482	True
S1-409377202	S3-905154044	True
S1-293852214	S2-481630186,S2-236299970,S3-645634340	True
S1-910409679		False
S1-127241404		False
S1-524838951		False
S1-826200365	S3-250576533	True
S1-690792267		False
S1-591211359	S3-916021965,S3-358030235	True
S1-187434439	S2-309382335,S2-401567906	True
S1-388121224	S2-969441701	True
S1-563177749		False
S1-896674145		False
S1-537248627	S3-830826958,S3-741480764	True
S1-675731052	S2-917827845,S3-389617798	True
S1-681801060		False
S1-141990125	S2-678093334,S3-126284793,S3-910441504	True
S1-993512970	S2-713571548,S3-455515678,S3-895299878,S3-446732221	True
S1-493011599	S2-774264456,S2-480566880,S3-270614903,S3-499246623,S3-917156726,S3-806000487	True
S1-86683166		False
S1-10038214		False
S1-535572417	S2-449037790,S3-263860652	True
S1-278459813	S2-610887186,S3-993790902,S3-186604378	True
S1-690574471	S2-409486130,S2-655707607,S2-384464733,S2-364132476	True
S1-957405598	S2-444523034	True
S1-891819065	S2-111012593,S3-231521161,S3-143585864	True
S1-632388883	S2-819663554,S2-257781320,S3-574354145,S3-817315597,S3-129673431,S3-338658397,S3-488645156	True
S1-836226515	S2-667028915,S3-678533048,S3-692211972,S3-729639853	True
S1-897880822		False
S1-726251763		False
S1-103396360		False
S1-981937623	S2-791436295,S2-615898935,S3-439528043,S3-240705763,S3-836457025	True
S1-983186040		False
S1-776638806	S3-291886382,S3-925677200	True
S1-928272266	S3-75450875,S3-102947187	True
S1-793565662	S2-598785084	True
S1-968828647		False
S1-338922627	S2-975629146,S3-207601296,S3-887259884	True
S1-74745427		False
S1-582138569	S2-45025414,S2-279163952,S2-43651726,S3-664297926	True
S1-30633046	S2-435408251,S2-512656277,S2-46680533,S3-138999803,S3-50753927,S3-943485959	True
S1-548836277		False
S1-807957295	S2-583313028,S2-274726172,S3-351826304,S3-63120723	True
S1-363323910	S2-326576974,S2-775122305,S3-787619539	True
S1-381523159	S2-995512686,S2-827516076,S3-290902896,S3-152493104	True
S1-496830196	S2-83658001,S2-156676598,S3-525260377,S3-621125967	True
S1-455316483		False
S1-354785172	S3-747581676,S3-195192547	True
S1-709401		False
S1-805643765	S2-364273011	True
S1-36766749	S2-53714061	True
S1-186294792		False
S1-519408454		False
S1-161291018		False
S1-350495297		False
S1-968148523	S2-477756910,S2-409259352,S3-997818415	True
S1-698713807	S2-159604176,S2-712368685	True
S1-758778748		False
S1-608981109		False
S1-285395035	S2-224018340,S3-110584420,S3-662713038	True
S1-201936358		False
S1-646503619		False
S1-293316136	S2-849087609,S3-431254988,S3-855431441	True
S1-608687777	S2-657443072,S3-688710938	True
S1-153182155		False
S1-602701852		False
S1-771285660	S2-302269464,S2-770518807,S3-419804324,S3-649268345	True
S1-886854937	S2-186142481,S3-446594299,S3-487391233,S3-915133,S3-627675644	True
S1-227450415	S3-617395959	True
S1-466533639		False
S1-450421958	S2-476771794,S2-234353398,S2-898562380,S2-735472461,S3-282315147	True
S1-555653509		False
S1-247970035	S2-288147539,S3-206583251,S3-171474630	True
S1-400969215		False
S1-352943941		False
S1-468950898	S3-874518054	True
S1-693800741		False
S1-907435614		False
S1-568738036	S2-42527216,S2-94122382,S3-138626065	True
S1-621185235	S2-478301952,S3-679298722,S3-183568200,S3-481155932	True
S1-98560460		False
S1-669418557	S2-745487988,S2-732884530,S3-448905355	True
S1-206434682	S2-959161656,S3-387263891	True
S1-69774885		False
S1-520157228		False
S1-367270048		False
S1-908269584		False
S1-855366472	S2-827377519,S3-111536153,S3-494923773,S3-126144648	True
S1-589604457		False
S1-709313972	S2-59011798,S2-534784500,S2-454554414,S3-598915932	True
S1-881550397	S2-193812111,S2-533657373,S3-125252873,S3-133929971,S3-532099237	True
S1-507319470		False
S1-377899102		False
S1-534998357		False
S1-874684478		False
S1-439341383		False
S1-56647685	S2-11035251,S2-115247516,S3-923714188,S3-866149680,S3-923647752,S3-919599866,S3-701686019	True
S1-893101387		False
S1-324998794	S3-186660362,S3-602084482	True
S1-787419651	S2-590904845,S3-858676816,S3-146234227,S3-452749367	True
S1-568715596		False
S1-586102618		False
S1-359552110	S2-936394028,S2-397173601,S3-188584188	True
S1-194131795		False
S1-398583423	S2-326451262,S3-534830761	True
S1-305301440		False
S1-473369290		False
S1-248090627	S2-97552773,S2-891843115,S3-890863685,S3-562584714	True
S1-239727453		False
S1-961554895		False
S1-621344665		False
S1-814481598		False
S1-263048051	S2-338277377,S3-153376070,S3-906047903	True
S1-536739010	S2-555656139,S2-58193732,S3-108316389,S3-56879823	True
S1-490665928		False
S1-376471849		False
S1-137465862		False
S1-925792636	S2-798579477,S3-552724955	True
S1-717932558	S2-489915189,S3-850846474,S3-24437747	True
S1-663160267		False
S1-2946794		False
S1-759292081	S2-24172313,S2-425094768,S2-771729236,S3-241910104,S3-976316511,S3-264770411	True
S1-604271793		False
S1-67464952	S2-266926962,S3-350261569,S3-520658913	True
S1-343246445	S2-999581436,S2-522148695,S2-48052491,S3-529402675,S3-838273473	True
S1-926932505		False
S1-825147437		False
S1-392684520		False
S1-588767246		False
S1-570813003		False
S1-834547041		False
S1-630280633		False
S1-209599324		False
S1-423628599		False
S1-461058701	S2-901656046,S2-22650601,S2-336287576,S3-506057898,S3-807760061	True
S1-966385968		False
S1-67123110		False
S1-974628705		False
S1-44217631	S2-551166705,S3-153834958,S3-640251196,S3-771004830,S3-722067355	True
S1-606591335		False
S1-845842389	S2-791816648,S2-615065408,S2-109378268,S3-918193906,S3-322814400	True
S1-399977859	S2-14397402,S3-824067518,S3-76070065	True
S1-664095303		False
S1-92207669	S2-792963696,S2-869615743,S3-170892528,S3-986316623	True
S1-590499235		False
S1-44099603		False
S1-109591683	S2-266430649,S3-584107366	True
S1-613859922	S2-288120933,S3-205952728	True
S1-884777166		False
S1-570049202	S2-805373760,S2-13348182,S3-677309536,S3-717292769	True
S1-262289056		False
S1-509036596	S2-183242828,S3-31031417	True
S1-140448543		False
S1-567039673	S2-59391420,S2-50248585,S3-227388966,S3-894130199	True
S1-936886608		False
S1-336492526	S2-813910988,S2-259712657,S2-910359894,S3-405258677,S3-705312737,S3-517371993	True
S1-969217867		False
S1-552386060		False
S1-939473914		False
S1-447830345		False
S1-659216384	S2-338336193,S2-356073778,S2-360956106,S2-980155359,S3-198469668,S3-440024509,S3-369028244	True
S1-276808655		False
S1-523880198		False
S1-533807129	S3-460024009,S3-630488690,S3-848691877	True
S1-294764823	S2-132988662,S3-18161630,S3-980134746,S3-786297241,S3-734088497,S3-214430411	True
S1-975334150	S2-678094411,S2-510801864,S2-326470863,S3-568555926,S3-105799214	True
S1-214531222		False
S1-309316233	S2-997364985,S2-598750606,S2-22337792,S3-821704917	True
S1-728613081		False
S1-297233792	S2-742814555,S3-985246599,S3-954660799	True
S1-691387251		False
S1-880719690		False
S1-88411942	S3-446228355,S3-459768696	True
S1-504552529	S2-218935281,S2-898180798,S3-458004182,S3-687128152	True
S1-173944968		False
S1-839731821	S2-331730615,S3-741878762,S3-395575743,S3-355468411,S3-554070891,S3-563285387	True
S1-475192907	S2-247835978,S2-399993507,S3-429834831,S3-123145521	True
S1-394501269	S2-557209590,S3-554500960,S3-432335011	True
S1-567220687		False
S1-364808958	S2-655198691,S2-764251581,S2-402732753,S3-120006662	True
S1-271200921	S2-221566141,S2-42004823,S3-254011421,S3-363907651	True
S1-227530516	S2-265724035,S2-689661375,S2-700273544,S3-39344726	True
S1-588878693		False
S1-930096866	S3-835107894,S3-459708316,S3-675814129	True
S1-252337429		False
S1-378372420		False
S1-987384869		False
S1-951146792	S2-302011513,S3-53105729	True
S1-153480552		False
S1-489707350		False
S1-505357935	S2-289417258,S2-929729241,S2-623713969,S3-345411819	True
S1-209775776		False
S1-669498355		False
S1-263098167		False
S1-832884108	S2-892095427,S2-788449559,S2-673592107,S2-557824417,S3-471078341,S3-985955085	True
S1-209018361		False
S1-928796183		False
S1-5251280	S2-463221908,S2-649261224,S3-474025884,S3-554248625,S3-806138484	True
S1-616499547		False
S1-544554785	S2-301628401,S3-485928974	True
S1-587924264	S2-141699379,S3-19919017	True
S1-109057924	S2-618309014,S2-285338303,S2-388606217,S2-888261326,S3-918493287,S3-690826711,S3-991029802	True
S1-865630602		False
S1-539978229		False
S1-229683334		False
S1-633403884		False
S1-25791319		False
S1-176394721	S2-346917366,S3-823954191	True
S1-435617494		False
S1-976737095		False
S1-254833559		False
S1-912686744	S2-845307742,S2-107128040,S2-305266926,S3-787661994	True
S1-291297138		False
S1-608061483		False
S1-878819083	S2-478072553,S2-736439890,S2-101975537,S3-687927930	True
S1-85414447	S2-496894679,S3-977054824,S3-859208258,S3-333511696	True
S1-194981679		False
S1-1743420	S2-712216927,S3-414335713,S3-473781901,S3-262476074	True
S1-981179598		False
S1-608646108	S3-436413469	True
S1-142061859	S2-75367653,S2-841323718,S3-802554845	True
S1-620366692		False
S1-881122018	S2-104310994,S2-31195822,S3-909940029	True
S1-464948345	S2-650426637,S2-203612902,S3-639997939,S3-291002150,S3-702480062,S3-973635510	True
S1-719793879	S2-827045568,S2-867962075,S3-651986705,S3-983740362	True
S1-234061000		False
S1-337456094	S2-549420417,S3-207360253,S3-653450258,S3-944378866	True
S1-566625380	S2-552293522,S2-25998651,S3-74980890,S3-390517648	True
S1-15165302	S2-737159351,S3-803805429,S3-328613325,S3-604147382	True
S1-908268539		False
S1-147929596		False
S1-295310151	S2-586479090,S3-706890520	True
S1-405239502	S2-437655706,S2-262939895,S2-153102323,S3-418038354,S3-428101215	True
S1-521214871		False
S1-141366939	S3-573089072,S3-707225561	True
S1-481953490	S2-62333206,S2-162599394,S2-458989714,S2-484123016,S3-152773618,S3-376075268,S3-284747579,S3-11734536	True
S1-908626619	S2-667879426,S2-504799939,S3-232064332	True
S1-246835885		False
S1-44586139	S2-96119037,S3-601067882,S3-120561162,S3-889631489	True
S1-663833153		False
S1-313497450		False
S1-532320963		False
S1-501220637	S2-624715463,S2-851816304,S3-937070818,S3-892687772	True
S1-520969040		False
S1-947120979		False
S1-992445402		False
S1-733468680	S2-44860844,S3-689887164,S3-763733670,S3-859219938,S3-550275810,S3-904184669	True
S1-680388978		False
S1-613917566	S2-17588156,S3-358960250	True
S1-182337776	S2-829983036,S2-424376199,S3-44200855,S3-667644094,S3-943997169	True
S1-678806265		False
S1-326558939	S2-162149201,S3-888714962,S3-529610633	True
S1-614413773		False
S1-489417044	S2-884927850,S3-738262222	True
S1-643106175	S2-275111323,S2-445110534,S3-37040978	True
S1-89710283		False
S1-703756250		False
S1-324498484	S3-546649912	True
S1-855928953		False
S1-588068884		False
S1-305592082		False
S1-36763057	S2-283629598,S3-489816385,S3-642101768,S3-436034893	True
S1-309398291		False
S1-958559485		False
S1-571696243		False
S1-149904843		False
S1-582546006		False
S1-202988190		False
S1-711526792		False
S1-83692818	S3-538700842	True
S1-525440066	S2-145283135,S2-242865978,S2-822658070,S3-506305179,S3-450984242,S3-929502102	True
S1-624625219	S2-167569074	True
S1-193155171	S2-532681316,S2-930865497,S2-18855851,S2-291497112,S3-993672845	True
S1-690321848		False
S1-408878829	S2-593120206,S2-112469473,S2-940851323,S3-203641202,S3-794155191,S3-316012942	True
S1-541223144	S2-539921851,S2-349664666,S2-831021654,S2-993004846,S3-766222862,S3-76550706,S3-665328312,S3-317337835	True
S1-504281298	S2-358772902,S2-746946887,S3-738241321,S3-221391234	True
S1-489807905		False
S1-307489573		False
S1-691169999	S2-624198628,S2-220232901,S3-31794306	True
S1-529253552	S2-519671642,S3-606738956,S3-862997429,S3-434590378	True
S1-13077573	S2-12005303,S2-330347915,S3-781274452,S3-985672660,S3-911300607	True
S1-188644691		False
S1-408922723		False
S1-161447731		False
S1-667378442	S2-686631438,S2-839980136,S3-953887314,S3-610011999	True
S1-947067031	S2-656044033,S3-769174013,S3-793857837,S3-289652901	True
S1-406806264		False
S1-218243390	S2-931071010,S2-763865628,S3-294434919	True
S1-922998096		False
S1-562931942	S2-25552637,S2-45238141,S3-338701838,S3-83408329,S3-256049377	True
S1-312234002		False
S1-511496936		False
S1-130248595	S2-792235860,S3-561542183	True
S1-203895114	S2-255745776,S2-554479173,S2-315678565,S3-600835328	True
S1-411170198	S2-486220238,S3-989851852,S3-355152044,S3-218977967	True
S1-398296440	S2-900461675,S3-543820388,S3-564291782,S3-557514670,S3-118633515	True
S1-941244315		False
S1-91406315	S2-234054403,S3-248689431,S3-135267145	True
S1-841916265		False
S1-14056937		False
S1-97765741	S2-706360115,S3-393363857,S3-802402797,S3-571556317,S3-694337365,S3-565037790	True
S1-265778467		False
S1-994640669		False
S1-970773247	S2-113404486,S2-663818073,S2-83826551,S3-797446471,S3-963209553,S3-413301625,S3-240310130	True
S1-132925029	S3-89518165	True
S1-116994928	S2-466850330,S3-512082680,S3-232297820,S3-661921949,S3-881817860	True
S1-855856941		False
S1-526539558		False
S1-581380697	S2-360223916,S2-819302664,S3-566704823	True
S1-226728066	S2-637579377,S3-527113991,S3-606253384,S3-397771911	True
S1-945032843	S2-602531308,S2-1796608,S3-324268957,S3-350309921,S3-528034986,S3-393701971	True
S1-957128200		False
S1-691458456	S2-726703894,S3-441447677,S3-615754011	True
S1-83867436	S2-252428743,S2-680152778,S2-44540105,S3-880756625,S3-116784571	True
S1-619492367	S2-994048243,S3-562927028	True
S1-305252212	S2-658638220,S2-838172482,S3-543734853	True
S1-110192982		False
S1-678396530		False
S1-572215128	S2-218028152,S2-765983880,S3-46374620	True
S1-219603193		False
S1-658673320	S2-463065867,S2-212808326,S2-911687743,S3-790632830,S3-376036290	True
S1-818815394		False
S1-194626916		False
S1-754864027		False
S1-783662110		False
S1-881599854	S2-56329911,S2-676344092,S2-392857057,S2-345969475,S2-220181738,S3-648508714,S3-28986464	True
S1-221664496		False
S1-850106025	S2-967866,S2-400603899,S2-798133409,S2-548127087,S2-258083466,S3-924311631,S3-322805808,S3-531035776,S3-167809671,S3-754796213	True
S1-89458953		False
S1-332086199	S3-636275031,S3-725862644,S3-798058030	True
S1-545129285		False
S1-282767401	S2-378697475,S2-123449320,S3-143294630,S3-693771077	True
S1-305868936	S2-76182702,S2-791971649,S3-549397349,S3-681463506,S3-999323088	True
S1-367074862		False
S1-222637874		False
S1-14553988		False
S1-47258709		False
S1-607984147	S2-462858766,S2-752431508,S3-423036194,S3-502525891	True
S1-443860176	S2-964541986,S2-959246327,S2-36225654,S3-140723929,S3-404536153,S3-821312731,S3-11370953	True
S1-951329036	S2-914586882,S3-51460389,S3-628658078,S3-223170520,S3-752263320,S3-860764553	True
S1-239366433	S2-189232920,S2-919574715,S2-640805710,S3-86162236	True
S1-537464620		False
S1-540392583		False
S1-569437960	S2-412539995,S2-496098318,S3-697228805	True
S1-921971878		False
S1-967900139	S2-839993014,S2-44480128,S3-505965176,S3-957297898	True
S1-808678266		False
S1-136111786		False
S1-500542907		False
S1-283376483		False
S1-214423030		False
S1-75878725	S2-496720197,S3-348424439	True
S1-869539984		False
S1-101629595	S3-86353404	True
S1-703151500		False
S1-323098675		False
S1-492835964	S2-730243782,S2-192510731	True
S1-532259180	S2-984724181,S2-991211448,S2-562525595,S2-625138,S3-886109278,S3-642937832,S3-787890167	True
S1-729688807		False
S1-882510799		False
S1-238243163	S2-503535709,S2-297234418,S2-134927499,S3-554834232,S3-179702181,S3-171391822	True
S1-46540830	S2-550579715,S2-368590466,S2-514839569,S3-796949829,S3-236020202	True
S1-399397985	S2-74996227,S3-282059601,S3-850353068	True
S1-701788021		False
S1-216568289		False
S1-954449749		False
S1-579603181		False
S1-534419528		False
S1-570876142		False
S1-617740359	S2-471539799,S2-441712360,S3-588103500,S3-802792275	True
S1-571158534	S3-145179411,S3-523537214	True
S1-118976253	S2-469450047,S3-493340353,S3-370449166	True
S1-546651514	S2-191176846,S2-435755220,S2-602894643,S3-980880442	True
S1-77021425	S2-591145603,S3-917647648,S3-52058151	True
S1-190436701		False
S1-365246469	S2-719178814,S3-195372286,S3-829226246	True
S1-983924488		False
S1-552592114		False
S1-673317726		False
S1-140444876	S2-901913592	True
S1-828536514		False
S1-484927440		False
S1-827643034		False
S1-566642722		False
S1-701492159	S2-410091996,S3-210842075,S3-463516523	True
S1-192815057		False
S1-883858810	S3-110777596	True
S1-948758540	S2-586264746,S2-791787124,S2-630670360,S3-671743546,S3-477171890	True
S1-853012017		False
S1-896060616		False
S1-425209080	S2-129887992,S2-144176588,S3-10633871,S3-846023378	True
S1-597791380	S2-235685550,S3-420186821,S3-73394179,S3-722207523	True
S1-929070057		False
S1-257862060	S2-630111171,S2-438822391,S3-852869833,S3-321332929	True
S1-418116671		False
S1-751874066		False
S1-43169841	S2-684339681,S3-406561909	True
S1-828047341		False
S1-712920713		False
S1-870903936	S2-877957549,S2-798298713,S3-766156756	True
S1-740573103		False
S1-484447623		False
S1-537015557		False
S1-463753561	S2-989088436,S3-621121438	True
S1-219563014	S2-225037576,S2-200751420	True
S1-12295104		False
S1-887386346	S2-189862590,S3-441278901,S3-768064614	True
S1-713721710		False
S1-257732547	S2-793145852,S2-255384538,S3-331695219,S3-358435178	True
S1-76884816		False
S1-992401411		False
S1-863150314	S2-164058156,S3-147926795	True
S1-456045577	S2-873489750,S2-70634204,S2-144141519,S3-807605319,S3-937882584	True
S1-229913538	S2-50588932,S3-742764117,S3-901897349	True
S1-426745544	S2-786257339,S2-263208045,S3-713220020,S3-942441439,S3-606136643,S3-750009609	True
S1-485202661	S2-120532738,S3-372517192	True
S1-152405532		False
S1-644083297		False
S1-468990143	S2-197253972,S2-998835434,S2-96754598,S3-776838829	True
S1-300552381		False
S1-300445487	S2-406570664,S2-638211442	True
S1-823938279		False
S1-639702570		False
S1-73401191		False
S1-866922445	S2-825509083,S3-308236229,S3-19509871	True
S1-878478808	S2-216042716,S2-155367014,S3-978227159	True
S1-885695148	S2-449162894,S2-315081315,S3-919230111,S3-245515428,S3-733474022,S3-792963003	True
S1-273066703		False
S1-399876068	S2-433813310,S2-58727898,S2-255489806,S3-627099185,S3-791776642,S3-468639450	True
S1-551178124		False
S1-814525513		False
S1-319100668	S2-145535351	True
S1-284620371	S2-499351315,S2-552036668,S2-862019042,S2-96579920,S3-86147625,S3-601007197,S3-959890429	True
S1-203403935	S2-26950083,S2-474777170,S3-515720672,S3-375940137	True
S1-621551956	S2-591673986,S2-363803674,S3-63217493,S3-25124586	True
S1-166707584	S2-541125853,S2-700946616,S3-858047767	True
S1-496606487		False
S1-678012156	S2-561845908,S2-585663729,S2-509617761,S2-305026191,S2-753629607,S3-9615329,S3-351069021	True
S1-261485818	S3-286156334	True
S1-24534549	S2-865483402,S3-581169610,S3-845405973	True
S1-712895766		False
S1-891215813	S2-34960396,S2-920128777,S3-384481779	True
S1-99609968		False
S1-652689655		False
S1-318318048	S2-168692257,S2-22427176,S3-185831818	True
S1-790805556	S2-20340983,S3-840894153,S3-247573721	True
S1-986957019		False
S1-760439250		False
S1-767533246		False
S1-511771547		False
S1-179364783	S2-932037610,S3-962437381,S3-812656482,S3-979349615	True
S1-498182144		False
S1-354899414		False
S1-710604695	S2-815498012	True
S1-9621011	S2-245148239,S2-902378637,S2-59882989,S3-89292370,S3-424953614,S3-871899256,S3-917405507	True
S1-213267405		False
S1-527037922	S2-74188166,S3-31715855,S3-805929917	True
S1-421763980	S2-974768799,S3-742773740	True
S1-668177196		False
S1-926959964	S2-785839695,S2-477039769,S3-401785348,S3-712271740	True
S1-429359913	S2-555662116,S2-82594646,S2-390990515,S3-950243644,S3-615884816,S3-371426144	True
S1-863123895		False
S1-248221333		False
S1-161986687		False
S1-114702666	S2-767907733,S2-529105148,S2-193374379	True
S1-464732334	S2-615351827,S3-706275106	True
S1-644491952	S2-446920780,S3-819075755,S3-787027532	True
S1-205438762		False
S1-940975171		False
S1-590353879	S2-790165305,S3-315579636,S3-702035180	True
S1-609636776	S2-937283255,S3-353261024,S3-731460798,S3-799907239	True
S1-814567624	S2-688598544,S2-198971446,S3-202673939,S3-434529195,S3-159968506	True
S1-298255703		False
S1-123941726	S2-333689070,S3-952826521,S3-702076817	True
S1-307295544	S2-849000000,S3-618936139,S3-538162223,S3-757938367,S3-3617100	True
S1-39218219	S2-245720843,S3-793153142,S3-103760279,S3-965889818	True
S1-194076795	S2-7140961,S3-673630174,S3-884975161	True
S1-279293186		False
S1-430948352		False
S1-537140856		False
S1-866898839		False
S1-918708191	S2-563745106,S2-937914806	True
S1-722445274		False
S1-279836893		False
S1-32148013	S3-529643921,S3-87315370	True
S1-987716748		False
S1-398241813	S2-86135883,S2-926983485,S3-565042573,S3-629577737	True
S1-381978332	S2-853899459,S2-476220733,S3-983733623,S3-642984292	True
S1-319904308		False
S1-980016813		False
S1-401490389		False
S1-308084984	S2-890983248,S2-437170893	True
S1-791632376	S2-484208558,S3-91458788	True
S1-962895093	S2-739745165,S2-425381188,S2-586260875,S3-489082180,S3-799618335,S3-607533617	True
S1-341192310		False
S1-532538142		False
S1-480005751	S2-154695008,S2-463267494,S2-304846883,S2-840664423,S3-912261975	True
S1-226130777		False
S1-445760775	S2-383012663,S3-795684017,S3-738487803	True
S1-884984985	S2-272300545,S2-347164389,S2-394000130,S3-822563887,S3-491421019,S3-269647	True
S1-586543501		False
S1-363776944	S2-232732978,S2-277641898	True
S1-746630246	S2-598124505,S2-269998583,S2-414185611,S3-591693083,S3-528831268	True
S1-701185995		False
S1-678792115		False
S1-591129947		False
S1-229831560		False
S1-983140109		False
S1-623801891		False
S1-465359920		False
S1-602435192		False
S1-616025954		False
S1-879110732	S2-595058615,S3-125429889	True
S1-644506208	S2-615629538,S3-771830060,S3-515906840	True
S1-502328835		False
S1-865506496	S2-829075290,S3-577685775,S3-664326796,S3-618723835,S3-30169656	True
S1-503912277		False
S1-154018577	S2-827602287,S2-951553390,S2-77982384,S3-87465937	True
S1-138191341		False
S1-264325458	S2-371591518,S2-118884540,S2-22080447,S3-956803263	True
S1-437175316		False
S1-989705262	S2-831909618,S2-336679500,S2-724731162,S2-618983878,S3-734587970,S3-56904636	True
S1-928163513		False
S1-21796854		False
S1-715940470	S2-394622078,S3-369330156,S3-652590262	True
S1-288226126	S2-192932407,S2-286734992,S3-466942478,S3-354972159,S3-539753454,S3-172501063	True
S1-204236908		False
S1-675722800	S2-629122574,S3-604391864	True
S1-40323801	S2-649035985,S3-389661671,S3-81578134	True
S1-372131427	S2-488686167,S2-667403010,S3-316883342,S3-52808171	True
S1-976493247		False
S1-566748117	S2-230743763,S2-224213714,S3-319891096	True
S1-362804463		False
S1-231108849		False
S1-591531579		False
S1-554616440	S2-657352785,S2-176857051,S2-902100032,S3-874784959,S3-10320702	True
S1-218976711		False
S1-85703089		False
S1-147998430		False
S1-758747320	S2-775843015,S2-169444187,S3-530068130,S3-781692877	True
S1-694001661	S2-269547924,S3-455012052,S3-972194041	True
S1-943064136		False
S1-524116843		False
S1-348754659		False
S1-104165805	S2-52041060,S3-130388968,S3-507531497	True
S1-511011159	S2-365784632,S3-249459571,S3-612197012,S3-926269094,S3-88539262,S3-912596154	True
S1-225853674	S2-248098611,S2-188225259,S2-303773964,S3-758440317,S3-979222179	True
S1-364181721	S2-78031348,S2-245776810,S3-924917258,S3-377277955	True
S1-633332869		False
S1-785660004		False
S1-602884550		False
S1-969881953		False
S1-539287968		False
S1-909780551		False
S1-568926189	S2-599704302,S3-190497518	True
S1-959514797		False
S1-488702699	S2-729656256,S3-257877088,S3-762692401	True
S1-5200038		False
S1-931732817		False
S1-488877435	S3-8546878,S3-762260450,S3-624387283	True
S1-630179110	S2-31944720,S2-989109323,S2-157070648,S3-419749165	True
S1-265729146	S2-199456111,S2-497641611,S3-617890113,S3-579204895,S3-912642178	True
S1-554863344		False
S1-389618667	S3-990333540,S3-44691952	True
S1-287217719	S2-724359551,S2-898922660	True
S1-530642444		False
S1-910840601	S2-667975524,S3-465339910,S3-756296880	True
S1-127762469	S2-486168775,S3-95677446,S3-724719430,S3-231872282,S3-682192243,S3-840167032	True
S1-675097653	S2-661108503,S2-665958523,S3-276113590,S3-509582422	True
S1-620043625		False
S1-965339394		False
S1-309305623	S2-461218270,S3-112970906,S3-274012059	True
S1-444640345	S2-696826227,S2-240988729,S2-914209053,S3-347553472	True
S1-169683681	S2-958550563,S3-837119443	True
S1-39344461		False
S1-600797162	S3-513370160	True
S1-566183725	S2-558367710,S2-939439687,S3-273723612,S3-401413843	True
S1-906742579	S2-11585692,S2-406261100,S3-639252111,S3-424464489,S3-793421437,S3-477918433	True
S1-292434823		False
S1-827980823	S2-742591858,S3-323280337	True
S1-716289776	S2-42402237,S3-872257375,S3-900322678	True
S1-680044554	S2-139265254,S2-258409111,S3-608998038	True
S1-165683587	S2-323570285	True
S1-4221123	S2-846457619,S2-535778734,S2-119147611,S2-530711919,S3-208632708	True
S1-33674131	S2-851251289,S3-473125843	True
S1-678462847	S2-646755358,S2-937980813,S3-40033040	True
S1-282325874	S2-153625678,S2-954092334,S3-903772442,S3-351768034	True
S1-603883840	S2-718466132,S2-541288326,S3-689272942	True
S1-417401955	S2-448233716,S2-388136027,S3-31949427,S3-208327046	True
S1-636143712		False
S1-33961541		False
S1-185858179	S2-853973731,S3-192291005	True
S1-983735810	S2-821097991	True
S1-669658509	S2-919526823,S3-639227872	True
S1-53671548		False
S1-974394955		False
S1-292474546	S2-435073012,S2-896209728,S2-964191953,S3-126670270,S3-648472580	True
S1-82187937		False
S1-480898832		False
S1-120689158		False
S1-32842443	S2-9820573,S2-777868693,S2-669163600,S3-446939892	True
S1-380641327		False
S1-198493714		False
S1-70665772		False
S1-695082314		False
S1-101025176	S2-527524276,S2-86626870,S2-268806687,S2-502386719,S3-785235079,S3-375963177	True
S1-451048277	S2-608497829,S2-906460163,S2-413700058,S3-112861826,S3-91368743	True
S1-389171657	S2-835681229,S3-935872601,S3-460507189	True
S1-499344702	S2-943887447,S3-575601117,S3-677541353,S3-513567663,S3-259286615	True
S1-428787300		False
S1-567698980		False
S1-725400729	S2-630347616,S2-365167566,S2-965921284,S3-814649445	True
S1-478539654		False
S1-671776822	S2-154884946,S2-795665150,S3-826451516	True
S1-545544978	S2-84954198,S3-578164142,S3-612380508,S3-52206585,S3-964152377	True
S1-237213146		False
S1-369865381		False
S1-640493960		False
S1-876626795	S2-134643516,S2-109367170,S3-386810471,S3-940493945,S3-27262353	True
S1-943078655	S2-926754610,S2-94843471,S3-926475727,S3-180743118	True
S1-659568890	S2-652257809,S2-286041756,S2-571932207,S2-380769048,S2-606795873,S3-907905675,S3-39340630,S3-983002420	True
S1-386386844	S2-255426727,S2-483231444,S3-821458270,S3-258118328,S3-480914256	True
S1-953481557	S2-713845932,S3-696004790	True
S1-35520557		False
S1-581582883		False
S1-443883814		False
S1-591231227	S2-336746590,S2-299962087,S3-418728590	True
S1-225708934	S2-780162443,S2-709301363,S2-408935562,S2-533102475,S3-745190846,S3-773759330,S3-584863816	True
S1-669189104		False
S1-919456089	S2-267397392,S2-340679380,S2-323866795,S3-614008051	True
S1-240033506		False
S1-746689441		False
S1-284585832	S2-673544493,S2-981931671,S3-967524760,S3-567388257	True
S1-65151449		False
S1-238758687		False
S1-359676167		False
S1-813551605		False
S1-108567304	S2-717044347,S2-281630392,S2-752957130,S2-97694002,S3-667538495,S3-903040215,S3-390433397	True
S1-789481306		False
S1-823295799	S2-500834166,S3-195635140,S3-96420072	True
S1-751815830		False
S1-426369063	S2-811844159,S3-902944751	True
S1-77628820	S2-832088239,S3-698041005,S3-704361300	True
S1-252757843		False
S1-621144611	S2-430081791,S2-362379167,S3-695718858,S3-541459738,S3-548859777	True
S1-385755368	S2-58333490,S3-624967694	True
S1-517334622	S2-857767446	True
S1-650420078	S3-289646526	True
S1-772268820	S2-431956345,S2-879735440,S3-382232402,S3-955039164	True
S1-180339210		False
S1-663173378	S2-973230611,S2-954763091,S2-957839318,S3-856252643	True
S1-545065743	S2-582477459,S2-463157922,S2-391458034,S3-239158981,S3-699670603	True
S1-752624499		False
S1-20589976	S2-497111929,S3-153862447	True
S1-309941313	S2-207317133,S2-963745894	True
S1-710320940		False
S1-880393690	S2-629925598,S2-700006423,S3-239418555,S3-820249309	True
S1-887615663		False
S1-33255595	S2-608268667,S2-309000552,S3-961414686,S3-186123381,S3-601430495,S3-448867405,S3-447263403,S3-430780322	True
S1-347727527	S2-227913061,S2-91680527,S3-753661259,S3-636388460,S3-189535310,S3-611470479	True
S1-444343931		False
S1-77514617	S2-542090260,S2-643832167,S2-637957988,S3-111796986,S3-984074059,S3-189846919,S3-956124095	True
S1-725392483		False
S1-160848079		False
S1-700175450		False
S1-549749768		False
S1-243993497	S2-381595069,S2-355842692,S3-168367024,S3-392805215	True
S1-573091616	S2-52273258,S3-946184524,S3-840366849,S3-569603233,S3-147835094	True
S1-496873767		False
S1-936900918	S2-252392344,S2-81037871,S3-873467049,S3-41816230,S3-371532414,S3-91222403,S3-309549443	True
S1-21516251	S2-181804767,S2-596005583,S3-531073749	True
S1-944758320	S2-512262755	True
S1-966687294		False
S1-409570194	S2-123657871,S3-546831512,S3-539769943	True
S1-533413588	S3-365099132,S3-186861711,S3-479572013	True
S1-923100486	S2-995039753,S3-225689818	True
S1-311626580	S2-998215525,S3-903264242,S3-567791723,S3-266339955,S3-360898726	True
S1-613864405	S3-353091745	True
S1-495618784	S2-802105655,S3-33401120,S3-523331732,S3-409505320	True
S1-691206576		False
S1-619214820	S2-419256954,S3-199316667,S3-785529028	True
S1-363060086		False
S1-497163863		False
S1-891941569	S2-829225132,S2-807884569,S3-223858203,S3-89746382	True
S1-439868712	S2-896727664,S2-421081620,S3-304487743,S3-331661174,S3-97562950	True
S1-819894656	S2-84241025,S3-428390716	True
S1-940851737		False
S1-216039865	S2-709296333,S3-913143193,S3-569788731,S3-253689816	True
S1-278865681	S2-271894953,S2-149690520,S2-48982139,S3-239266071,S3-751411283	True
S1-919399487		False
S1-290837023		False
S1-841865158	S2-654656733,S2-905665744,S2-730932084,S3-419729536,S3-95015581	True
S1-301956184		False
S1-323730569	S2-499747250,S2-945008918,S2-970814652,S3-668733756	True
S1-740573117		False
S1-880593800		False
S1-190171073	S2-175575809,S2-834114909,S3-866390080,S3-241500290,S3-708847728	True
S1-914888250	S2-304714830	True
S1-742814267		False
S1-841243745		False
S1-667381368	S2-344792066,S2-784526122,S3-674969376,S3-744330142	True
S1-110605692	S2-725533137,S2-339245949,S3-787560333,S3-466237812	True
S1-361428347		False
S1-424822301		False
S1-984378817	S2-760304612,S3-560659261	True
S1-440738074	S2-776575769,S2-529090872	True
S1-225848793	S2-207069775	True
S1-782155619	S2-38805199,S2-81437879,S3-305409696	True
S1-304527213		False
S1-247394600		False
S1-333918813	S2-51592980,S3-503551781	True
S1-238929296	S2-47963359,S2-34774427,S2-125167762,S3-672911138,S3-486464376,S3-565033855,S3-378111922	True
S1-985430952		False
S1-445600729	S2-330571108,S3-135732047	True
S1-993296442	S2-348143085,S2-564455948,S3-210152862,S3-14770723	True
S1-101075246		False
S1-517286461		False
S1-592250839	S2-734563890,S2-788804700,S2-329584582,S3-469705726	True
S1-487491510	S2-817190368,S3-973295279	True
S1-748166711		False
S1-334439142		False
S1-63424876	S2-701223356,S3-99571483	True
S1-730863991	S2-184683251,S2-850201941,S2-172227428,S3-783893350,S3-902397484	True
S1-164620411		False
S1-182803792		False
S1-903667378		False
S1-349463325		False
S1-270525594	S2-244145335,S2-752690591,S3-372104694,S3-46058446	True
S1-839715682		False
S1-947693525	S2-308989015,S3-971027471	True
S1-462789935		False
S1-711392675	S2-336827667	True
S1-247636284	S2-251651760,S2-59053450,S3-13953778,S3-307673869	True
S1-439619480		False
S1-866078095		False
S1-748613786	S2-514049920,S2-442451416,S3-572621201	True
S1-828955567		False
S1-492897142		False
S1-976897210		False
S1-423581088		False
S1-520384340	S2-627211448,S3-927872772,S3-906777787	True
S1-78438614	S2-47382328,S3-468728861,S3-156905249,S3-249548506	True
S1-983822957		False
S1-735994486	S2-331343469,S3-878024054,S3-275458114,S3-772110985	True
S1-361813504	S2-264497834,S2-143026902,S3-640439368,S3-450191806	True
S1-282196119	S2-769565549,S3-767987513,S3-645677766	True
S1-149417778		False
S1-232306512	S2-694718884,S3-720293372	True
S1-554260507	S2-803642232,S3-28821667,S3-249339729	True
S1-673808720		False
S1-40513701	S2-211362658,S2-711263040,S2-470440904	True
S1-780922879		False
S1-79370651	S2-839302668,S2-231085984,S3-382690648,S3-848530043,S3-200812685,S3-30859050	True
S1-948017369	S2-315363048,S2-933189369,S3-453005160	True
S1-80799886		False
S1-664000563	S2-785546597,S3-814170320,S3-821021637	True
S1-337376608	S2-504706816,S2-329806747,S3-949905465,S3-172271961	True
S1-516023421		False
S1-605403373		False
S1-539166614		False
S1-572848896	S2-483305145,S2-14895681	True
S1-420247360		False
S1-740324213		False
S1-391355771	S2-162228388,S3-523628382,S3-368938537	True
S1-163700339	S2-746414561,S2-30999635,S2-431424075,S2-201468408,S3-556222822,S3-139317670	True
S1-729562263		False
S1-391767458		False
S1-78084873		False
S1-235071490	S2-892481076,S3-570344656,S3-971323941,S3-968587606	True
S1-703268068	S2-518709111,S3-508036574	True
S1-155946340	S2-132901619,S2-402834408,S3-813260088,S3-48840068,S3-304422998	True
S1-822169113		False
S1-427919741	S2-721118917,S2-529679136,S3-782644925,S3-262264225,S3-438673406	True
S1-80373139		False
S1-666770802	S2-214844285,S2-701218233,S2-735921481,S3-996719208,S3-520354876	True
S1-823961881		False
S1-626869098		False
S1-910587611	S2-299997724,S2-241072381,S2-465054725,S2-954192490,S3-374437886,S3-198122651,S3-690260626	True
S1-227392978	S2-8628559,S3-385019345,S3-484105992,S3-645708696,S3-253634719	True
S1-160375612	S2-496938051,S3-8868049	True
S1-630221934	S2-486515306,S2-782016785	True
S1-636628893	S2-124218580,S2-340421137,S3-178663227	True
S1-975560547	S2-483120435,S2-838465441,S2-175462480,S3-688197081	True
S1-922364403	S2-881880651,S3-137608904	True
S1-993845684	S2-912002881,S3-382890726	True
S1-973366819		False
S1-189002507		False
S1-369748512	S2-926447106,S3-197148691,S3-632129880,S3-612611770	True
S1-577857275		False
S1-603213114	S2-481237061,S2-997149135,S2-194577344,S3-501658771	True
S1-88928521		False
S1-739740193		False
S1-683935149	S3-13595780,S3-714421184	True
S1-443974275	S2-586985771,S2-50546602,S3-554405799,S3-845505144,S3-462423343	True
S1-988917486	S2-222642845,S2-856189351,S2-664180873,S2-187919010,S3-273828628	True
S1-334534527	S2-455112845,S3-752069550	True
S1-570889630	S2-600584693,S3-492557479,S3-466793206,S3-661768680	True
S1-319932414	S2-927597933,S3-354151287	True
S1-290961192	S2-93974766,S3-248462619	True
S1-509580410	S2-572812327,S2-636851122,S3-797429810	True
S1-69501770	S2-685881232,S3-290788851,S3-705263954	True
S1-79715985		False
S1-78794884		False
S1-447974257	S2-355479421,S2-9474802,S3-991519572	True
S1-966631230	S2-766235101,S2-725833520,S2-714308934,S3-828995614	True
S1-25380390		False
S1-340133154	S2-848006186,S2-314380506,S3-510411974,S3-706122375	True
S1-20855714		False
S1-643679196	S2-884552418,S2-332268748	True
S1-280256671	S2-275249826,S2-602232099,S2-929227961,S3-459361344	True
S1-254474856	S2-620719297,S3-722038932,S3-672613427	True
S1-917304035		False
S1-203285722		False
S1-106463805	S2-189612410,S2-897034555,S2-56703429,S3-458437051,S3-350719242,S3-196855631,S3-13609273	True
S1-959674451	S2-52024442,S2-243701109,S2-5927548,S2-67103201,S2-737036186,S3-355085689,S3-108153490	True
S1-13100554		False
S1-258122167		False
S1-800018814		False
S1-980122304		False
S1-939834172	S2-96710347,S2-403203986,S3-582780132	True
S1-264574838		False
S1-597356438		False
S1-318931963	S2-579649125	True
S1-432202054		False
S1-875269851		False
S1-620444304	S2-44381214,S3-156306189,S3-107120086,S3-41618349	True
S1-637639467		False
S1-608115869		False
S1-520146309	S2-790523219,S2-581410246,S2-438374811,S3-745395881	True
S1-751489698		False
S1-731639917		False
S1-496399569	S2-716415513,S3-230793974,S3-131539729	True
S1-592173		False
S1-944877977		False
S1-48974985	S2-183762520,S2-495218334,S2-975977698,S3-450634698,S3-69910751,S3-885901489	True
S1-509910874		False
S1-356662825		False
S1-686834179		False
S1-805980496	S2-378464565,S3-523503605	True
S1-937552116	S2-918529847,S2-658065564,S2-316631336,S2-905144933	True
S1-716337508	S2-648484832,S2-286450944,S3-290265270	True
S1-615696360	S2-285532468,S3-140599588,S3-357974347	True
S1-335904938	S2-699221291,S3-679701579	True
S1-832870557	S2-434801879,S3-978987651,S3-670017273	True
S1-987460124		False
S1-525118466	S3-396704147,S3-750411476,S3-951541530,S3-922547304,S3-273749763	True
S1-783410325	S2-303469791,S2-319452320,S2-222857150,S2-816986979,S3-395338987	True
S1-623738692		False
S1-712442709		False
S1-859761889	S2-42531501,S2-295195596,S2-960140197,S2-550721938,S2-159793725,S3-553467165,S3-609039861	True
S1-683666130		False
S1-618991675	S2-638303510,S3-211426505,S3-532354449,S3-854299214	True
S1-283507482		False
S1-320983510		False
S1-947601084	S2-927274662,S2-200924699,S3-914502154,S3-315857251	True
S1-216642645	S2-435852734,S2-259249884,S3-313123655	True
S1-709552024	S2-207120538,S2-832119108,S3-89521396	True
S1-467680817	S3-425503064,S3-927088755	True
S1-157811728		False
S1-512189409	S2-860190271,S3-795892497,S3-583299794	True
S1-166369145		False
S1-925409101	S2-260676983,S3-701345624,S3-214097251	True
S1-168879241	S2-497751802,S2-835753417,S2-43470684,S2-70053975,S2-981404980,S3-292268787,S3-43435332	True
S1-331357300	S2-511067914,S2-7079058,S3-125899769,S3-21458414	True
S1-473942110	S2-155840542,S3-798097897,S3-475209959	True
S1-346998485	S2-553342378,S2-273045095,S3-796241124,S3-817063290	True
S1-773405470		False
S1-407678595	S2-180591219,S2-363784126,S3-934210306,S3-765101257	True
S1-602588101	S2-466566825,S3-168421552,S3-261395134	True
S1-629952902		False
S1-404511617		False
S1-182652558		False
S1-120084653		False
S1-474402633	S2-481270104,S3-216175189	True
S1-911280877		False
S1-811012423	S2-424107744,S3-696662883,S3-693831813	True
S1-987596727		False
S1-46007275		False
S1-279036185	S2-351920992,S3-179856528	True
S1-324482682		False
S1-265745100	S3-190339391	True
S1-570407064		False
S1-734421857	S2-736755839,S2-891439401,S2-741565029,S3-516274942,S3-407639730,S3-856144005	True
S1-754930037		False
S1-859847989		False
S1-620130492		False
S1-330650895	S2-784003269,S3-823025488,S3-191375156	True
S1-346356354	S2-34486364,S2-317425463,S2-992842462	True
S1-613807928		False
S1-836687462		False
S1-295268481		False
S1-586250323		False
S1-391723940	S2-940101144,S3-474765917	True
S1-580864641	S2-852684090,S3-40683945,S3-968445855	True
S1-473346960	S2-943743625,S3-262185233,S3-691439075,S3-425849436	True
S1-946121200	S2-596096484,S2-187548909,S2-33781715,S2-26249193,S3-532638242,S3-422426426	True
S1-622923436	S2-810252019,S2-261707944,S2-880279769,S2-587840922,S3-462202069,S3-358118055	True
S1-291297431	S2-70138076,S2-202333721,S3-446274839,S3-599847987	True
S1-342561649	S2-240584954,S2-773630834,S3-303376312	True
S1-238464255		False
S1-793553626		False
S1-621590666	S2-884406923,S3-523185952,S3-817991973,S3-180752349	True
S1-121075932		False
S1-674311904	S2-557065225,S2-403861482,S3-16923315	True
S1-111418169	S2-456049742,S2-74926142,S2-737555195,S3-288223684,S3-931764973,S3-156311695	True
S1-613311355		False
S1-274616508		False
S1-441067410		False
S1-8320353		False
S1-138346778		False
S1-792364715		False
S1-646834733	S2-968125871,S2-424560523,S2-226845516,S3-603167537,S3-113048415	True
S1-155649652	S2-153760356,S3-381075822,S3-870708846	True
S1-481596737		False
S1-920362484		False
S1-305013589	S2-924609624,S2-360791896,S3-737661175,S3-842057134,S3-935833598	True
S1-791561913		False
S1-733645296		False
S1-182115380		False
S1-327931702		False
S1-731144865		False
S1-153309959		False
S1-579651512		False
S1-850787096		False
S1-224539293	S2-809078236,S3-685130189	True
S1-781036393		False
S1-343459029	S2-553347904,S2-443197981,S2-554662478,S2-793947859,S3-331448166,S3-668460441	True
S1-808493009		False
S1-850529299	S2-391722393,S3-231867387,S3-732493989	True
S1-325960054	S2-535226186,S3-794080670	True
S1-30332365		False
S1-295376137		False
S1-910848278		False
S1-757517302		False
S1-178800727		False
S1-867323773	S2-866085229,S2-835735160,S2-19538501,S3-421765692	True
S1-728786055		False
S1-252240779	S2-711903054,S3-203746672,S3-683439750,S3-575191781	True
S1-210999694		False
S1-935968877		False
S1-126470637		False
S1-224017552		False
S1-723987954		False
S1-382809837	S2-34760524,S2-367450528,S2-144847988,S3-933498780	True
S1-675166025		False
S1-315239836	S2-880378723	True
S1-255644815	S2-463634403,S3-851282231	True
S1-628224756		False
S1-566563816	S2-899730974,S2-532403153,S3-664341262,S3-766261524	True
S1-296955423	S2-431743969,S3-121144200,S3-253190374	True
S1-651434843		False
S1-374959375		False
S1-518756400	S2-243146196,S2-226277503,S3-895872632,S3-738100959	True
S1-41398706		False
S1-710573224	S2-173040966,S3-109735681,S3-904728570	True
S1-283192561		False
S1-516869341		False
S1-612678556		False
S1-393865975	S2-151679075,S3-514061746	True
S1-392109956	S2-673765801,S3-578650201	True
S1-142863970		False
S1-556797048	S2-654748524,S2-80012378,S2-209189409,S2-462475212,S2-221486411,S3-672601570	True
S1-266643966	S2-272509261,S2-687635223,S3-366617369	True
S1-375233640		False
S1-489933886		False
S1-72021889	S2-795093963,S2-146651672,S2-954791474,S3-131657722,S3-306277937	True
S1-706934837		False
S1-752369226	S2-789959852,S2-466208865,S2-797022264,S2-308477353,S2-464421460,S3-43765001,S3-936590484,S3-760100904	True
S1-165925749		False
S1-995246439	S2-460618570,S3-110083319,S3-993742214,S3-866005370,S3-604493970	True
S1-959371059	S2-375553253,S2-178461494,S3-622709316,S3-107947886	True
S1-603447217		False
S1-275143400		False
S1-299655040		False
S1-807766248		False
S1-615350325		False
S1-793507342		False
S1-908156910	S2-734706977,S2-934233325,S2-528576100,S3-73252420	True
S1-346993222	S2-598266252,S2-912862303,S2-562223568,S3-446052526	True
S1-157394264		False
S1-419089601	S3-690322751,S3-963798578,S3-525245701	True
S1-331099552		False
S1-601546221	S3-572713258	True
S1-38899359	S2-835603832,S3-914319812,S3-745763373	True
S1-890253952		False
S1-706339022		False
S1-323261968		False
S1-204063901	S2-608164841,S3-223030841	True
S1-766262271	S2-622549729,S2-364992270,S2-714848307,S2-713019253	True
S1-102242534	S2-887849064,S2-148771817,S3-510317510,S3-778671004	True
S1-243660503	S2-945180563,S2-381336479,S3-61999893	True
S1-561447830		False
S1-748814062		False
S1-155920329		False
S1-198395232		False
S1-894787517		False
S1-551055216	S2-886066557,S2-622072850,S2-224102168,S3-688679342,S3-718356967,S3-602157237	True
S1-529431362	S2-859818135,S3-92976361	True
S1-825081206	S2-139014965,S2-860469124,S2-356882244,S2-529621655,S3-347315315,S3-140468869	True
S1-537661127	S2-49856362,S2-247707656,S3-803059188,S3-394132407,S3-885904089	True
S1-745366924	S2-795651381,S2-432548185	True
S1-613683252	S2-804712276,S3-639379572,S3-109715896	True
S1-101405407		False
S1-497323890		False
S1-283611263		False
S1-851155756		False
S1-309491342	S2-524654334,S3-463799662	True
S1-788587374	S2-866948136,S3-399532650,S3-980223745	True
S1-75656689	S2-155094494,S3-17159898,S3-911555870	True
S1-809079059	S2-822062621,S3-781391301	True
S1-229190709		False
S1-627605022		False
S1-442219294	S2-263099175,S2-895791125,S2-930695476,S2-348536925,S3-215894967,S3-166070813,S3-132738171	True
S1-776696257	S2-101526241,S2-277938290,S3-264366525,S3-362459197	True
S1-130625906		False
S1-614725808		False
S1-492938101	S2-86246718,S3-161636655,S3-147330613,S3-161896447,S3-902940136,S3-723021407	True
S1-309396586		False
S1-200909995		False
S1-332907389	S2-881422827,S2-125021154,S3-620417733	True
S1-64966742		False
S1-912692834	S3-841846332	True
S1-106166607	S2-976886661,S3-410920459	True
S1-100255062		False
S1-166127477		False
S1-51820432	S2-227954519,S2-289144945,S3-703529615,S3-807997893	True
S1-45025468	S2-977120659,S3-542220054,S3-789439853	True
S1-572265858		False
S1-381193803		False
S1-291262810	S2-39692148,S2-352991720,S2-130144192,S3-508884838,S3-684659173	True
S1-445308069	S2-678367164,S2-673450824,S2-879672652,S2-938967022,S3-112707592	True
S1-185267440	S2-40802467,S2-453930018,S3-52075165,S3-612700179,S3-982759917,S3-715466506	True
S1-459711816		False
S1-649607209		False
S1-96905476		False
S1-502287687	S3-318826873	True
S1-824215532		False
S1-180534995		False
S1-547813325		False
S1-141035836		False
S1-360923346		False
S1-45028302	S3-117548171,S3-70737711	True
S1-874254719		False
S1-453256186		False
S1-970197633	S2-497561511,S2-839274649,S3-932768250,S3-434068325	True
S1-436945144	S2-953595875,S3-520095789	True
S1-908346152	S2-611821012,S3-459364098	True
S1-48309927	S2-513461794	True
S1-900152681		False
S1-736197992		False
S1-371907872	S2-877000101,S3-574829889	True
S1-544418029	S2-937462835,S2-930148895,S2-282707862,S3-774226254,S3-949031132,S3-426172430,S3-535165650	True
S1-912068125		False
S1-491112547	S2-193715635,S2-837730415,S3-407323588	True
S1-723134093	S2-960217291,S2-671896966,S3-331390617,S3-272855495,S3-176918027,S3-475826759,S3-176969879,S3-103851917	True
S1-292435006	S2-351823360,S2-698411371,S2-158071932,S2-488144777,S3-591723970,S3-462672964,S3-844549347,S3-120015686	True
S1-313641374	S2-212451260,S2-422498835,S2-222783709,S2-186410814,S2-500960296,S3-218134079,S3-920904998	True
S1-428451564	S2-319338665,S2-711740843	True
S1-888893931	S2-239061043,S3-307313269,S3-538465218	True
S1-474721839	S2-395762761,S2-447884063,S2-101516808,S3-762456189,S3-555690259,S3-602758812	True
S1-542473708	S2-180271671,S3-83652665,S3-207542917	True
S1-692001995		False
S1-698822857		False
S1-913370098	S2-281906050,S2-522118141,S2-614387377,S3-989144403	True
S1-4441723	S2-580471594,S2-88960907,S3-657894660	True
S1-519559027	S2-920938633	True
S1-312045079		False
S1-514378351	S2-303636596,S2-721634890,S3-164780664,S3-419346757	True
S1-444947373	S2-199131189,S3-960891240,S3-881095330	True
S1-763938807	S2-347119509	True
S1-4840256		False
S1-123971362	S2-940353998	True
S1-681137902	S2-887750590,S3-89917249,S3-872436361,S3-88557635	True
S1-582928457	S2-119932408	True
S1-344801166	S2-464171355,S2-716825844,S2-245591901,S3-491101635,S3-943777461	True
S1-779685719	S2-108447541,S2-979759764,S3-817283446	True
S1-82597331	S2-785279218,S3-884284014,S3-780070777,S3-973501512,S3-354843920,S3-749686026	True
S1-368161710	S2-263344305,S2-580018531	True
S1-938707573	S2-885076805,S2-228974335,S3-961129727,S3-365561634	True
S1-230711041	S2-453966352,S3-60485494	True
S1-337031646		False
S1-848491499		False
S1-647311227	S2-122288037,S3-504062164,S3-931984615	True
S1-634291769		False
S1-829940883		False
S1-144829744		False
S1-589154921		False
S1-193685245		False
S1-677916613	S2-45407539	True
S1-15631107	S2-88196101,S3-791681332,S3-502397291,S3-248952858	True
S1-874709722		False
S1-994634644	S2-123507631,S3-885021221,S3-921151414,S3-351050247,S3-88494554,S3-676258160,S3-285781608	True
S1-679791605		False
S1-972267133		False
S1-142520192		False
S1-357982063		False
S1-56547135		False
S1-999126463		False
S1-658230134	S2-50551458,S2-749636076,S3-669329684,S3-629766406,S3-299343886	True
S1-475934373		False
S1-24823072	S2-826462830,S2-634884753,S3-410661969,S3-342444501,S3-271805388,S3-125384419	True
S1-337399663		False
S1-377185781		False
S1-219143723	S2-476224195,S3-383717248	True
S1-143653214	S2-198422587,S3-502686875,S3-947269637	True
S1-97501314		False
S1-456962052		False
S1-285111033		False
S1-958057049	S2-682840128,S3-671804981	True
S1-295649498		False
S1-982987643	S2-588825703,S3-353701291	True
S1-757842839		False
S1-997879324		False
S1-255043890	S2-677635251,S3-126571830	True
S1-3469159	S2-54784845,S2-836754806,S2-133147357,S3-327626481	True
S1-83562047	S2-911763613,S2-381505759,S2-369629789,S3-484909164,S3-398525061	True
S1-616905383	S2-411166066,S3-995295533,S3-218677067,S3-860768487	True
S1-511773182	S2-141196003,S2-877293049,S2-748164372,S2-324903073,S3-748936323	True
S1-165937452		False
S1-888125357		False
S1-901008661		False
S1-520986603	S2-90907570,S3-219650377	True
S1-107559561	S2-298037084,S3-546495335,S3-339463528,S3-658490802	True
S1-149273476	S2-939359756,S2-652903927,S3-54239474,S3-237778650	True
S1-129161476		False
S1-560873588	S2-666838258,S3-475811227	True
S1-628843586	S2-908542026,S3-842961584	True
S1-422724834	S2-130498484,S3-621213132,S3-642073719	True
S1-491458299	S2-323334908,S3-863134960,S3-904130134	True
S1-717902964	S2-587351612,S2-823669893,S3-863847857	True
S1-709583270	S2-634411456,S2-99901022,S3-88781283,S3-664712571,S3-696184902,S3-295579904	True
S1-800346750	S2-370005387,S2-228233091,S2-778658657,S3-400072921	True
S1-45852351	S2-218003574,S3-393852314,S3-864015611	True
S1-270792799		False
S1-287959351		False
S1-127245872		False
S1-480231921	S2-873510045,S3-195046630,S3-987252931	True
S1-745349976	S2-425451870,S2-186675289,S2-681083100,S2-78364673,S3-89747383,S3-976967000	True
S1-577848387		False
S1-625148970		False
S1-617270932		False
S1-216667227	S2-206087860,S3-715374904,S3-78621775,S3-483597592	True
S1-486764597		False
S1-960283052		False
S1-691074568		False
S1-121674191		False
S1-457811428	S2-147222912,S2-754119349,S2-333268472,S3-154134335,S3-108427209	True
S1-526922028		False
S1-752578023	S2-836505568,S2-304149748,S3-570273831	True
S1-133691575		False
S1-831207463	S2-433205729,S2-272050286,S3-563637778,S3-883376853,S3-850185259	True
S1-403559153		False
S1-578602531		False
S1-734234309		False
S1-782195395		False
S1-18037477	S2-264906494,S2-243232063,S3-369923584	True
S1-768046903	S2-273494164,S2-109908493,S2-822027833,S3-826583531,S3-688368395	True
S1-159473907	S2-604177750,S2-926724512,S2-859837096,S3-565896432,S3-317148318	True
S1-607561432	S2-94487239,S3-252083953,S3-999960322,S3-751729973,S3-95933116	True
S1-338772800		False
S1-39283323	S2-913030192,S2-786299558,S2-708419514,S3-356685376,S3-659204535	True
S1-681424539		False
S1-791791634		False
S1-597133309	S2-880328956,S3-879779961,S3-155274397	True
S1-157293628		False
S1-144187876		False
S1-310802007	S2-972734138,S3-982002461	True
S1-278476581	S3-202253219,S3-315270465	True
S1-522064735		False
S1-968565015		False
S1-591474470		False
S1-269023906	S2-239718349,S2-193156198,S3-415899749,S3-500338434,S3-90827372	True
S1-273136301		False
S1-282243617	S2-374685549,S3-397436167,S3-241838877,S3-44979420	True
S1-210791772		False
S1-418327958		False
S1-747939736	S3-620725258,S3-454527184	True
S1-208594909		False
S1-979121914		False
S1-134431064		False
S1-990982184	S2-219187897,S2-430624900,S3-827365164	True
S1-682272549	S2-757993020,S2-804800017,S3-426249750,S3-145780944,S3-245141709	True
S1-83402905	S2-643143687,S2-936239052,S3-109816238	True
S1-335536061	S3-531684192,S3-868373044	True
S1-474433520		False
S1-11645457		False
S1-426765445		False
S1-735644700	S2-397970743,S2-877214950,S3-19846816	True
S1-995221117		False
S1-18890132		False
S1-644412604	S2-19432150,S2-343708668,S2-907092123,S3-871956551,S3-753291031,S3-128551941	True
S1-984926415		False
S1-584165671	S2-478520430,S3-105691968,S3-481546900,S3-532230973	True
S1-199279452	S2-611966572,S2-220885023	True
S1-105878870	S2-198341279,S2-693270240,S3-509882946	True
S1-199253756	S2-436491109,S3-247188403	True
S1-433788995		False
S1-144358851		False
S1-948671931		False
S1-582262279		False
S1-183102536	S2-344671943,S3-181619737	True
S1-206031096	S2-168631315,S3-668945927,S3-612926332	True
S1-762166941	S2-527955632,S3-439610886	True
S1-560267815	S2-542505837,S3-644926809,S3-594456185,S3-856125409	True
S1-706814481	S2-838378541,S2-852714105	True
S1-940193322	S2-790614150,S3-321504980,S3-171611817	True
S1-580921831		False
S1-925979031	S2-834275634,S3-326625957,S3-420375750,S3-860389601	True
S1-270675446	S2-766343356,S3-92495044,S3-732934225,S3-356552523,S3-929747992	True
S1-34726235	S2-135611343,S3-915956699	True
S1-343115340		False
S1-921585912	S2-119485988,S2-781467184,S2-929548258,S3-385959820,S3-487197432	True
S1-601781557		False
S1-529543475		False
S1-738427316		False
S1-579737604	S2-653610520,S2-854312583,S3-619897754	True
S1-583072573	S3-806231921,S3-399118717	True
S1-789664605		False
S1-177755559	S2-18257652,S2-20941943,S2-967587350,S2-658001582,S2-583871626,S3-524522062	True
S1-130892270	S2-482016358,S3-891821976,S3-466789668	True
S1-649681170		False
S1-315196045	S2-574513063,S3-275161688,S3-273320063,S3-599043169	True
S1-562130153	S2-493468261,S2-550783671,S3-153344434,S3-423997694	True
S1-139796088	S2-163343163,S3-568327289,S3-373768228,S3-637250805	True
S1-659501178		False
S1-346641340	S2-34468674,S2-122457359,S3-843880204,S3-60945468,S3-616455995	True
S1-748906259	S2-476834418,S2-945664965,S3-478214102,S3-289357275	True
S1-195513558	S2-60517919,S2-452588975,S3-531375224,S3-941199235	True
S1-295313102	S2-137986719,S3-904979880,S3-430457552,S3-188967012	True
S1-305974678	S2-132128068,S2-416150289,S2-632431132,S3-122473409,S3-104198966,S3-320286315	True
S1-868145136		False
S1-835242622		False
S1-731435051	S2-57321990,S2-645783537,S2-546950131,S3-532408944,S3-105509894	True
S1-386925579		False
S1-819529840	S2-2199116,S2-768345893,S3-727242747	True
S1-791244044	S2-742707060,S2-404801792	True
S1-610676819		False
S1-337084252		False
S1-40642561		False
S1-20816935	S2-236466856,S3-166317711,S3-755169238,S3-178212130,S3-288742591,S3-97732001	True
S1-651639335	S3-855909927,S3-20585708	True
S1-38622914		False
S1-852441349		False
S1-299320842	S2-137116526,S2-645701629,S3-837907464,S3-378371526,S3-323264602	True
S1-286130024	S2-411069569,S3-332674570,S3-41106054	True
S1-161379988	S2-273054620,S3-725613231,S3-321554790,S3-312367336	True
S1-496579607		False
S1-125940153	S2-699724793,S3-904939823	True
S1-205488434	S3-499898362	True
S1-338015141	S2-741363912,S2-553717133,S2-508985891,S2-535657966,S2-370703855,S3-519726501,S3-886602148,S3-844053942	True
S1-265985686		False
S1-637725381		False
S1-235272460		False
S1-273845163	S2-119630406,S2-602685974,S2-132317474,S3-853054442,S3-40594501	True
S1-576752553	S2-606640004,S3-812881796,S3-859099607,S3-883095350	True
S1-68001896	S2-975826905,S2-902790518,S3-337011641,S3-466628061	True
S1-201711833		False
S1-585274747	S2-878258923,S3-865771963	True
S1-945778552	S2-426365014,S3-360501112,S3-219474565	True
S1-254629530	S2-418637805,S2-664636667,S2-734762383,S3-408217638	True
S1-17708719		False
S1-598879454		False
S1-182359549		False
S1-21280077		False
S1-569894060	S2-667734959,S3-946149308,S3-936263880,S3-884982674,S3-657987820	True
S1-983885304		False
S1-983060206	S2-612637230,S3-989362234	True
S1-213650550		False
S1-837821924		False
S1-908107644		False
S1-146884175	S2-217405209,S3-286024500,S3-904336236	True
S1-467855197	S2-155383694,S2-896383003,S2-796449619,S2-689956373,S3-681548694,S3-597344703	True
S1-576832163		False
S1-746634998	S2-810541277,S2-289223878,S2-527055247,S3-916956434,S3-262732932	True
S1-685229785	S2-939072426,S2-291842377,S2-130870581,S3-741368395,S3-54626847,S3-521712832,S3-898092763	True
S1-690213496		False
S1-424342018	S2-754951144,S2-699115357,S2-11744727,S3-619256636,S3-194868410,S3-612166630,S3-639389140,S3-936597564	True
S1-231782165	S2-230425849,S3-174022279	True
S1-307439110	S2-975313570,S3-570540957	True
S1-275949708		False
S1-13822954	S2-279599911,S3-934142936	True
S1-924871555	S2-466665716,S2-14472282,S2-281967251,S3-151347042	True
S1-963815734		False
S1-244815864		False
S1-648852910		False
S1-121211762		False
S1-353662555	S2-726725646,S2-272231184,S2-37525633,S3-917166217,S3-163595374	True
S1-615949934	S2-870011380,S2-555240295,S2-321037304,S3-936615589,S3-472207906,S3-502363178	True
S1-375167133	S2-422907445,S2-485644073,S3-134204431,S3-483316498,S3-847367491	True
S1-237188810		False
S1-212762448	S2-768411652,S2-812003456,S2-519569386,S3-669764910,S3-108078296	True
S1-200328032	S2-99589254	True
S1-575141252		False
S1-522060170		False
S1-616560540	S2-706212334,S2-860624626,S3-5906251	True
S1-99200200	S2-141131735,S2-280785623,S3-587822797,S3-853890992,S3-398321315,S3-323889511	True
S1-93929658		False
S1-889310424		False
S1-23272379	S2-840309132,S3-419548632,S3-982560602	True
S1-306237947	S2-546159544,S2-896443171,S2-782743695,S2-799765530,S3-405137736,S3-669422424	True
S1-440561888		False
S1-126368700	S2-656327640,S2-197057720,S2-163881912,S3-576945411	True
S1-126807637		False
S1-368846223	S2-604578208,S3-470034717,S3-258778990	True
S1-751669422	S2-930310907,S3-735455708,S3-956550941	True
S1-322825131	S2-448921032,S3-403363364,S3-54648416,S3-586048380	True
S1-613852477		False
S1-209503088	S2-968273370,S2-107408323,S3-923959277,S3-253977423	True
S1-695933066		False
S1-46697254		False
S1-629885621		False
S1-799101759		False
S1-227907937		False
S1-34308583	S2-417719935,S3-146963342,S3-56175967,S3-622010890,S3-347477225	True
S1-265916927		False
S1-718789905	S2-185582079	True
S1-109597244		False
S1-839935884	S2-715649038,S3-797829361,S3-791442637	True
S1-505088136		False
S1-527691950		False
S1-769762508	S2-60490496,S3-231763355,S3-833677579	True
S1-123579227		False
S1-84266633		False
S1-877081590		False
S1-459889747	S2-650690201,S2-275402623,S2-528602473,S3-390397638,S3-329563773	True
S1-411666657		False
S1-749853770		False
S1-263879383	S2-918278388,S3-644811856,S3-722831861,S3-568069646	True
S1-512194029	S2-950493742,S2-244542262,S3-934253575	True
S1-176170797		False
S1-665097015	S2-831672834,S3-279088487,S3-291605234,S3-66570430	True
S1-907309799		False
S1-464676969	S2-433095220,S2-203038020,S2-805128881,S2-802726070,S2-470128396,S3-328559712,S3-312925455	True
S1-437738117	S2-947806226,S2-218613405,S2-500654669,S3-130763923	True
S1-694113923		False
S1-156915148	S2-610987483,S3-561925111,S3-557659610,S3-215213653,S3-675876538	True
S1-645856484		False
S1-783859140	S2-198472385,S2-944290972	True
S1-757624278		False
S1-437208383		False
S1-481038488	S2-155121659,S2-280476396,S3-810676748,S3-478202115	True
S1-149636013	S2-288795614,S2-903474053	True
S1-299222176		False
S1-722670917		False
S1-935017443	S3-991195918,S3-788225322	True
S1-329368725		False
S1-953813236	S2-739515874,S2-179324381,S2-596557724,S2-958273492,S2-751205738,S3-393737589,S3-367047149	True
S1-812782218		False
S1-905561819		False
S1-453669617		False
S1-330432238	S2-509616964,S2-199267954,S2-529563062,S3-663866646,S3-692047826	True
S1-734679494		False
S1-883940594		False
S1-386156800		False
S1-704708683		False
S1-963194585		False
S1-233131970	S2-383729392,S2-920335160,S2-923140774,S3-657513704	True
S1-898012055	S2-259230030,S2-510656308,S2-593916237,S2-476745329,S3-190710674,S3-659759112,S3-370929226,S3-205505602	True
S1-998818173		False
S1-106160197	S2-347252827,S3-559654001	True
S1-477071626		False
S1-419778671		False
S1-405621727	S2-320053318,S2-408853313,S2-275856762,S3-750093404,S3-535041068,S3-863458128	True
S1-211824300		False
S1-94584687		False
S1-499592957	S2-360760524,S2-913502414,S3-707429926,S3-400585315	True
S1-581230282	S3-744538660,S3-45266405,S3-791668980	True
S1-863974156		False
S1-881066401		False
S1-579676287	S2-230602505,S3-52918578	True
S1-398977810		False
S1-436965101		False
S1-621651410	S2-340245151,S2-858884813,S3-135200359,S3-125499135,S3-908212710	True
S1-628532520		False
S1-467704333		False
S1-714094678		False
S1-11642515	S2-524364290,S2-451477736,S2-148757846,S3-604067126,S3-729080474	True
S1-428182717		False
S1-686517086	S2-113537532,S3-271072705,S3-799850413	True
S1-256677457		False
S1-519343709	S2-449240670,S2-109833438,S3-524180837,S3-209886757	True
S1-593967338	S2-710365861,S3-196149960,S3-191919946	True
S1-888569158	S2-238539676,S2-294570036,S2-530647212,S3-757602866	True
S1-779181165		False
S1-241228131		False
S1-995318544		False
S1-390429750	S2-16555243,S3-185481704,S3-696885398,S3-257482678,S3-545463449	True
S1-418029625	S2-152888329,S3-841019147	True
S1-477915152	S2-988467604,S3-802703641	True
S1-617603148		False
S1-171742972	S2-686609073,S2-644244204,S3-351656604	True
S1-829754779	S2-415617615,S2-2730616	True
S1-666892758	S2-876903797,S3-862969472,S3-837172412,S3-576070119	True
S1-548811931		False
S1-740330679	S2-648353935,S2-672533547,S3-457381485,S3-430670598,S3-760493076	True
S1-771322599	S2-147847352,S3-998245264	True
S1-353050453		False
S1-368325134		False
S1-286779012	S2-351168977,S2-475824799,S3-694115925	True
S1-873373452		False
S1-673443003		False
S1-864039487	S2-782085373,S2-679226634,S3-685226242,S3-192586194,S3-47663284	True
S1-135150960		False
S1-7811162		False
S1-648100136		False
S1-947389846		False
S1-297437511		False
S1-40639351		False
S1-858741394		False
S1-560037536		False
S1-102685581		False
S1-873197114	S2-230295997,S2-503747973,S2-281195265,S3-899869607,S3-39421563	True
S1-803217151		False
S1-226362864		False
S1-497739336	S2-276342643,S2-521754868,S3-270882997	True
S1-638799628		False
S1-469764828		False
S1-373315519		False
S1-547264506	S2-274381960,S2-117098774,S2-267477409,S3-343338932	True
S1-61362047		False
S1-419264772	S2-56766661,S3-656763769,S3-740732670,S3-935641168,S3-639503280	True
S1-125714396		False
S1-140147098	S2-962990395,S2-108230789,S2-315294537,S3-193872723,S3-729044833,S3-118519817,S3-386526598	True
S1-401557990	S2-751374376,S2-511118366,S3-547738534,S3-544367188,S3-822211009	True
S1-997338253		False
S1-15682485		False
S1-683110707	S2-490387717,S2-763697844,S2-651321398,S2-6818691,S3-292059071	True
S1-765401494		False
S1-491605842	S2-290873634,S2-121218414,S3-664274432,S3-429808508	True
S1-580328170	S2-968832499,S2-754488320,S3-788897476,S3-421506758	True
S1-103368644		False
S1-599827934	S2-335714256,S3-209886004	True
S1-295262118		False
S1-209466880	S2-242815269,S3-711815692	True
S1-625251900		False
S1-471449391		False
S1-974683799	S2-967132957,S3-548326516	True
S1-233061726		False
S1-465834867		False
S1-667217246	S2-198519097,S2-426741676,S3-45404173,S3-687778289	True
S1-3293909	S2-31592647,S3-7257656	True
S1-82776461		False
S1-791493503		False
S1-366503219	S2-635003762,S2-87474910,S2-716324745,S2-553040171,S2-997559778,S3-843686598,S3-450610800,S3-648038721,S3-794379652	True
S1-720802603	S2-125318036,S3-106584971	True
S1-12594767	S2-363820498,S2-924945022	True
S1-477812764	S2-728257519,S2-301258075,S3-532511846	True
S1-537366315	S2-185861198,S2-695338944,S3-448354964	True
S1-657451506	S2-63781079,S3-986163505,S3-56465405	True
S1-108873052		False
S1-815776210		False
S1-939175006		False
S1-641921216	S2-45119503,S3-49515945,S3-958546178	True
S1-931200221	S2-237833773,S2-361558764,S2-817574393,S2-424528689,S3-52525961	True
S1-780777024	S2-975650267,S2-110555001,S3-917350014,S3-549119642	True
S1-849238691	S3-739543080,S3-653784700,S3-971222218	True
S1-262982830		False
S1-390395141	S3-71273624,S3-482005669	True
S1-459932497		False
S1-774774591	S2-707622644,S3-225124402,S3-187330121	True
S1-518497096		False
S1-442978999		False
S1-704691657		False
S1-832230200	S2-537118174,S2-762979377,S2-666861865	True
S1-94015090		False
S1-137492435	S2-199058793,S3-299741557,S3-805596293	True
S1-869027585		False
S1-328055994	S2-142875026,S2-722971621,S3-478364070	True
S1-119486162	S2-119932364,S3-915399612,S3-69121414,S3-35713943,S3-842928506	True
S1-579124164		False
S1-534462280	S2-901629096,S3-979030764,S3-547218308	True
S1-38810982	S2-66812125,S2-237538608,S3-711248052,S3-258843486	True
S1-271991969		False
S1-17973376		False
S1-64145163	S3-488797553,S3-184549849	True
S1-389742566		False
S1-355078595		False
S1-6357056		False
S1-757704023		False
S1-165923981		False
S1-99659838		False
S1-717704915		False
S1-40263614		False
S1-833135962		False
S1-223274406	S3-135595817,S3-67284852	True
S1-940832070		False
S1-661817025	S2-763774573,S2-911245917,S2-901483855,S3-484406667	True
S1-613026427		False
S1-291419067		False
S1-48587595		False
S1-237713056	S2-499336710,S2-520988840,S3-169384606	True
S1-714117239	S2-961893286,S2-144053551,S3-755738548	True
S1-4085525		False
S1-383052132	S2-888451926,S2-840209599,S2-380435456,S2-321734278,S3-125614832,S3-55257788	True
S1-234267669		False
S1-391371873		False
S1-323294547		False
S1-953282584		False
S1-876802091	S2-481042467,S2-905159117,S3-763166899,S3-726244702	True
S1-715016006		False
S1-266677871		False
S1-992301211	S2-200951925,S3-136645253,S3-38112904	True
S1-989501995	S2-637852822	True
S1-874436773		False
S1-589537570		False
S1-203116924		False
S1-30920478	S2-753196620,S2-172498929,S3-487961259	True
S1-740128096		False
S1-594199455		False
S1-782434473	S2-650393084,S2-995406909,S2-963208599	True
S1-426415823		False
S1-949608035	S3-536791235	True
S1-847614806	S3-214569589,S3-695783331	True
S1-536943009		False
S1-683881546	S2-107384525,S3-68487237	True
S1-587707132		False
S1-632238206	S2-388254448,S3-229304670,S3-233547949,S3-722352154	True
S1-702288833	S2-482213765,S3-947432492,S3-845808950	True
S1-694714965		False
S1-776693283		False
S1-520762234		False
S1-565275552	S2-673197395,S2-43211075,S2-322073750,S2-972209875,S2-626369000,S3-109356551,S3-512775066	True
S1-151980053		False
S1-863588111	S2-104107392,S2-662791244,S3-924021522,S3-943165953,S3-546884750,S3-284594905	True
S1-262660930		False
S1-95202111		False
S1-183090157		False
S1-563409252	S2-15439722,S3-11208690,S3-19327018,S3-72837318	True
S1-57555731	S2-413609894,S3-587735992,S3-230666049	True
S1-914855898	S2-844021077,S3-316539392,S3-17043412	True
S1-553090398		False
S1-604589128	S2-215768064,S3-691688304,S3-272287515	True
S1-357824091		False
S1-206110582		False
S1-690000613		False
S1-462064505		False
S1-289301760	S2-392361168,S2-778069240,S3-216927304	True
S1-53551792		False
S1-715978151		False
S1-444225113		False
S1-424355932		False
S1-273837113		False
S1-215100807	S2-28365433,S3-607071677	True
S1-311780857		False
S1-339466976		False
S1-947053968		False
S1-547377599	S2-182975965,S3-242109605	True
S1-222730445		False
S1-17018076		False
S1-30692483	S2-652153744,S3-170349021,S3-469846392,S3-944402226	True
S1-282299572	S2-267253549,S2-435298761,S3-223082395	True
S1-372737825		False
S1-565624419		False
S1-246711963		False
S1-550027191	S2-950065563,S2-683369610,S3-716088045,S3-828340725	True
S1-784904244		False
S1-981221654		False
S1-233070744	S2-838645917,S3-48735706	True
S1-405484472		False
S1-689057	S2-291764725,S2-524731465,S2-415594230,S3-37743849,S3-887913497	True
S1-124832837	S2-908493916,S2-707940374,S2-566378973,S2-331826350,S3-472630033,S3-886078369	True
S1-5425117		False
S1-349541614	S2-913908671,S3-526566407,S3-98582804,S3-157949831,S3-361830819	True
S1-773989206	S2-341796222,S2-84201215,S2-265180862,S3-275731696	True
S1-463840581		False
S1-859581091		False
S1-901861313		False
S1-87166220	S2-153782340,S2-886587480,S3-513856778	True
S1-447807993	S2-898329436,S2-529565975,S3-696612656	True
S1-297283634	S2-883494752,S3-886160517,S3-404617555	True
S1-854430462	S2-75102109,S3-912700708,S3-471986510,S3-73124026,S3-671980363	True
S1-344271902	S2-793670631,S2-952508407	True
S1-138023062		False
S1-991622344	S2-49327589,S3-725130732	True
S1-362760904		False
S1-523512111	S2-45038974,S2-630337524,S2-366794555,S3-803274199,S3-255129313	True
S1-511255528		False
S1-395407466		False
S1-904767477	S2-999362346,S2-762678921,S2-481852054,S3-562187842,S3-994014786	True
S1-747408977	S2-579482577,S2-184725841,S2-364500333,S3-439708207	True
S1-831317803	S2-238394666,S2-400541070,S3-290600317,S3-185571094,S3-317171049	True
S1-168936611	S2-186728495,S3-249555232,S3-744902779	True
S1-253295168	S2-836370134,S3-929619727	True
S1-440833696		False
S1-843934165	S2-878943040	True
S1-434341432		False
S1-50364553	S2-194067402,S3-477761151	True
S1-775381853		False
S1-225767335		False
S1-132884406	S2-914102923,S3-350623030,S3-220222872	True
S1-602559016		False
S1-597078101		False
S1-423404118		False
S1-496418258	S2-162865539,S2-185074910	True
S1-700311225		False
S1-13358942	S2-697545830,S2-644832783,S3-911152851	True
S1-825989253		False
S1-28873082		False
S1-470007480		False
S1-354102245		False
S1-75583901	S2-642877608,S3-512295753,S3-416724220,S3-539795599,S3-972315536	True
S1-349849430	S2-690241647,S3-28258819,S3-839220938,S3-922948006,S3-919068729	True
S1-731684417	S2-64106652,S2-446558307,S3-512922661,S3-739106950	True
S1-847477604	S2-755419720,S3-531391938,S3-168793781	True
S1-810093453		False
S1-198069317		False
S1-996345575		False
S1-260206510	S2-547042517,S2-521255077,S2-793038697,S3-410791314,S3-313755103,S3-515452635	True
S1-134300882		False
S1-516740654	S2-527853064,S2-763775186,S3-369126539	True
S1-479517627	S2-575787170,S2-488730681,S3-546952215	True
S1-569656963		False
S1-798797165		False
S1-68195290		False
S1-31276345		False
S1-874904008	S2-205424447,S3-613703556,S3-723986031,S3-369024302	True
S1-354656171		False
S1-260623879	S2-418929451,S2-175980662,S2-991594021,S2-671746192	True
S1-446797312		False
S1-299807993		False
S1-382358411		False
S1-196065944	S2-818754438,S2-189419246,S2-754240949,S3-644891412,S3-204778487,S3-926918925,S3-590773529	True
S1-339155297		False
S1-121831147		False
S1-224994663		False
S1-850842352	S2-27821257,S2-712141317,S3-953755213	True
S1-157732439		False
S1-901084968	S2-653651450,S2-825002468,S3-206353705	True
S1-722652527	S2-438047686,S3-270816362,S3-764609061	True
S1-504912627		False
S1-612181129		False
S1-415383948	S3-962320049	True
S1-758654589		False
S1-804801369		False
S1-36712266		False
S1-946512748	S2-425376942,S3-286193873,S3-904164627	True
S1-804047632		False
S1-948061925		False
S1-262687088	S2-416196734,S3-289064894	True
S1-722213827		False
S1-524814282		False
S1-102925191	S2-391336904,S3-208529718,S3-662029416	True
S1-422886888	S2-971345544,S3-103427084,S3-105139601,S3-11737573,S3-752416451	True
S1-622315361		False
S1-463439113		False
S1-236390977	S2-165720222,S2-451566948,S3-20758861	True
S1-683371522		False
S1-937633621		False
S1-859245873		False
S1-916762067		False
S1-557158141		False
S1-164612626	S2-461938642,S3-34143868	True
S1-488108136		False
S1-718018209		False
S1-328698297	S2-732740565,S2-264009625,S3-48273964,S3-14462174,S3-48616756	True
S1-285882203		False
S1-334980251	S2-188357256,S3-238455837,S3-899878408,S3-588174890	True
S1-487167020		False
S1-729262770	S2-479961451,S3-411616715,S3-332320213,S3-928307304	True
S1-250490723	S2-109700513,S3-235448066,S3-557308515,S3-639737441	True
S1-256605643		False
S1-718502802		False
S1-505963960		False
S1-298445693		False
S1-77415953	S2-56414726,S2-918969837,S2-546874963,S2-437990418,S3-945123609,S3-580155372	True
S1-6366150	S2-589694295,S3-289764726	True
S1-681114443	S2-390733736,S2-151447859,S3-825037257,S3-638655014	True
S1-240800550	S2-617458994,S2-576700657,S2-439386755,S3-923417707	True
S1-209917772	S2-730844832,S2-873614238,S3-34582770,S3-240981150	True
S1-339576951	S2-111014080,S2-75477263,S3-966843099	True
S1-757649452		False
S1-720190408		False
S1-152437793		False
S1-565901091	S2-597098692,S2-458412056	True
S1-261963756	S2-723392653,S2-33541318,S2-297207217,S2-371301906,S3-843361873,S3-41454378,S3-55011358,S3-304009164	True
S1-847703523	S2-477909374,S3-97416413	True
S1-362826336		False
S1-697584413		False
S1-898876058		False
S1-729767999	S2-660126545,S2-717109786,S2-899750768,S3-205418478,S3-279318354	True
S1-955531844		False
S1-857626307	S2-251942743,S2-168172961,S3-454402435,S3-536340423,S3-757900461	True
S1-62164519		False
S1-272023168		False
S1-994087688	S3-900441439	True
S1-71636676	S2-878740806,S2-767459085,S2-143811961,S3-515870421	True
S1-937301002		False
S1-3416178		False
S1-494943583	S2-788295039,S2-117139667,S2-951813107,S3-330679379	True
S1-10944517	S2-445609541,S2-354823045	True
S1-233308265		False
S1-546297388		False
S1-802255769	S2-774367404,S2-209729187,S2-487592764,S3-115255917,S3-670081696,S3-19642998	True
S1-922596225		False
S1-224624237		False
S1-656760614	S2-312549175,S2-980994109,S3-143613714	True
S1-792754328	S2-396183571,S2-429738505,S3-428419248	True
S1-821602368	S2-695698917,S2-131995659,S3-775044803,S3-581380511,S3-579256134	True
S1-681130816	S2-588776406,S2-536327833,S2-832128321,S3-912748264,S3-771958907	True
S1-700847247		False
S1-840462535		False
S1-953441547	S2-896436588,S3-190574650,S3-192514805,S3-82571758,S3-695607378	True
S1-940289893		False
S1-212074153	S2-865150910,S3-158359804,S3-226204993,S3-58714060,S3-17158509	True
S1-758989158	S2-254406651,S3-881875128	True
S1-407790056		False
S1-952196491	S2-708533486	True
S1-922690808	S2-318050567,S2-77471578,S2-404803008,S3-451747653,S3-597736431	True
S1-476006717	S2-83732230,S3-666805779,S3-327868951,S3-825947052	True
S1-640447044	S2-811356801,S2-437314987,S3-765058359,S3-782835764	True
S1-36696887		False
S1-447558205		False
S1-315898597		False
S1-154127811		False
S1-924061482		False
S1-254210722		False
S1-241739779	S2-70811104,S2-989404469,S3-601703686,S3-62716852	True
S1-830274228	S2-951011432,S2-432026618,S3-113966156,S3-606082415	True
S1-53678569	S2-794205166,S2-417925205,S2-970371019,S2-803119776,S2-909372663,S3-386123109,S3-122979451	True
S1-795444745	S2-397150463,S3-88434464,S3-892710008	True
S1-325006543	S2-750261106,S2-558214416,S3-12449419,S3-999646170	True
S1-679798428		False
S1-584085550	S3-874573198,S3-50176345	True
S1-664575771		False
S1-865158901		False
S1-627740543		False
S1-914106183	S2-105969290,S2-131277438,S3-267914418,S3-367972228,S3-162862267	True
S1-760524044		False
S1-160697912	S2-847822189,S2-471378081,S3-724006642,S3-220909812	True
S1-167903628		False
S1-975388858		False
S1-935161526	S2-547003170,S2-148017087,S2-19393610,S3-395011378	True
S1-60987725		False
S1-859854273	S2-289623063,S2-977259001,S2-988420333,S3-446898232	True
S1-750963435		False
S1-854157035		False
S1-837219370		False
S1-882226426	S2-596753819,S3-332442953,S3-574398468	True
S1-419665311	S2-880124894,S2-781972740,S3-130600179,S3-531955118,S3-272419473,S3-325096502	True
S1-929004442		False
S1-576558323	S2-727886882,S2-813833593,S2-756002442,S2-444015520,S3-784902059,S3-800255575	True
S1-500843884	S2-759947260,S2-462843369,S2-898683820,S3-692602979	True
S1-831181466		False
S1-23549075	S2-456792011,S2-288952147,S3-785352398,S3-626932736,S3-794169420,S3-812057302	True
S1-482185041		False
S1-952037826		False
S1-994603027	S2-737336437,S2-591637934,S3-537445407	True
S1-395583924	S2-942236184,S3-234857264,S3-924336852,S3-850320252,S3-10936701	True
S1-516232048		False
S1-864470805		False
S1-216406866		False
S1-167534177	S3-645684576,S3-360261023	True
S1-183580394		False
S1-87245426	S2-297081188,S2-421730308,S3-42558397,S3-890654868	True
S1-340048202		False
S1-845458497	S2-489532640,S2-35301089,S3-456940163,S3-464186878,S3-381777092	True
S1-864187566		False
S1-444794902		False
S1-24449690	S2-539086477,S3-369245356,S3-343160624	True
S1-313136224		False
S1-767317556		False
S1-152394556	S2-746878773,S3-813218280	True
S1-83138109	S2-718695466,S2-63725455,S3-135879958	True
S1-783372586		False
S1-866434355	S2-347715939,S2-787387820,S3-194722705,S3-626229382,S3-53494758,S3-983848288	True
S1-145863649		False
S1-256175250	S2-847299893,S2-655938356,S3-805705110,S3-589613846,S3-178215546	True
S1-31142644	S2-357311763,S2-636512894,S2-531655447,S3-97882982,S3-361773008	True
S1-676817215	S2-826689119,S3-855827808,S3-396691333	True
S1-460932936		False
S1-591493139		False
S1-758666324		False
S1-941357875	S2-286443292,S2-188223749,S3-169517068,S3-784934594	True
S1-964187492		False
S1-770702310		False
S1-512014871	S2-527261122,S2-835778295,S3-700070446	True
S1-630283074		False
S1-763419074		False
S1-945802950		False
S1-867373754	S3-957967067	True
S1-262955769	S2-498843684,S2-426961246,S3-938123223,S3-271212348	True
S1-689858303	S2-848318945,S2-691508358,S2-874987880,S3-848855059,S3-598302630	True
S1-956933534		False
S1-994225306		False
S1-838231828		False
S1-166219718	S2-329698838,S2-919310553,S3-695638158	True
S1-138588760		False
S1-660973448	S2-4817516,S2-696188027,S3-100297905	True
S1-876160795	S2-3964983,S2-959912972,S2-699274814,S3-576180036,S3-20161609	True
S1-625113633		False
S1-990134956		False
S1-280765579	S2-602666387,S3-502219278	True
S1-697026052		False
S1-870815269	S2-588709785,S2-12443266,S2-724199706,S2-696303538,S2-561006396,S3-9301179	True
S1-932125631	S2-441547403,S2-792999963,S3-379936800,S3-836202274,S3-540449405	True
S1-227434779		False
S1-685512533	S2-132161277,S2-260429280,S3-826413065	True
S1-974592323		False
S1-126478339	S2-429545199,S3-157726095,S3-802548860	True
S1-972415882	S2-914251973,S2-72081985,S2-646888048,S3-413231857,S3-678046546	True
S1-63862430		False
S1-986283925		False
S1-512295224		False
S1-360695824		False
S1-304197447	S2-338515322,S2-207504201,S2-995687853,S3-553794293,S3-570436629,S3-794082367,S3-613584438	True
S1-295609528		False
S1-641139613	S2-684747877,S3-880209334,S3-532950412,S3-705786693	True
S1-382469059		False
S1-878803386	S2-546897399,S2-857575352,S3-779325938,S3-381288072,S3-849159183,S3-313783565,S3-570958313	True
S1-633601267		False
S1-822284471	S2-315819607,S3-177721121	True
S1-499867017	S2-123120608,S2-43348904,S3-800045262	True
S1-160862072		False
S1-27290783	S2-573620621,S2-747188880,S3-321265296,S3-551579416,S3-292258161	True
S1-743414358	S2-974877247,S2-689055768,S2-553081637,S3-809170415	True
S1-984876610		False
S1-829337512		False
S1-338590893	S2-645268217,S2-259234791,S2-81490288,S2-672609639,S3-182326131,S3-687450004,S3-396503289,S3-548255222	True
S1-549857434	S2-659036961,S3-103298576	True
S1-502098517	S2-761165936,S3-822151489,S3-760126811,S3-73877574	True
S1-994507546	S2-544239525,S3-299735468,S3-693319795	True
S1-454028800	S2-944538983,S3-81868005,S3-255644197	True
S1-525054877	S2-318106457,S3-392638568,S3-220360342	True
S1-42813129		False
S1-553644513	S2-390812813,S3-402847827	True
S1-497210711	S2-249222660,S3-464024546	True
S1-568448271		False
S1-306049550		False
S1-277136318		False
S1-441331522	S2-871023584,S2-143913102	True
S1-816300880		False
S1-3617720	S2-517901125,S3-811520800	True
S1-157721678	S2-457004313,S2-1735533,S2-157141589,S3-113209839,S3-498248038,S3-221524228	True
S1-718719547		False
S1-515924407	S2-90980030,S2-10099410,S2-75620067,S2-295288575	True
S1-342689213		False
S1-354127742	S2-807934954,S2-14788885,S2-852414683,S3-101653852	True
S1-489775509		False
S1-300772221		False
S1-737574809		False
S1-275516454		False
S1-91995301		False
S1-701053126	S2-951652927,S2-942834444,S2-971037256,S3-753509712	True
S1-292768158		False
S1-402425957	S3-312053414,S3-180808568,S3-99984939	True
S1-514029071		False
S1-541917328	S2-64964379,S3-580908763,S3-921670149	True
S1-470041489	S2-848151081,S2-567286448,S3-288097551	True
S1-231649095		False
S1-763493454		False
S1-362519010		False
S1-611389933	S2-875595136,S3-727139758,S3-191803570	True
S1-162942126		False
S1-746450177	S2-943513231,S3-572214342,S3-719600549	True
S1-934030438		False
S1-552039922		False
S1-385178227		False
S1-70635997	S3-147852724	True
S1-250814836		False
S1-34085963		False
S1-947828706	S2-682643847,S3-25696403,S3-113083724	True
S1-349276733	S2-13485538,S3-206195766,S3-38318249,S3-464789970,S3-213167165	True
S1-885542446	S2-506436739,S2-756445010,S3-927547635,S3-811866585,S3-342904819	True
S1-380883012	S2-300353838,S2-319574889,S2-584940396,S3-403331328,S3-551611926,S3-526245846,S3-8170939	True
S1-844987826	S2-284091264,S2-753593530,S3-940908748,S3-675081372,S3-631594444	True
S1-446338498	S2-367545182,S2-181024612,S3-585277888	True
S1-517936960		False
S1-501439555	S2-282065928,S2-339551966,S3-337083916,S3-123085136	True
S1-535797462		False
S1-636683269		False
S1-18209242	S2-319009291,S2-72101544,S2-823295467,S3-977583683,S3-967902395,S3-591134704,S3-101819571	True
S1-231446280		False
S1-666551956		False
S1-531207165	S2-220112551	True
S1-797934574	S2-779501984,S2-304170655,S3-331478469	True
S1-254567580		False
S1-431944449	S2-606239101,S2-470593838,S2-466935309,S2-3700065,S3-907252663,S3-394666655	True
S1-334151931	S2-136248778,S2-130800378,S3-133482660,S3-53193994	True
S1-391420607		False
S1-693308011	S2-413951165,S2-877276190,S2-143197335,S2-770022834,S3-739141833,S3-285972394	True
S1-143708143		False
S1-556660327		False
S1-13168609	S2-572404571,S2-97209297,S3-656285685,S3-2424224,S3-304419177	True
S1-130988516	S2-667179288,S2-984734652,S2-640540611,S3-869261963	True
S1-547543479		False
S1-116711277		False
S1-246372874	S2-13619839,S2-830017468,S3-312875661	True
S1-786074982	S2-887990676,S2-908449679,S3-371962930,S3-229093108	True
S1-490282175		False
S1-522654242	S2-729509253,S3-203801077	True
S1-2476991	S2-839638420,S2-184528022,S3-58345735,S3-139760953	True
S1-501672712	S2-218845720,S2-207296437,S3-769825803	True
S1-530868355		False
S1-646986128		False
S1-818443733		False
S1-344145165		False
S1-44147811		False
S1-57030687		False
S1-301982235	S2-605701051,S2-34803441,S2-941858643,S3-392150164,S3-248534388,S3-368715360	True
S1-521500066		False
S1-680387439		False
S1-660546282		False
S1-258729012		False
S1-396726970	S2-83529545,S2-508351918,S3-18443575	True
S1-163829603		False
S1-662433950	S2-892852317,S3-623269645,S3-307210772	True
S1-739695490		False
S1-305463588		False
S1-562607219	S2-887256293,S2-150644317,S3-992346746	True
S1-998888881	S2-644742412,S3-429746634	True
S1-284501447	S2-364160229,S2-97973933,S2-365350552,S3-808191154,S3-951683058	True
S1-790117732	S2-455602516,S2-869364975,S2-675665105	True
S1-545317083	S2-676295498,S3-631667169,S3-941658706,S3-895219893,S3-805495337	True
S1-973309643		False
S1-212771916		False
S1-332762077		False
S1-644794891		False
S1-724847126		False
S1-260473494	S2-998161765,S2-383160012,S2-357538781,S3-186593877,S3-687942587,S3-161991507,S3-732081613	True
S1-54622723		False
S1-693318	S3-235771547,S3-142161259	True
S1-955229222	S2-243393164,S2-122075666,S3-775046638,S3-856855211	True
S1-917960977		False
S1-321272664		False
S1-831153482		False
S1-706797529	S2-490022112,S3-131836364,S3-463455731,S3-61064850	True
S1-360294704	S2-940752759,S2-256352086,S3-87022923	True
S1-172596903	S2-254286626,S2-713994815,S3-975942253	True
S1-915351144	S2-523577258,S3-389138226	True
S1-775078668	S2-121882761,S2-355822076,S2-356733969,S2-218364598,S3-198390178,S3-888237349	True
S1-694801141		False
S1-617240558		False
S1-66970507		False
S1-674810857	S2-480892957,S2-189097192,S3-873765339,S3-768490655	True
S1-765103364	S2-933377169,S2-905892322	True
S1-241555112	S2-785854331	True
S1-513376026	S2-690308148,S3-587246109,S3-680904159,S3-151875462	True
S1-921686677		False
S1-740747449		False
S1-920499754	S2-881147608,S2-640014528,S3-399888018	True
S1-590268331		False
S1-918844970		False
S1-788270619		False
S1-172040012	S2-666449582,S2-979009148,S2-917358540,S3-791794415	True
S1-873241405	S2-752672195	True
S1-821096213	S2-658194109,S2-789119904,S3-691570619	True
S1-366542529	S2-542781308,S2-138092842,S2-750051975,S2-328747637,S3-482016531	True
S1-455305353		False
S1-553999308		False
S1-608249858		False
S1-375864749		False
S1-278819549		False
S1-417281263		False
S1-914843667	S2-355919815,S3-908648762,S3-384792677,S3-15130361	True
S1-324382940	S2-467152963,S3-543750247,S3-14418925,S3-147759440	True
S1-99099172		False
S1-828097794	S2-731539704,S3-799655977,S3-49243426	True
S1-354282335	S3-819703798,S3-552052919	True
S1-546509836	S3-451856790,S3-257417042,S3-161521202	True
S1-783904028	S2-891938699,S2-583959305,S3-523506380,S3-528111229,S3-592505002	True
S1-716928000		False
S1-54227871		False
S1-556383302	S2-700440174,S2-976461231,S2-37215234,S3-42203512,S3-923240019,S3-54314628	True
S1-812779252		False
S1-442976106		False
S1-394295398		False
S1-762920148		False
S1-791655777		False
S1-53433167		False
S1-164102246		False
S1-934080186	S2-75103989,S2-364075149,S2-131939444,S2-412087205,S3-846253737,S3-182740752	True
S1-190049502	S2-197138463,S3-303565241,S3-167997443	True
S1-19149456	S2-920658762,S3-253416151,S3-820899673,S3-909538327	True
S1-639450151	S2-396253550,S2-282976190,S3-550344607,S3-416626529,S3-408287352,S3-835641231	True
S1-374000698	S2-617108979,S3-491840623	True
S1-952586047	S2-788369374	True
S1-844960877		False
S1-384310542	S2-898027960,S3-343710130,S3-98675713,S3-313536172	True
S1-354032917	S3-75915089,S3-378812402,S3-676900727,S3-92379110	True
S1-134073234	S2-32433293,S2-378808766,S3-305894281,S3-748569004	True
S1-597689092		False
S1-235519188	S2-456472594,S2-237382233,S2-589909633,S3-294184659,S3-696372423	True
S1-359409824		False
S1-575417498	S2-918659270,S3-529233855	True
S1-241286021		False
S1-569082689	S2-207771583,S2-286853953,S3-719939240	True
S1-908652842	S2-12368922,S2-466495894	True
S1-299431644	S2-439764160,S2-562154524,S2-77325139,S2-203443060,S3-50893560,S3-204472743,S3-588811554	True
S1-182404123	S2-733560789,S2-979758120,S3-230805058,S3-635486181	True
S1-539837395		False
S1-227640972	S2-395303005,S2-993992596,S2-843650451,S3-46987861,S3-498234147	True
S1-684843033		False
S1-360533221	S2-264866463,S3-160940052	True
S1-138155967	S2-335162297,S2-580495270,S2-189122515,S2-913597040,S3-854071907	True
S1-180911781	S2-278640726,S3-704229871	True
S1-434670694	S2-977410626,S2-635550081,S3-54981362,S3-566109534	True
S1-356211863	S2-563073067,S2-839636952,S2-996947210,S3-464394915	True
S1-846467991	S2-121485356,S3-800010029	True
S1-484720635		False
S1-35325104		False
S1-348156485	S2-115532647,S2-707355941,S3-87388271	True
S1-484886654		False
S1-189136413		False
S1-603957311		False
S1-947458020		False
S1-672847866	S2-239697460,S3-243992380,S3-770738271,S3-364552504,S3-470550870,S3-24210336	True
S1-440388528		False
S1-526179933	S2-452625896,S3-724903395	True
S1-908780298		False
S1-872115943		False
S1-297334652	S2-212516362,S3-593926637,S3-31675751,S3-571949723	True
S1-86117186		False
S1-759434121		False
S1-389795876		False
S1-600025627		False
S1-442621370	S2-673177080,S2-601668805,S3-703449111,S3-564679537	True
S1-25390684	S2-530017073,S3-972218029,S3-389129605	True
S1-934892376		False
S1-725371506		False
S1-246493721		False
S1-780794907	S2-739070898,S3-836194712,S3-673552875,S3-366326229,S3-499673856	True
S1-278236334		False
S1-711805271	S2-754664533,S2-376432004,S2-416065460,S3-160255652	True
S1-705370042	S2-692723051,S2-234827371,S2-200103402,S3-291814386,S3-39452850,S3-103576510,S3-55772221	True
S1-468775399		False
S1-655323348		False
S1-874850828	S2-864472940,S3-29767295,S3-285505988,S3-217601173,S3-238034487	True
S1-618061188		False
S1-521259036	S2-155674244,S2-558829419,S3-686382047	True
S1-628405998	S2-924337018,S2-694666354,S3-251412633,S3-230140644	True
S1-613049791	S2-286035249,S2-770669439,S2-250079104,S2-73002782,S3-914747105	True
S1-299968407		False
S1-572210985	S2-268065180,S2-344706572,S3-733844566,S3-467084002,S3-557359937,S3-179797624	True
S1-931049147	S2-740488653,S2-546828627,S2-942664612,S3-616754873,S3-558495136,S3-90222867	True
S1-236607436	S2-440277582,S2-17018771,S2-593707222,S3-618770603,S3-87134745	True
S1-852360816	S2-901790421,S2-40612097,S3-390500426,S3-614924726,S3-364916426	True
S1-86844175	S2-492488654,S3-992610577,S3-266333339,S3-656891246	True
S1-592150304		False
S1-199318401		False
S1-940690625	S2-250963076,S2-869598327,S3-783150878,S3-808685176,S3-25778738	True
S1-154425213		False
S1-385532889		False
S1-792729987		False
S1-204588876	S2-927856185,S3-143015116	True
S1-492226015	S2-809086377,S2-256573951,S3-347509007,S3-815971857,S3-583222370,S3-238472662	True
S1-443958730		False
S1-238096490	S2-805787025,S3-163734584,S3-813864662,S3-113900623	True
S1-749550648	S2-434824093,S3-820268788	True
S1-263637018		False
S1-782413721		False
S1-714646658		False
S1-959408425		False
S1-58408479		False
S1-709329365		False
S1-634947060	S2-508787871,S2-809464451,S3-158391304,S3-367988650,S3-210774238,S3-246081783,S3-209690503	True
S1-447392005		False
S1-841087208	S2-165852473,S3-60508674,S3-802509463	True
S1-405315900		False
S1-888058460	S2-726405054,S2-401010899,S3-630179202,S3-996780830	True
S1-742137799	S2-692161177,S2-231981389,S3-714135731,S3-153845928,S3-236785290	True
S1-574689106		False
S1-527057943		False
S1-393899129		False
S1-758570908		False
S1-353016369	S2-696995771,S2-336869178,S2-195907409,S3-104606819,S3-131620777	True
S1-64149173	S2-235573790,S2-892415637,S3-958848282	True
S1-489316394		False
S1-266692576	S2-902812792,S3-986060562,S3-955787880,S3-838251977,S3-281932487	True
S1-5866698		False
S1-304641599	S2-742274166,S2-185371519,S2-865142881,S3-332343898,S3-533828934	True
S1-820598009	S3-23003524	True
S1-638980185	S2-203678345,S3-350002843	True
S1-337301903	S2-942980204,S2-363098246,S3-4310935,S3-990599065,S3-3754883	True
S1-1032825	S2-168874721,S3-928999611	True
S1-155490184		False
S1-574377300	S2-621556671,S3-153531506,S3-479117017,S3-622499757	True
S1-645175543		False
S1-414563218		False
S1-804871682	S2-520519381,S2-554188438,S3-657788868,S3-15314470	True
S1-561605702		False
S1-145893146	S2-626566818,S2-426209097,S2-423421398,S2-480523719,S3-471406026	True
S1-587071172		False
S1-324198109	S2-75465048,S3-234342819,S3-795332672	True
S1-656652086	S2-580494098,S2-561496195,S2-611473344,S3-54205479,S3-418384607,S3-674434095	True
S1-992519386	S2-420806268,S2-498950689,S2-712854142,S2-537006340,S3-456294051,S3-664229853	True
S1-881804550	S2-443223293,S2-979282755,S3-967692375	True
S1-861062608	S2-761721443,S3-413022330,S3-195891039,S3-783650578,S3-40828131	True
S1-664878440	S2-388899341,S3-708674293	True
S1-547498254		False
S1-986706109		False
S1-31712776	S3-189640077,S3-666468591,S3-802826010	True
S1-669408358		False
S1-908041613	S2-292351216,S2-68216094,S3-324917487,S3-773328238	True
S1-644746331		False
S1-411381979		False
S1-597721881		False
S1-404067500	S2-580277400,S2-358929628,S3-404893683	True
S1-41760946	S2-553234360,S2-855070476	True
S1-70621899	S2-232994716	True
S1-68712246	S2-240952337,S2-2287239,S3-216305923,S3-123092636	True
S1-690578797		False
S1-390337699	S2-483271276,S3-496033586,S3-485009597,S3-6737728	True
S1-263617228		False
S1-522976298		False
S1-470747297		False
S1-63555632		False
S1-360320939	S2-704566219,S2-823533426,S3-125085130	True
S1-137718847		False
S1-746256047		False
S1-399263875	S2-207892082,S2-911625992,S3-945736576	True
S1-67858899	S2-293194479,S3-669179828	True
S1-37683639	S2-311840084,S3-373042708,S3-104672092	True
S1-285386833	S2-109846247	True
S1-723946672	S2-871779793,S2-316366436,S3-672824972,S3-875822941,S3-665515984,S3-3250432,S3-189225910	True
S1-943372469	S2-406902820,S3-397503536	True
S1-942317635		False
S1-279565288		False
S1-347002746		False
S1-872643773	S2-110618180,S2-35132448,S2-894735368,S3-701435146,S3-788514653	True
S1-816437183	S2-818488135,S2-409546504,S2-373175545,S2-338387965,S2-606105517,S3-693872143,S3-280802712,S3-267762731	True
S1-997724040	S2-865909661,S2-591531857,S3-525087566	True
S1-664524540	S2-866094520,S2-2846776,S3-894400660	True
S1-700310288		False
S1-916966021		False
S1-291888922	S2-970157165,S2-824952489,S2-465175385,S2-987827090,S3-155661020,S3-296031296,S3-338985196	True
S1-289379541		False
S1-497963720		False
S1-228675727		False
S1-473318232		False
S1-721464370	S2-699801088,S3-101403649,S3-722499090,S3-447690827	True
S1-841694100	S2-714884959,S2-713057887,S3-627259715,S3-471757157	True
S1-816989974	S2-77824036,S2-208783911,S2-186686660,S2-217091101,S2-548012766,S3-522474941	True
S1-89797853	S2-817331134,S2-709505018,S3-191809660	True
S1-365740523		False
S1-8789536		False
S1-792698012	S2-364279348,S2-400587610,S3-356302843	True
S1-247540622		False
S1-272303590	S2-327721171,S2-672942001,S2-595419565,S2-502324518,S3-187266236,S3-274898265,S3-230018842	True
S1-72665690		False
S1-91048070	S2-157613591,S3-80169658,S3-705156065	True
S1-182662521		False
S1-818062470		False
S1-361257833		False
S1-627743577		False
S1-384740570	S2-28089480,S2-406845328,S2-648462478,S3-25044003,S3-29202800,S3-806692705	True
S1-346153742		False
S1-672946722		False
S1-467496726		False
S1-109392890		False
S1-744817500		False
S1-283612103	S2-165495904,S3-484785900,S3-166675212,S3-734404921	True
S1-432916571	S2-951884130,S2-50898152,S3-608438671,S3-746027634	True
S1-669824168	S2-619551833,S3-518905318,S3-965693966,S3-127730456,S3-552280381	True
S1-492688025		False
S1-547218914		False
S1-945916245	S3-736808808,S3-846750	True
S1-876512709		False
S1-636857478	S2-578284209,S2-630804353,S2-874457296,S2-1816557,S3-743605714,S3-237539711,S3-610974040	True
S1-743479470	S2-955060323,S2-880071126,S3-195969865	True
S1-852063309		False
S1-606635052	S2-92665195,S3-34406931	True
S1-54209272	S2-948726323,S2-627801680,S3-205053485	True
S1-189835238	S3-86378041	True
S1-94377926	S2-633456412,S2-365031171,S3-193118097,S3-999888662,S3-626925498	True
S1-274586263	S2-935662989,S2-787315764,S2-728683037,S3-751543707,S3-355035899,S3-467896571,S3-449704710	True
S1-209535621	S2-659284481,S2-472557692,S3-430540853,S3-279906172,S3-125753246,S3-872710199,S3-626534589	True
S1-81645403		False
S1-826803521		False
S1-874750017		False
S1-598441553		False
S1-572667501		False
S1-327382242	S2-290248969,S2-824120895,S2-883889017,S3-572725350,S3-858861835,S3-706192121,S3-9552759	True
S1-232115340		False
S1-196136155	S2-396847195,S3-292984635,S3-847661298	True
S1-982369963	S2-492812794,S2-843525465,S3-477384718,S3-224534338	True
S1-435895927		False
S1-987707949	S2-926001023,S2-891551242	True
S1-307908361	S2-281938967,S2-534334678,S2-326447520,S3-708103756,S3-760534862,S3-380164747	True
S1-943093513		False
S1-483026388		False
S1-779212906	S2-666558809,S3-145318992,S3-308827927	True
S1-837342341		False
S1-281596823	S2-886053259,S3-845422010	True
S1-132271249	S2-385735523,S2-462557989,S3-428644777,S3-516912630,S3-16409236,S3-319802707,S3-79049391	True
S1-617679720	S2-118615483,S2-731537819,S2-961712968,S3-234519920,S3-696388051,S3-309293523,S3-44066043	True
S1-420688718	S2-126001081,S2-649676170,S3-262550863,S3-921625562,S3-357178974	True
S1-124183442		False
S1-163430777	S2-550925650,S2-366181384,S2-62932348,S2-477529940,S3-314384686,S3-428402523	True
S1-699276854	S2-196534480	True
S1-263776245	S2-818771881,S2-260616060,S3-989264655,S3-458360364	True
S1-650563775		False
S1-363376154	S2-465223233,S3-25838437	True
S1-811036488		False
S1-351566244	S2-855792904,S3-649823450,S3-392981189	True
S1-227249208	S2-643891061,S3-244862058	True
S1-351918277	S3-869160994,S3-483605385	True
S1-636980304	S2-26459709,S3-371429364	True
S1-750961097	S2-302661400,S3-910379817	True
S1-837026871		False
S1-788471029	S2-942771563,S3-856623740,S3-567783009	True
S1-182459993		False
S1-499057355	S2-122198844,S2-863672268,S2-160745152,S2-393845885,S3-678424055,S3-728871165	True
S1-711586024	S2-148302044,S3-171067615,S3-553915737	True
S1-14788527		False
S1-594332369		False
S1-726150188		False
S1-755254961	S2-398131907,S2-452037408,S3-525880095,S3-157434238	True
S1-294821739		False
S1-196466520	S2-919435074,S2-961755757,S3-289748309,S3-388936852	True
S1-967767238	S2-621062688,S3-764304885	True
S1-470188133	S2-853381430,S2-957788969,S3-888762866	True
S1-455015651		False
S1-77949125		False
S1-131172312	S2-741119117	True
S1-620741478		False
S1-377118865		False
S1-548030844	S2-338145461,S3-347839538,S3-544119074,S3-752206934	True
S1-447159768	S2-467092715,S3-990639641,S3-476271531	True
S1-565954070	S2-745789506,S2-28472059,S3-167300046,S3-927500537	True
S1-783468235		False
S1-442138405	S2-766998150,S2-348220109,S2-752589274,S2-453192015,S3-69750018	True
S1-690389978	S2-786252573,S2-641067071,S3-103790000	True
S1-792080785	S3-348438308	True
S1-489281759		False
S1-69658304	S2-520749447,S2-20513934,S3-140963938,S3-223316806	True
S1-979493842		False
S1-452549059	S2-492383032,S3-146831657,S3-257259913	True
S1-411586273		False
S1-411154780		False
S1-744664398	S2-290350874,S2-429224853,S2-833071213,S3-281879614	True
S1-933794188	S2-365795905,S3-746174645,S3-420208267	True
S1-459546520	S2-677414966,S3-488588392,S3-425963981	True
S1-586790785		False
S1-457583310		False
S1-974389651	S2-928814261,S3-332206317,S3-255546743	True
S1-496072811	S2-464258498,S2-123249214,S3-246574227	True
S1-127956958		False
S1-869202066	S2-486824091,S2-458294117,S3-633836225	True
S1-821864708		False
S1-181732350		False
S1-394502262	S2-687781275,S2-650247813,S2-955815516,S2-805613908,S3-927299748,S3-162218288	True
S1-343801159		False
S1-960351784		False
S1-199951664	S2-877441260,S2-147843251,S3-34062817,S3-940112069,S3-761952533,S3-724987051	True
S1-245955157	S2-995143175,S2-121767838,S2-116137508,S3-291702532,S3-455862257	True
S1-414491473	S2-88665318	True
S1-151256466	S2-291849418,S2-530685688,S2-216065959,S3-501796684,S3-264903838,S3-466524337	True
S1-592181484		False
S1-959983308	S2-343678796,S2-941332514,S2-435418083,S3-387507321	True
S1-254519173	S2-687604563,S2-285760075,S3-230512150	True
S1-862864636	S2-331232018,S2-724008979,S3-10920954,S3-406531719	True
S1-95905820	S2-486004770,S2-383886491,S3-424488749,S3-783213806,S3-175029632	True
S1-943080821	S2-842952651,S3-710709957	True
S1-51791847		False
S1-497166787	S2-834978420,S2-268410410,S3-632741287,S3-676403776	True
S1-221330413	S2-222987683,S2-580009360,S3-905484719	True
S1-844381197	S2-533570221,S2-823300741,S2-340737327	True
S1-589822744	S2-188478880,S3-673429683	True
S1-486284146		False
S1-952505091	S2-943274137,S3-120419334,S3-229730194	True
S1-235551325	S2-248613435,S3-415046252,S3-577498721	True
S1-653862011		False
S1-590306085	S2-50271689,S3-342263747,S3-883973298,S3-255167327,S3-155194590	True
S1-711799902	S3-229408008,S3-938142518	True
S1-217142199		False
S1-614196773		False
S1-903966375	S2-419617682,S2-938886673,S2-162249370,S2-220800033,S2-985366094,S3-670991397	True
S1-504152060	S2-753999554,S2-445208234,S3-173737717	True
S1-282705250		False
S1-507748226		False
S1-648587963	S2-24275820,S2-924422421,S2-834838811,S2-526383702,S3-382294438	True
S1-268494836	S2-290830273,S3-507301923,S3-559195144	True
S1-513779907	S2-162657417,S2-695541439,S3-981495603	True
S1-249132121		False
S1-686530426	S2-25338703,S2-863627589,S3-573735188,S3-689389048,S3-869114908	True
S1-13237727		False
S1-995172804		False
S1-882070941	S2-866689368,S2-428925766,S3-755775922,S3-480179461	True
S1-35715243	S2-367246993,S2-194432396,S2-366896759,S3-413782299	True
S1-209188002		False
S1-135566940		False
S1-435189298	S2-706744628,S3-752242389	True
S1-563802581		False
S1-981946403	S2-718107789,S2-651758345,S3-5592229,S3-714220371,S3-251713415	True
S1-960056810	S2-450187194,S3-408829119,S3-12525087,S3-164633829,S3-864726415,S3-298662957	True
S1-435333326		False
S1-335750493		False
S1-583433736	S2-209855568,S2-580886593,S2-530417001,S2-826721111,S3-943775467,S3-598169026	True
S1-663420922	S2-331731819,S2-388200008,S3-925335379	True
S1-166030700	S2-892798982,S3-308121083,S3-137279020,S3-864594030	True
S1-317164939		False
S1-111784546	S2-754507476,S3-839737860,S3-713571516	True
S1-887220403	S2-412356349,S2-845363184,S3-21659017,S3-432537425,S3-710911492	True
S1-286199290	S2-282186236,S3-764873822,S3-809348611,S3-509723211,S3-75300294,S3-474701870,S3-242361473	True
S1-517105798		False
S1-307716115		False
S1-887437170		False
S1-895893719	S2-240026927,S2-625259537,S3-114115233,S3-865651713	True
S1-888119346		False
S1-568132504		False
S1-164862658	S2-508717575,S3-533964007,S3-931941973	True
S1-759405988		False
S1-76161274		False
S1-637436277	S2-928491301,S3-701225199,S3-71357691	True
S1-606628807		False
S1-419545667		False
S1-3778505	S2-71213959,S2-237631916,S3-725860323,S3-788951015	True
S1-677162176	S2-551030902	True
S1-360817957		False
S1-967371200	S2-931917184,S2-435962064,S2-503581439,S3-32125360	True
S1-759799724	S2-560204913,S2-621310539,S2-271544611,S3-147983814,S3-240978210	True
S1-115085338		False
S1-623104696		False
S1-211293724		False
S1-870287246		False
S1-952037795		False
S1-545564531		False
S1-527418512		False
S1-984746167		False
S1-659517631		False
S1-84357874	S2-469296608,S2-527584436,S2-461185080,S3-323486183,S3-391888620	True
S1-694984135		False
S1-701757359	S2-102730507,S3-251851458,S3-410144625	True
S1-154740697	S3-334479257	True
S1-91616498	S2-659042723,S2-434794495,S3-965297398,S3-755885320	True
S1-705985214		False
S1-603445847		False
S1-202273131		False
S1-208582134	S2-142290276,S3-637222658,S3-12314075	True
S1-571287948	S2-67572014,S2-557727209,S2-593837366,S3-698867913,S3-329901698,S3-881932841,S3-144948156,S3-612806138	True
S1-374092677		False
S1-363274548	S2-356058450,S3-912684706,S3-895439835,S3-841677418	True
S1-693237029		False
S1-644355041		False
S1-165535770	S2-736173370,S2-288874958,S2-649954604,S3-258112999,S3-84141100,S3-658984326	True
S1-629806758	S2-600413348,S3-929119221	True
S1-425096840		False
S1-202761646		False
S1-328437042	S2-188646421,S2-562804533,S3-873382267,S3-992420207	True
S1-59581076	S2-141215101,S2-296650324,S3-379792938	True
S1-276936331		False
S1-669056131		False
S1-885405757	S2-448332721,S2-30091901,S3-876905808,S3-573457693	True
S1-554969796	S2-639651556,S3-171398357,S3-683152359,S3-83577954	True
S1-826182893		False
S1-783505688		False
S1-91668076	S2-386838499,S2-941712691	True
S1-321761473		False
S1-945115579	S2-747230145,S3-109747353	True
S1-189586754	S2-94106221,S2-779471798,S3-15780303,S3-24812166,S3-88449148	True
S1-565784694		False
S1-321695251	S3-474604859,S3-377051235,S3-913320565	True
S1-481983160	S2-539267075,S2-614337883,S3-693192747	True
S1-943492520	S2-404276672,S3-39646086,S3-246319460,S3-876604414	True
S1-676782677		False
S1-208742065		False
S1-77565864	S2-907364310,S2-313019666,S3-671477161	True
S1-792619060		False
S1-454484797	S2-894082421,S2-389233559,S2-900841403,S3-293390318,S3-500861201,S3-931145785,S3-11272512	True
S1-902040471	S2-352775642	True
S1-692090165	S2-733680299,S3-499419155	True
S1-576092353	S2-536631030,S2-781217907,S2-196354840,S3-132980499,S3-495577515	True
S1-543329232		False
S1-945506132		False
S1-944428802		False
S1-154816627	S2-209693245,S3-181545338,S3-983977994	True
S1-837301660		False
S1-195623288		False
S1-361620039		False
S1-889373463	S2-628000457,S2-924758033,S3-85076773,S3-951840320,S3-169221114	True
S1-960610430	S3-608677944,S3-920619578,S3-975413603	True
S1-34932415		False
S1-714992880	S2-87418646,S3-70542619,S3-410196627	True
S1-646715987	S2-658740038,S2-828003701,S3-636090985,S3-896785061	True
S1-963652328	S3-779085878,S3-504092586,S3-988931074	True
S1-57549996		False
S1-84065777	S3-858923788,S3-257357135	True
S1-449200024		False
S1-622718104		False
S1-447482818		False
S1-524124222		False
S1-205549696		False
S1-351278624		False
S1-551923677		False
S1-994457194		False
S1-240036335		False
S1-10799181	S2-590381877,S2-907381388,S3-815440202,S3-666254165	True
S1-941778053	S2-719496633,S3-387464990,S3-646240789,S3-562101430,S3-860913147	True
S1-568851236		False
S1-34956874	S2-609897262,S2-650143826	True
S1-25027229	S3-616201301	True
S1-367309398		False
S1-24770606		False
S1-643836901		False
S1-409620096	S2-674612493,S3-118665865,S3-241336442	True
S1-258608264	S2-147351634,S3-227155621,S3-99318454	True
S1-683967372	S2-892040590,S2-265382471,S3-589263178,S3-902220812,S3-58323016	True
S1-709950388	S2-676771839,S2-313190850,S3-795105906,S3-308950904	True
S1-90870132		False
S1-900675853		False
S1-662827704		False
S1-79904358		False
S1-241799067		False
S1-564133146		False
S1-984139742	S2-679831272,S2-570876504,S3-832817363	True
S1-18010982	S2-904754565,S2-19379886,S3-395113056	True
S1-62825055	S2-692464282,S2-265764072,S3-445847355	True
S1-984692071	S2-236978557,S3-262801475,S3-941535357,S3-240530727	True
S1-710754967		False
S1-367382339		False
S1-262983169	S2-359349405,S3-751438912,S3-884097127,S3-495020409	True
S1-24023624		False
S1-97664418		False
S1-414322017	S2-804900310,S3-501020669,S3-97355104	True
S1-971277369	S2-681171886	True
S1-647059335		False
S1-15260224		False
S1-258683205		False
S1-955186213		False
S1-830868758	S3-869649524,S3-960168519	True
S1-153482664	S2-755740464,S3-188180981,S3-727251358	True
S1-831611758		False
S1-314814773		False
S1-859702797		False
S1-816701924		False
S1-566643590		False
S1-452587756		False
S1-474544164	S2-816691336,S2-238560323,S2-142927250,S3-145150105	True
S1-554424031		False
S1-968458475		False
S1-900110246		False
S1-595403363	S2-917423984,S3-895414707,S3-386470900	True
S1-21853741	S2-989612420,S2-632581849,S2-789721239,S3-353304985,S3-218580667	True
S1-634161722		False
S1-992137602	S2-731851856	True
S1-677741106	S2-474342658,S2-460418351,S2-658878695,S2-745716915,S2-148794360,S3-20445132,S3-604405347,S3-841231723	True
S1-951364404	S2-110376152,S3-636902040,S3-563417820	True
S1-940614558		False
S1-456134357		False
S1-368700171		False
S1-862050893		False
S1-175812733	S2-601940885,S2-776502126,S3-383694868	True
S1-508834195	S2-107991173,S2-829756951,S2-57173915,S2-259499166,S3-3919677	True
S1-681808808	S3-909330260,S3-606487945	True
S1-409262499	S2-689434130,S2-529825789,S2-119910455,S3-442926943	True
S1-423593697		False
S1-216771942		False
S1-490950256		False
S1-47681652		False
S1-900103342	S2-84096803,S2-52428224,S3-276101204,S3-585710946	True
S1-177890473	S2-218198507,S2-334997852,S2-152078155,S3-892622812	True
S1-80120820		False
S1-375276089		False
S1-469289926		False
S1-320562913		False
S1-920891684	S2-883309412,S2-982832437,S2-885958273,S3-767939142,S3-792805887	True
S1-235573711		False
S1-725612184	S2-779853491,S2-147730056,S3-410321653,S3-716554472	True
S1-41829890	S2-502102187,S2-337277261,S2-272272694,S3-47149501	True
S1-543914144		False
S1-69735743		False
S1-109837588	S2-431707547,S2-721830734,S3-229116868,S3-329581762	True
S1-230230129		False
S1-440577643	S2-866550653,S2-296320093,S2-971461338,S2-365683756,S3-887659050	True
S1-15612004	S2-520009529,S2-20157588,S2-517574721,S3-790290210	True
S1-406674290		False
S1-814851547		False
S1-979682637	S3-969521664,S3-665705852,S3-76459295	True
S1-509540371		False
S1-425926921	S2-114670111,S3-136368530	True
S1-576506447		False
S1-11149714		False
S1-798638908		False
S1-904678595	S2-751987726,S3-522726594,S3-615305016,S3-905861591	True
S1-949578543		False
S1-735613919		False
S1-493393935	S2-661089478,S2-772348638,S2-526588231,S3-55812516,S3-693781906	True
S1-511327517	S2-626127608,S2-929760988,S2-877627716	True
S1-702812433		False
S1-581327416		False
S1-985029820	S2-11653448,S3-156314549	True
S1-234694580		False
S1-628242720		False
S1-841544238	S2-320424059,S3-815334976,S3-149972738	True
S1-459737886	S2-187627527,S3-528837144,S3-678002824,S3-255050282	True
S1-113574562	S2-246974230,S3-2368903	True
S1-872368413		False
S1-1026905	S2-976131657,S2-299325627	True
S1-909990318	S2-633663173,S2-214615057,S2-344527097,S3-928655995	True
S1-441377636		False
S1-910849226	S2-133162811,S2-746357451,S2-145083206,S2-297877909,S3-412659115,S3-217175753,S3-890585006	True
S1-754484428		False
S1-542561898	S2-860142292,S3-631054400,S3-621336854	True
S1-349091917	S2-589663,S3-60356528,S3-179069446,S3-327530518,S3-117572296,S3-782232435	True
S1-881724682		False
S1-172994957		False
S1-198627612		False
S1-24596828	S2-69050696,S2-496672011,S2-132394747,S2-814493344,S3-621938512,S3-751663916	True
S1-115633709	S2-245240604,S2-879041396,S3-48456558,S3-440811659	True
S1-607011160		False
S1-577412773		False
S1-404144424	S2-754530582,S3-317600796,S3-611659814,S3-374961344	True
S1-667270634		False
S1-18521565		False
S1-350761855		False
S1-615375952	S2-421877373,S2-259908203,S2-337935523,S3-235201604	True
S1-87419342	S2-221749375,S2-538961483,S3-363462350	True
S1-189772409	S2-972060330,S3-412493530,S3-94640782	True
S1-665967423	S2-504364677	True
S1-385500525	S2-442144571,S2-674262075,S2-958790504,S3-821580298	True
S1-590348005		False
S1-113937828		False
S1-301726867		False
S1-698066030	S2-367429838,S2-159928607,S2-638296627,S3-31866013,S3-153761381	True
S1-613121753		False
S1-479376157	S2-499228325,S3-367223077,S3-48453693	True
S1-750937886	S2-579583503,S2-245033983,S3-894570016	True
S1-371189747	S2-425553679,S2-755475232,S3-591502889,S3-732707308	True
S1-781619757	S2-410137118,S3-918519151,S3-968205431,S3-644260644	True
S1-847748280	S2-124631869,S2-421995689,S2-892813447,S3-915368847,S3-677758184	True
S1-244157131	S2-685375233,S2-969530890,S3-712780562,S3-199378589	True
S1-643514568		False
S1-817281645	S2-429755916,S2-73394371,S3-282071902	True
S1-13408837		False
S1-683880102	S2-459466533,S2-441154905,S3-195319083	True
S1-752992448	S2-636362815,S3-410150296,S3-366451501	True
S1-624154605	S2-671414857,S3-214735811,S3-659397909	True
S1-325176696		False
S1-972040028	S2-721820642,S3-879854574,S3-76618374,S3-469906989	True
S1-370754131		False
S1-242938934		False
S1-438502773	S2-570251932,S2-490979882,S3-946358017	True
S1-729001073	S2-998688639,S2-326052525,S3-387827936,S3-762074337,S3-994997238,S3-523912926,S3-40675545	True
S1-457133621	S2-559345422,S3-993610180,S3-488317478,S3-357145100,S3-599472263	True
S1-253123510	S2-221817442,S3-946449815,S3-146476128,S3-507352538	True
S1-94702590	S2-886951933,S2-610291039,S3-5956784,S3-898031065,S3-704787829	True
S1-269071595		False
S1-879530496	S2-94490441,S2-111467278,S3-427337288,S3-607962551	True
S1-237517027	S2-515918745,S2-512359306	True
S1-599185193	S3-656264665	True
S1-26098027		False
S1-337743927		False
S1-146920563		False
S1-857853268	S2-988813797,S2-367888671,S2-581591428,S3-536837147	True
S1-730135530	S2-674149864,S3-373274721	True
S1-396551013	S2-37868801,S2-585577759,S3-272975503,S3-253864036,S3-384719624	True
S1-633278060	S2-588114520,S2-57565216,S3-620416169,S3-325876297	True
S1-810080333		False
S1-407280878	S2-721677554,S2-947108914,S2-122677254,S2-382440568,S3-841378752,S3-42420589,S3-188769302	True
S1-54253660		False
S1-953478158		False
S1-715659215	S2-342152444,S3-248007014	True
S1-18618000	S2-364342741,S2-642590453,S3-725603027,S3-839819187	True
S1-786340477	S3-293880491,S3-738035293	True
S1-841494954		False
S1-424377394	S2-791038379,S2-281291878,S2-512329565,S2-924040982,S3-924594513	True
S1-231015693	S2-3656213,S3-183745553	True
S1-667042518		False
S1-707167064	S2-206940764,S2-358932854,S2-124653306,S3-499478564	True
S1-370592099		False
S1-304427167	S2-88452232,S2-914779516,S2-407794889,S2-222303451,S3-647754477	True
S1-741560335	S2-197242043,S2-359233545,S3-579111295,S3-626639412	True
S1-177215569	S2-394190187,S2-568609101,S2-526581654	True
S1-102702481		False
S1-496494773	S2-36544427,S3-502958876,S3-903096433,S3-736905359	True
S1-174139398	S2-49866459,S3-677047739	True
S1-985346908	S2-285538302,S3-757544078	True
S1-402727487		False
S1-394657936		False
S1-463286075	S2-48796586	True
S1-153945327	S2-537874480	True
S1-652847950		False
S1-505857300	S3-530554384,S3-55953829	True
S1-166808893		False
S1-495803283		False
S1-322918339		False
S1-619431614	S2-685344694,S2-894649283,S2-345001764,S3-322098968,S3-401247319,S3-110721875	True
S1-727767065		False
S1-604244193	S2-547652251,S2-476803856,S3-535771827,S3-617256775,S3-630756131	True
S1-925706051	S2-396835321,S3-92813897	True
S1-209805710	S2-879543940,S3-880945767,S3-930292587,S3-718520706	True
S1-897846184	S2-718263803,S3-103425263	True
S1-878143304		False
S1-353769	S2-898714130,S2-204443483,S2-797059951,S2-880179952,S3-193791238	True
S1-213681662		False
S1-776022207	S2-963595150,S2-810947061,S3-771437350,S3-174526841,S3-102959144,S3-893956702	True
S1-435459787		False
S1-504794090		False
S1-722469552	S2-554388914,S2-528249578,S2-50038240,S3-669633260	True
S1-693803077	S3-358998044	True
S1-655306614	S2-156271200,S3-869633018,S3-66141952	True
S1-453341968	S2-771336910,S2-758757927,S2-252964218,S3-672600432,S3-452755212	True
S1-258508331	S2-890685641,S2-550346344,S3-264413792	True
S1-474307487		False
S1-872883746		False
S1-953996997		False
S1-365756144		False
S1-929633862		False
S1-837643488	S2-314440338,S2-9620477,S3-767782724	True
S1-481639925	S3-807620065	True
S1-184588844		False
S1-709897375	S2-383710443,S3-163593637,S3-470009299	True
S1-586395411	S2-436733327,S3-458895426,S3-656882713,S3-896743789	True
S1-444398396		False
S1-264839641	S2-36222213,S2-664893304,S3-542111179	True
S1-660856010	S3-82774588	True
S1-988313433	S2-98842591,S2-954009112,S2-558521245,S2-878756535,S3-925324573	True
S1-145688167	S2-558336668,S2-298487130,S2-955673743,S2-673852549,S3-360641436	True
S1-893711957	S2-887271811,S2-3253345,S3-474972606,S3-583636777	True
S1-585278171		False
S1-253094596		False
S1-537457445	S2-785975375,S3-628033067,S3-609561830,S3-365586677,S3-180260823	True
S1-955302327		False
S1-505874736		False
S1-841156001	S2-778063307,S2-796240381,S3-187040891	True
S1-253933950		False
S1-358091556		False
S1-237155574	S2-796654937,S2-565379605,S3-852553573	True
S1-149161973		False
S1-934058857	S2-481311189,S3-70951714	True
S1-281449502		False
S1-111338642	S2-295709788,S3-586322376	True
S1-575050219		False
S1-503746576	S2-431248567,S3-885701661,S3-433095973,S3-741215966,S3-273739595	True
S1-256173542	S2-663294935,S3-505934229,S3-249123496	True
S1-371607889		False
S1-418126576	S2-184931335,S3-834255195	True
S1-913852156		False
S1-47780840	S2-736440802,S2-679389617,S3-837718106	True
S1-599512037	S2-574479882,S2-355248480,S3-160884115	True
S1-330744156		False
S1-700650300		False
S1-141066280	S2-459201074,S3-694629102,S3-11848630,S3-801888108,S3-429652613,S3-809409957	True
S1-358651214		False
S1-747221128	S2-198290698,S2-576653702	True
S1-450427501	S2-346418959,S2-850696107,S2-980172063,S3-149465874,S3-696202863,S3-587632204,S3-149825638,S3-293984859	True
S1-979337450		False
S1-800985032		False
S1-744601570	S2-666202988,S3-63557005,S3-802786252,S3-195391959	True
S1-780424932		False
S1-111873111		False
S1-258538880	S2-791228387,S2-384205282,S3-239671203,S3-349059616	True
S1-895522540	S2-204635943,S2-267609228,S2-707368621,S3-419207635,S3-586329656,S3-892054071	True
S1-374315862	S2-464040995,S2-311668280,S2-248981881,S3-400528367,S3-973713369	True
S1-229493570		False
S1-143348602	S2-780222494,S2-486733227,S2-461491919,S3-259065130,S3-531485389,S3-937142060,S3-197539572,S3-249398496	True
S1-367585100	S2-703933403,S3-865641331,S3-105495250,S3-869152365	True
S1-30277510		False
S1-318442546	S2-197018670,S2-345007567,S2-137167609,S2-21770083,S3-25022814,S3-58668841	True
S1-941236799	S2-207252903,S2-783222855,S2-375260740,S3-460418224	True
S1-807905597	S2-886610626,S3-436483465	True
S1-883603080		False
S1-974299627		False
S1-14766027		False
S1-688712865		False
S1-37134409		False
S1-336051112	S2-900767865	True
S1-615611067		False
S1-79910869	S2-845219431,S3-116951674,S3-747943332,S3-492372396	True
S1-674890382		False
S1-661055287	S2-282127435,S2-487435929,S2-15503608,S3-21721981	True
S1-773205585		False
S1-443664263		False
S1-136493640	S3-618868263,S3-135858107,S3-42502568,S3-397946235	True
S1-259530126	S2-763768098,S3-151929844,S3-839530507	True
S1-15047597		False
S1-20886155		False
S1-115502696	S2-547567143,S2-323243616,S3-151295142	True
S1-276581388	S2-909268356,S3-305280900,S3-624139071	True
S1-892641642	S2-512192770,S3-651966802,S3-761887903	True
S1-452417535		False
S1-368679536	S2-81559901,S3-21113424,S3-109704266,S3-600371101,S3-902400715	True
S1-803923573	S2-837228925,S3-33766155,S3-138558902	True
S1-232566853		False
S1-780432954		False
S1-306111774		False
S1-126600343		False
S1-689041628	S2-164469433,S3-215022520	True
S1-779516057	S2-865531826,S3-438373604,S3-471871825	True
S1-393373765		False
S1-599629420		False
S1-139027773	S2-429140488,S3-864099800,S3-80420527	True
S1-698658683		False
S1-245829615	S3-773221439	True
S1-368154457		False
S1-752065235		False
S1-608466014	S2-259694451,S3-526978348,S3-890239413	True
S1-456179937		False
S1-330523923	S2-816918075,S2-771809455,S2-940529750,S2-252278923,S3-858503420,S3-455515940	True
S1-366712937		False
S1-805390459		False
S1-374474225	S2-893977807,S3-894124793,S3-136045986	True
S1-457241467	S2-174194033,S3-736361542	True
S1-425077542		False
S1-185964216	S2-353095413,S3-37109775,S3-325874351	True
S1-816383225	S2-259731334,S2-971621392,S3-840371606,S3-593331396	True
S1-250795048	S3-340559926,S3-566660447,S3-117004561,S3-209347704	True
S1-157700525		False
S1-883550007		False
S1-949007195		False
S1-330657845		False
S1-265968973		False
S1-207461006	S2-240405081,S2-504084950,S2-591997871,S2-825464407,S2-395298102,S3-659318540	True
S1-813284158		False
S1-892856931	S2-248274671,S2-648412660,S2-164802763,S3-951374315,S3-257164549,S3-110413991	True
S1-686124986	S2-681673265,S3-411814982,S3-540455842,S3-814494235	True
S1-520399803		False
S1-355440051		False
S1-168846407		False
S1-628870750	S2-580018148,S2-502747846	True
S1-916504347		False
S1-474455639	S2-556728855,S2-1179854,S2-19222460,S2-783115366,S3-634254590	True
S1-166446832		False
S1-928210504		False
S1-515321354	S2-229497805,S3-918035051	True
S1-489161273	S2-530103088,S3-47945973	True
S1-374157568	S2-495305943,S3-964489847,S3-147298009	True
S1-737193828	S2-621077070,S2-131794372,S3-143988879,S3-131327204	True
S1-59089174	S2-133392743,S3-257640094,S3-576652883	True
S1-855727125		False
S1-826312424		False
S1-869776976	S2-515473753,S2-22232791,S2-886026762,S3-24004587	True
S1-55499960	S2-750184218,S2-227187100,S2-989808537,S2-870827714,S3-669668737,S3-723167395	True
S1-151647432	S2-980116799,S3-175656789	True
S1-839821940		False
S1-67153378		False
S1-790973826	S2-855436678,S2-650487737,S2-878734790,S3-799918346	True
S1-599753887	S2-48985202,S2-518559929,S2-411738758,S2-579157890,S3-616455804,S3-313488258	True
S1-638394628		False
S1-498799158		False
S1-329684363	S3-370596889,S3-464820185,S3-550389993	True
S1-218318676	S2-668138927,S2-786847063,S3-244976907,S3-645977063	True
S1-750500386		False
S1-524289081	S3-792323521,S3-216662955	True
S1-681051266		False
S1-25905862	S2-378393227,S3-79750294	True
S1-567855242	S2-594423565,S3-399170204	True
S1-842448893		False
S1-130971962		False
S1-993086298	S2-44148732,S2-801672385,S2-860246775,S2-534016105,S3-356170395,S3-425191430	True
S1-82564919		False
S1-354803903	S2-147548349,S2-842923313,S3-401676028,S3-275862028,S3-447298335	True
S1-815752853	S2-937336370,S2-211639975,S2-357381498,S3-486653612	True
S1-990362665	S2-425218169,S2-120471481,S2-530458274,S3-34219235,S3-885789255	True
S1-221556816	S2-360428512,S3-177422169	True
S1-435983061	S2-391240052,S2-699363551,S3-32141775	True
S1-976950461		False
S1-585729958		False
S1-702450410		False
S1-14425820	S2-309490007,S3-895739868,S3-834683508	True
S1-485999253		False
S1-902055090		False
S1-7146552	S2-742647928,S2-458271486,S2-414229908,S3-869846954,S3-135884030,S3-75551720,S3-676022971	True
S1-395628208		False
S1-708557636	S2-531327026,S3-716696976,S3-428901350,S3-283546880	True
S1-469672334		False
S1-479381608		False
S1-364291080	S2-404062751,S2-957662791,S3-100507619,S3-664948787	True
S1-606251160		False
S1-257950514		False
S1-719604591		False
S1-70059440		False
S1-724671358	S2-713734730,S3-682454152,S3-905478759	True
S1-291923899		False
S1-421866905		False
S1-781071431		False
S1-373562667	S2-276941557,S2-377151054,S2-638515852,S3-477902533,S3-2588329	True
S1-899623147		False
S1-80449847	S2-96484306,S2-394267638,S3-623554113,S3-198513867,S3-220788947,S3-796660191	True
S1-363057821	S3-238936713,S3-869406459	True
S1-197529398	S2-930656725	True
S1-792773808		False
S1-795930056	S2-296062020,S2-927094407,S2-216836802,S3-587359341,S3-991742508	True
S1-589144787		False
S1-625223304	S2-169094229,S2-717095011,S2-911806675,S2-895412958,S3-744339055,S3-20551708	True
S1-970678233	S2-151091541,S3-946864420	True
S1-558590587	S2-537053076,S3-273727601	True
S1-186574272		False
S1-284459927		False
S1-479810877	S2-270014207,S3-54924730	True
S1-779475693	S2-333533964,S3-793732117	True
S1-416919845	S2-66373020,S3-551881483	True
S1-346821636	S2-220009201,S2-726080229,S3-374343083,S3-94508969,S3-148905964	True
S1-427376628	S2-95667821,S2-767249223,S3-592133094	True
S1-979110175		False
S1-263446536		False
S1-563168111	S2-508967247,S3-985024355,S3-878103442,S3-368564339	True
S1-302847936		False
S1-767983860	S2-161121192,S2-661353099,S3-793305744	True
S1-716971268		False
S1-528124201		False
S1-243833267	S2-282788318,S2-177315517,S2-901980806,S2-453609508,S3-401276473,S3-779659248	True
S1-34009340	S2-525069614,S2-256720409	True
S1-431527188	S2-825099529,S2-570787173,S2-480075014,S3-63528667,S3-36758944	True
S1-23083163		False
S1-509681615	S3-537575257,S3-297599309,S3-81511855	True
S1-929085272	S3-88255017,S3-550699220,S3-957256832,S3-286691593	True
S1-358584022	S2-761706892,S3-234517601	True
S1-317328722	S2-532053228,S2-993474581,S3-442978114	True
S1-240244606	S2-560052269,S2-97094054,S3-524271762,S3-248393677,S3-423500205	True
S1-621851663	S2-595994582,S2-320211148,S2-780036248,S3-268927169,S3-400335044,S3-629014263	True
S1-172425063	S2-844341050,S3-36091701,S3-492699624	True
S1-953700384	S2-897293431	True
S1-527344162		False
S1-276307843	S2-144191777,S3-575864890,S3-407612264	True
S1-195373822	S2-255744835,S2-118075819,S3-793061957	True
S1-660270211		False
S1-721429924		False
S1-134185240	S2-616026082,S3-522712073,S3-497947489,S3-943781431,S3-922296107	True
S1-706961770	S2-967923960	True
S1-551122766		False
S1-586537942		False
S1-821216947	S2-105162417,S2-678975173,S2-73880019,S2-789154315,S3-543365277,S3-941659145	True
S1-222402003		False
S1-677906011		False
S1-570314221		False
S1-474628746		False
S1-22886766		False
S1-611084179	S2-705024109,S3-13538078,S3-506539954,S3-472022840,S3-209641875	True
S1-667746081	S2-45838304,S2-945559067,S2-577924328,S2-6576600	True
S1-399431278		False
S1-206351397		False
S1-343068347	S3-873694821,S3-99052609,S3-283417492	True
S1-207712307	S3-38095684	True
S1-943973101		False
S1-274775289		False
S1-881312531		False
S1-82562085		False
S1-580597799		False
S1-152512126	S2-929311082,S3-49466162,S3-347811549,S3-89010866	True
S1-347888314		False
S1-995748492	S2-59105619,S2-639581852	True
S1-129397820		False
S1-292212421	S2-586479073,S2-356027728,S2-583669955,S3-52029860	True
S1-359237407		False
S1-33850761	S3-401639413,S3-769865932,S3-569413288,S3-328348442	True
S1-307966315	S2-355692781,S2-774768977,S3-658406338,S3-128185543	True
S1-82958078	S3-301766312,S3-84349406,S3-916061616	True
S1-629877133		False
S1-389671033		False
S1-592022816		False
S1-83828470	S2-312837227,S2-851705740,S2-681590962,S3-494124301	True
S1-46154270	S2-162974675,S2-6701025,S3-780475407,S3-208217469	True
S1-844998642	S2-806505116,S2-297409204,S2-599557046,S3-592614561,S3-554645404	True
S1-88652801		False
S1-786615450	S2-57899168,S2-51314977	True
S1-821869382		False
S1-451074755		False
S1-770519862		False
S1-963540997	S2-115410704,S3-80932835,S3-667518818	True
S1-219684211	S2-926535707,S2-606779946,S3-511318145,S3-2637214	True
S1-20859685	S3-610606574,S3-108346243,S3-33582061	True
S1-864186082		False
S1-387962280	S2-53984032,S2-660017173,S2-767888510,S3-910819564,S3-107446367	True
S1-609193748	S2-220242641,S2-5161667	True
S1-575192274	S2-980823238,S3-826057304,S3-2347500	True
S1-981691147	S2-150250946,S3-395263298	True
S1-133072765	S2-726672169,S2-298621959,S3-998180610	True
S1-647925165		False
S1-529543085	S2-575903988,S2-664725268,S2-956826502,S3-541576271,S3-974907377,S3-550187832	True
S1-990845514	S2-817628593,S2-483157903,S3-39053561	True
S1-984193298	S2-941292175,S2-262829790,S3-842207452,S3-275736768	True
S1-932280805	S2-958828538,S3-591879426,S3-976041007,S3-712090742	True
S1-561403261	S2-152844984,S2-565084565,S3-129057064	True
S1-498194492		False
S1-819546345		False
S1-821972409	S2-571021273,S3-641544738,S3-86178920	True
S1-751554858		False
S1-885082275	S3-267207424	True
S1-547077300		False
S1-739883692		False
S1-305844247	S2-272095105,S2-83066090,S2-979884263,S2-441249801,S2-813853101,S3-546739457,S3-435673902,S3-36671109	True
S1-758657740	S2-846922778,S2-676308009,S3-169936871,S3-44219360	True
S1-976980748		False
S1-135528432	S2-498087683,S2-324101895,S3-639615751,S3-702440203	True
S1-821124574	S2-510858357,S3-561877450,S3-664708942,S3-136751109,S3-987869714	True
S1-514746524	S2-436684653,S3-663051519	True
S1-697258076	S3-334493593	True
S1-402153538		False
S1-464839988		False
S1-794686212		False
S1-617204136	S2-829832554,S2-472120496,S2-260465099,S2-776477401,S2-570828681,S3-367833720	True
S1-503973822		False
S1-737193220		False
S1-652671494	S2-485943944,S2-924547097,S3-961135657,S3-501061360,S3-593083957,S3-637197925,S3-369457173	True
S1-252113038		False
S1-147760888	S3-12531912,S3-709463184,S3-358331406,S3-657194077	True
S1-262662216	S2-690215238,S3-274597880,S3-408972379	True
S1-368868349	S2-466835209,S3-655815688	True
S1-646389354	S3-118283617,S3-872728639,S3-451442260,S3-612842651	True
S1-53902766	S2-365477644,S2-873634606,S3-59440299,S3-508327141	True
S1-905182563	S2-828118212,S3-137508983	True
S1-637525962	S2-311900979,S2-439869042,S2-588538068,S3-749067005,S3-449625365	True
S1-67534930		False
S1-170339693	S2-521878096,S3-1224152	True
S1-905257630		False
S1-993508386	S2-462535674,S3-352808272,S3-411993246	True
S1-231733908	S2-42723648,S2-200111700,S3-253594613,S3-345479691	True
S1-150228997	S2-237983279,S2-931536185,S2-773139908,S3-294194345,S3-141393736,S3-599316088	True
S1-169634580	S2-254208520,S3-413804205,S3-858655723,S3-431939661	True
S1-477446725	S2-133263766,S2-826548706,S2-8978951	True
S1-98950053		False
S1-166232204		False
S1-51911082		False
S1-329645364		False
S1-819651096	S2-812391954,S3-352251459,S3-241726007,S3-473430181	True
S1-238675270		False
S1-105881922	S2-285130187,S2-181333919,S2-488256875,S2-923365660,S3-956442327	True
S1-169383430	S2-892075759,S2-201238247,S3-374716204,S3-5326267,S3-411194639	True
S1-736022098	S2-799125903,S3-735958838,S3-501413978,S3-894584450	True
S1-775958289		False
S1-733636566	S2-982864979,S3-660787761	True
S1-667142848	S2-287785269,S3-564640659	True
S1-997906951		False
S1-414919565	S2-744625047,S3-109650197,S3-368752992	True
S1-235418894		False
S1-670850317	S2-226737154,S2-289010909,S3-361229551	True
S1-638323931		False
S1-941358672		False
S1-102951643	S2-112454612,S3-597706160,S3-916827205	True
S1-756729698		False
S1-924399194	S2-186997109,S3-160963865,S3-944876530,S3-970516640,S3-419694188	True
S1-652809068	S2-184602596,S3-714510741,S3-89016336	True
S1-562106571		False
S1-165526521		False
S1-735126336	S2-626127111,S2-76738196,S3-246487803,S3-489902402,S3-389809618,S3-572326415	True
S1-400951565		False
S1-289857584		False
S1-867344542		False
S1-653378850	S2-795784657,S3-738912333,S3-738594410,S3-64130600,S3-600241781	True
S1-635547877		False
S1-479850185		False
S1-684073295		False
S1-849358862	S3-834711482,S3-586013328,S3-442130243,S3-59415063	True
S1-725522374		False
S1-86580384	S2-11401017,S2-981665771,S2-364496724,S3-257072083,S3-284766871,S3-745885400	True
S1-937835244		False
S1-867321133	S2-473413772,S2-614447827,S3-335928982	True
S1-128048447		False
S1-191164314		False
S1-591015486		False
S1-70880722	S2-970152152,S3-9066711,S3-149462495	True
S1-181524815	S2-673960229,S2-656610142,S2-675546895,S2-408122857,S3-101561439,S3-551888020,S3-392399522,S3-774636886	True
S1-918942100	S2-638178753,S3-937379519,S3-778075658,S3-500675069	True
S1-923053585	S2-980600361,S3-249211472	True
S1-887911406		False
S1-350249253		False
S1-365555526	S2-114219368,S3-166272050	True
S1-165419721	S2-912455709,S3-216527378	True
S1-340868069	S2-125512503,S3-251256841,S3-480205789	True
S1-799580440	S2-278776489,S2-794805102,S3-515753505	True
S1-100905114	S2-320315014,S2-893747543,S2-687342391,S3-462647332	True
S1-15000247		False
S1-615604225		False
S1-119378567		False
S1-901079571		False
S1-434838851		False
S1-180723355		False
S1-17380356	S2-320714276,S2-318288337,S3-354855532	True
S1-523575657		False
S1-908225831		False
S1-926186316		False
S1-856352940		False
S1-285818614	S2-879369559,S2-103108789,S2-300111562,S3-54466974,S3-113398966,S3-647202405	True
S1-57552440		False
S1-91368735		False
S1-923180840	S2-918086297,S3-480117410,S3-526440830,S3-386500207	True
S1-774607818	S2-134789219,S3-683111552	True
S1-730435102	S2-676146191,S3-393654400,S3-885302610,S3-535717479	True
S1-973970233		False
S1-187471420		False
S1-444953736	S3-59085563,S3-898314022	True
S1-618925982		False
S1-581884230		False
S1-628965671	S2-917692571,S2-381487762,S3-20438474	True
S1-535492704		False
S1-363440960		False
S1-822476935		False
S1-299708820		False
S1-690305235		False
S1-933916801		False
S1-801707365	S2-642020702,S3-694138142,S3-841050700	True
S1-610165269		False
S1-989391156		False
S1-705310099		False
S1-924911510	S2-191163270,S2-375095351,S2-68846295,S3-885295015	True
S1-57955007	S2-314515110,S3-188845573,S3-838896453,S3-220069449,S3-908075869	True
S1-12285817	S3-423941811,S3-940324435	True
S1-797821665		False
S1-402487608		False
S1-65702420		False
S1-471432814		False
S1-202881914		False
S1-758199483		False
S1-753007068		False
S1-665186282	S2-739755722,S3-418281799	True
S1-309588667	S2-114761581,S2-699066166,S3-787896318,S3-282482489	True
S1-782884756	S2-417775944,S2-223191995,S3-22873151,S3-785986742,S3-453606710,S3-484122437	True
S1-617885007		False
S1-843597565		False
S1-779925203	S2-730916821,S2-481156285,S3-313288735,S3-725099374	True
S1-328829496		False
S1-477141002		False
S1-419260176	S2-680851011,S2-658240392,S3-284988704	True
S1-531429114		False
S1-304689888	S2-221232079,S3-506874919,S3-324763411	True
S1-279486650		False
S1-634564218		False
S1-728140246	S2-236275647,S3-867810230,S3-796160662,S3-949986289,S3-181527289	True
S1-522073449		False
S1-166632163		False
S1-916867266		False
S1-19891766	S2-287701035,S2-941367842,S2-150944107,S3-868383031,S3-601483369,S3-434429094	True
S1-327887493	S2-921708478,S2-30503244,S3-533828386	True
S1-165913583	S2-188668104,S3-536970249,S3-865037245	True
S1-91682682	S2-476906896,S2-999054312,S3-462533549,S3-948077881	True
S1-900480130	S2-585441537,S3-201795095,S3-158661597	True
S1-730525936	S2-299947573	True
S1-88607992	S2-438140225,S3-503019502,S3-37997472	True
S1-568646065		False
S1-613620400	S2-918823766,S3-121702395,S3-928617045	True
S1-562909008		False
S1-34115388	S2-617962074,S3-107115965	True
S1-418229119		False
S1-549295480		False
S1-440406014	S2-747159126,S2-794136188,S3-170752928	True
S1-398408961	S2-203514448,S2-493690278,S2-730842137,S3-774988722,S3-896868684,S3-627223220,S3-196890998	True
S1-441403500		False
S1-969319790		False
S1-290031544		False
S1-252186915		False
S1-944416311	S2-694468264,S2-712334153,S2-943991149,S3-957860614	True
S1-407375295	S2-734863783,S3-977598420,S3-272551705	True
S1-362632808	S3-919571956,S3-975978215,S3-763707192	True
S1-838899167	S2-843021100,S2-335135450	True
S1-577470479	S2-490915288,S2-805311599,S2-910649272,S3-916166623	True
S1-74990925		False
S1-73136825		False
S1-489390186		False
S1-981375313		False
S1-738847504		False
S1-619592108		False
S1-641705916	S3-708960866,S3-468097986,S3-197345350	True
S1-948088608	S2-98198092,S2-412533876,S2-201689981,S3-121313312,S3-570723996	True
S1-182025557		False
S1-347140334		False
S1-898372882	S2-323683696,S3-228060667,S3-307459451	True
S1-612336756	S2-356237559,S3-44555421	True
S1-316615711		False
S1-445509227	S2-178666743,S2-27249795,S3-262351922,S3-962060231	True
S1-212811999		False
S1-588052757	S2-772337062,S2-125755429,S3-395113882,S3-947005884	True
S1-177543902	S2-561524829,S2-616106051,S3-119902334,S3-237141546,S3-863033510	True
S1-625701507	S2-346915354,S2-383601903,S2-8508969,S2-505188090,S3-412555197,S3-248830155,S3-224653707	True
S1-182312943	S2-682931186,S3-255434161,S3-265998999,S3-42647507	True
S1-163424918	S2-426850062,S3-95443081,S3-165043726	True
S1-622516834		False
S1-361498126	S2-802312366,S3-494264432,S3-997363253	True
S1-783437144	S2-534922418,S3-15398629,S3-218376118	True
S1-123677616	S2-409270744,S2-258997192,S3-280451685	True
S1-431244261	S3-243084722,S3-373741723,S3-169414591	True
S1-159434635		False
S1-257443418	S2-736816623,S2-110004592,S3-284289909	True
S1-497417584		False
S1-310629829	S2-768745269,S2-912878784,S3-78871984,S3-30181700	True
S1-216647203		False
S1-102207717		False
S1-71601115	S2-335717780,S2-470100912,S2-414215677,S3-477081153	True
S1-69674240	S2-334766243,S3-573030441	True
S1-213974614	S2-462914410,S3-330843940,S3-868922785	True
S1-983311373	S3-591402357,S3-938157037,S3-550820433,S3-825053577	True
S1-57564258	S2-73985894,S2-182467060,S2-514188363,S3-518808841,S3-341940985	True
S1-409463137		False
S1-222169818	S2-399510162,S2-424061682,S3-232300887,S3-564201719,S3-272892129	True
S1-405582694	S2-176551887,S2-944668699,S3-194436126	True
S1-45903389		False
S1-198353841		False
S1-17024098		False
S1-846317935	S2-430846541,S2-214473556,S2-700562470,S3-413900070,S3-886108485	True
S1-209351760	S2-899750266,S2-365047142,S3-264160587,S3-710758995	True
S1-912042611		False
S1-894899262	S2-643403812	True
S1-946645103		False
S1-842176441	S2-368210953,S3-462284547	True
S1-798964707	S2-546798605,S2-284155097,S3-480724543,S3-217882234,S3-959197237	True
S1-639762168	S2-874566998,S2-500554311,S2-330345671,S3-699556909	True
S1-677346198		False
S1-839528344	S2-544889435,S3-688068536,S3-631678843,S3-633863316	True
S1-989999624		False
S1-86403797	S3-613931765,S3-655389707	True
S1-464687039		False
S1-460576371	S2-159874232,S2-755181811,S2-492897319,S3-735365662,S3-903691024,S3-951545426	True
S1-150605559		False
S1-266143659		False
S1-739630687	S2-164754817,S2-849542782,S2-739085404,S3-377054975	True
S1-586284251	S3-532468843,S3-780107674	True
S1-91461814		False
S1-490514017		False
S1-166680007	S3-59139071	True
S1-836362137		False
S1-783414036	S2-233602276	True
S1-173504473		False
S1-997658317		False
S1-5454466		False
S1-438085935		False
S1-835446138	S2-395481968,S3-370420680,S3-114973545,S3-597939733,S3-850130209,S3-214345722	True
S1-671965340		False
S1-799177963		False
S1-972623738	S2-641416103,S2-478136710,S3-504692543,S3-156148895,S3-588290857	True
S1-583098031		False
S1-817219666	S2-589276600,S3-191874919,S3-26819459,S3-614880608	True
S1-866068674		False
S1-82237130		False
S1-711079666	S2-626580666,S2-906678368,S2-656836172,S3-534732412	True
S1-253446623	S2-141499737,S2-780863369,S3-234758980,S3-880649937,S3-105854342,S3-506686622,S3-459412872	True
S1-820873914	S3-685325530	True
S1-81871421	S2-254564725,S3-689237066,S3-706308422	True
S1-689749819		False
S1-172241977	S2-644023380,S2-359798099,S3-106454391,S3-685252547	True
S1-49045782	S2-839927235,S2-594252590,S2-910806491,S3-691245032,S3-159878454	True
S1-904176618		False
S1-294972487	S2-204438476,S2-888080026,S2-631477687,S3-859025268,S3-572182344	True
S1-515413506	S2-362376368,S3-246088734,S3-728797523	True
S1-657073165	S2-972499700,S2-868753670,S2-11494530,S3-445223337,S3-254264112	True
S1-643823962	S3-201416308,S3-375359454,S3-20458851,S3-660084354	True
S1-515381938		False
S1-335872625		False
S1-341165479		False
S1-34125867		False
S1-816720978	S2-38079027,S2-381882274,S3-677574802,S3-320468418,S3-42882785	True
S1-166929652	S2-758077959,S3-192108623,S3-302654811	True
S1-46812166		False
S1-499177191		False
S1-223367614	S2-514809714,S2-591977028,S3-730600397	True
S1-820903703	S2-509769876,S2-337363573,S2-264285477,S3-187681551	True
S1-559445024		False
S1-807999454		False
S1-999957329		False
S1-881681082	S2-620280309,S2-13085233,S3-971002545,S3-293524736,S3-538100231,S3-370968757	True
S1-266072780	S2-971650428,S2-30176970,S3-507825828,S3-556794266	True
S1-358841396	S2-450755885,S3-81137414,S3-415685472,S3-273245944,S3-573739388	True
S1-288437495		False
S1-562368599		False
S1-927515744		False
S1-677067597		False
S1-26698118		False
S1-987215322	S2-174023436,S3-350293828,S3-297799279,S3-798766223,S3-698314051,S3-287572726	True
S1-769170416	S2-857686858,S2-312645882,S3-975431480	True
S1-887124315		False
S1-143319950	S2-98033459,S2-442033673,S2-477197144,S3-805488795	True
S1-432063551		False
S1-191779609	S3-889242255	True
S1-524221705		False
S1-82886920		False
S1-827722611		False
S1-33103823		False
S1-208268999		False
S1-955490056		False
S1-888020632	S2-957017495,S3-160704772	True
S1-742551652	S2-97380342,S3-358802736	True
S1-940365279	S2-415857280,S2-455216836,S2-449282999,S3-473336367	True
S1-171128063	S2-569948394,S3-624357855,S3-146615176	True
S1-445932119	S2-856345541,S3-355846306	True
S1-467948773		False
S1-891282506	S2-301104444,S3-641238483,S3-640821799	True
S1-681508373		False
S1-433415797	S2-4033344,S3-288041032,S3-961663664	True
S1-107559332	S2-466031415,S2-276965780,S2-772327770,S3-290091812,S3-543661280	True
S1-951506534		False
S1-784528654	S2-420065578,S3-699331939,S3-286548979,S3-839419302,S3-201707927	True
S1-635349456	S2-510974360,S2-417866289,S2-160590325,S3-349948435,S3-542658283,S3-859651141	True
S1-211248168	S2-398460024,S3-185722182	True
S1-171480179		False
S1-968960813	S2-497004065,S3-682013277	True
S1-986892507	S2-121903058,S3-879202569,S3-409357423	True
S1-887597179		False
S1-274800582		False
S1-942732323		False
S1-989161559		False
S1-417344300		False
S1-963028145	S2-555034022,S2-706100349,S2-538625020,S2-953651785,S3-839795799	True
S1-786076872		False
S1-767897271		False
S1-435479997		False
S1-931003376	S2-619668564,S3-732583251,S3-427064346,S3-559735154	True
S1-556819142	S2-159793829,S3-943572412,S3-11802541	True
S1-486794418		False
S1-696345111		False
S1-824597537	S2-273606964,S3-587943106,S3-632608112	True
S1-978076267	S2-981520171,S2-746349984,S2-867712907,S2-428587343,S3-24572756,S3-408755291,S3-410681714	True
S1-49904933		False
S1-915016527		False
S1-242632061		False
S1-265754299		False
S1-90826878	S2-573908795,S2-863884332,S3-135337286	True
S1-641085435	S2-14580741,S3-417407179,S3-472176811,S3-50928121	True
S1-89821921		False
S1-14841305	S2-443213295,S3-995355173,S3-344510875	True
S1-399682473	S2-24160738,S2-78448906,S2-811481886,S3-34116701	True
S1-62206879		False
S1-158434899		False
S1-46616954	S2-110955476,S3-785209830	True
S1-213669218		False
S1-256690823		False
S1-244411697		False
S1-429733929	S2-918605949,S2-544264435,S3-305185057,S3-970683683	True
S1-767196527		False
S1-566733406	S2-52097425,S2-766172051,S3-882228265,S3-12884511,S3-779011718	True
S1-144808948	S2-971651231,S3-789634973,S3-510303906	True
S1-367396468		False
S1-482381648	S2-526671748,S3-744173704,S3-155860317,S3-499518313,S3-268887658	True
S1-734496233	S2-449118674,S2-884753466,S2-178986701,S2-531261974,S3-161738085,S3-739980799,S3-753838409	True
S1-693278764		False
S1-923693518		False
S1-974691788	S2-503465918,S3-991908714,S3-803914337	True
S1-33732025	S3-260094569	True
S1-811750478	S2-267476618,S3-752027119,S3-406598444	True
S1-915312393	S2-962563491,S2-762290656	True
S1-288822674	S2-252092894,S3-335444346,S3-921719067	True
S1-140822441		False
S1-731404105		False
S1-470892675		False
S1-267825105		False
S1-184919296		False
S1-567320505	S2-3134588,S2-222458680,S3-668489109,S3-804915146	True
S1-274606814	S2-619642757,S2-285644240,S3-283658631,S3-279880590	True
S1-549458011		False
S1-79512293	S2-769489946	True
S1-456647789		False
S1-118182261	S2-154235340,S2-478608584,S3-617140448,S3-846719896	True
S1-119425882		False
S1-222234990		False
S1-841065485		False
S1-831804758		False
S1-751894584		False
S1-856372903	S2-624880282,S2-360098042,S2-862275092,S3-49450392,S3-901081630	True
S1-988250139	S2-253478130,S2-347946971,S3-531899727	True
S1-178862187		False
S1-172544970		False
S1-112935601	S2-737166900,S3-517461806,S3-42169909	True
S1-773291977		False
S1-497544175		False
S1-449288633	S2-730950756,S2-558401752,S3-761800896,S3-370076987,S3-520201211	True
S1-464795902	S2-617120751,S3-718499597	True
S1-816419388	S2-522418403,S3-715469198,S3-675667167	True
S1-12040047	S2-64403409,S2-901648042,S3-175523650,S3-53701162,S3-802180306,S3-476185762	True
S1-44019475		False
S1-710774011		False
S1-137260495	S2-98313801,S3-712767398,S3-535813538	True
S1-549578156		False
S1-147627543		False
S1-168002393	S2-273360281,S2-868314086,S2-750748213,S3-257758992,S3-208929492	True
S1-602915557	S3-927447357	True
S1-297917262		False
S1-225019450		False
S1-437987273	S2-631091653,S2-268004936,S3-225132661,S3-617274622	True
S1-252517406	S2-20562522,S2-473994388,S2-396791392,S3-870028491,S3-992600889	True
S1-951803228		False
S1-327482808		False
S1-66109276		False
S1-679873741		False
S1-309026372	S2-296318459,S2-216368399	True
S1-65257205		False
S1-344060202		False
S1-130164486		False
S1-750648817	S2-379688038,S2-174984266,S2-864798060,S2-722148340,S3-394202282,S3-134545940	True
S1-735030217		False
S1-698418354		False
S1-126640710		False
S1-546302610	S2-993824191,S3-389592171	True
S1-603670018	S2-422198921,S2-875897356,S3-404216702,S3-360856546,S3-204462020,S3-555452135,S3-938924328	True
S1-966606884	S3-161987829	True
S1-673908264	S2-255977678,S3-482674716,S3-298402753	True
S1-85780005		False
S1-161449097	S3-732183397,S3-730974189	True
S1-407198115		False
S1-268072183	S2-725559468,S2-224437542,S3-713605272,S3-697241062,S3-296036515	True
S1-494538000		False
S1-788277533	S2-671878554	True
S1-696318540		False
S1-27516487	S2-935186258,S3-457956640,S3-288215135,S3-291165563,S3-331315653	True
S1-189932073		False
S1-938010711		False
S1-941292096	S2-221125711,S2-569289067,S2-25471904,S3-440599068,S3-936377630	True
S1-64369627	S2-654066627,S3-814633139	True
S1-767594097	S2-239784721,S2-880454913,S3-714157650,S3-492161243	True
S1-775384891	S2-230374540	True
S1-529533738		False
S1-542716685	S2-344412068,S2-112496592,S2-387846479,S3-519977467	True
S1-646489347	S3-362066830,S3-332456692	True
S1-156479118		False
S1-875156669		False
S1-319898300		False
S1-25968518		False
S1-708811345		False
S1-888728588		False
S1-229440909		False
S1-314358347	S2-139413318,S2-310118726,S2-135296449,S3-3556481	True
S1-293081017	S2-954669112,S2-463003311,S3-313020499,S3-683962571	True
S1-993750909	S2-272792230,S3-402202264,S3-439510697	True
S1-747582697		False
S1-843659614	S3-739860203,S3-201060384,S3-937954613,S3-970404958	True
S1-963713386	S2-690010166,S3-994309069,S3-512513589,S3-673191170,S3-603892955	True
S1-930579022	S2-866351598,S2-124906485,S3-62984529	True
S1-797451919		False
S1-741465836		False
S1-874561885		False
S1-689240230		False
S1-561983838	S2-58058254,S3-963161942,S3-441879114	True
S1-718561886		False
S1-349056354		False
S1-456449893		False
S1-817835570		False
S1-619280409		False
S1-46465483		False
S1-519171070		False
S1-587093366	S2-252813769,S3-115153461,S3-619670201	True
S1-484504608	S2-272267987,S2-601919355,S2-661066266,S2-834166264,S3-605372854	True
S1-687645795	S2-760936539,S3-277434140,S3-578342890,S3-111573205,S3-916758804	True
S1-325319147	S2-744607959,S2-417379630,S2-258942203,S2-447236344	True
S1-768507298	S2-684057010,S3-918015296,S3-191504407	True
S1-932356031	S2-825671555,S2-638014757,S2-896864199,S2-793352909,S3-210153673,S3-502668691	True
S1-348215515		False
S1-418542243		False
S1-450387175		False
S1-457667577		False
S1-894221521	S2-64267036,S3-367247512,S3-115027877	True
S1-350601510	S2-961960907,S2-512271545,S3-335822765	True
S1-965348306	S2-697687067,S2-777861073,S3-642546466	True
S1-434591948		False
S1-82265458	S2-987359513,S3-76548374	True
S1-556833174		False
S1-174256369		False
S1-372589045	S2-260876950,S2-716710269,S3-218561454,S3-155647659	True
S1-765668789	S2-145687054,S2-428193577,S2-579115809,S2-175383838,S3-880519799	True
S1-901827799		False
S1-556485784		False
S1-338373621	S2-559214566,S2-641240277,S3-501062225,S3-801300704	True
S1-938930611		False
S1-985059424		False
S1-522075089		False
S1-328219268	S2-320090047,S3-133861057	True
S1-725699585		False
S1-61558559	S2-342751908,S2-838972453,S2-52644959,S3-799222306,S3-331245871,S3-757215724,S3-779014970	True
S1-412626014		False
S1-617328523		False
S1-983629235	S2-673090632,S3-248185679,S3-3864453	True
S1-308066651	S2-222634204,S2-688743579,S3-175043705,S3-332092521	True
S1-149362449	S2-132620994,S2-295867418,S3-545150329	True
S1-856053826		False
S1-517403079	S2-685111392,S2-206765623,S2-423235425,S3-904208754,S3-656836845	True
S1-473269178	S2-38028528	True
S1-641531702		False
S1-825661147		False
S1-228415081		False
S1-718248507		False
S1-159772940		False
S1-356673360	S2-186800125,S3-950508441	True
S1-762982160	S2-442424712,S2-949182599,S3-366178747,S3-563038228	True
S1-642023813	S2-723278145,S2-748408137,S3-485300131,S3-462336099,S3-370735974,S3-798761999	True
S1-762717554	S2-424197821,S2-822436411,S3-445260418,S3-377190526,S3-443981970	True
S1-353771312	S2-199245763,S2-434357910	True
S1-910030340	S2-415340133,S2-537529269,S3-908909497,S3-88717281	True
S1-194864560		False
S1-431564870	S2-959905364,S2-744783533,S3-728455202,S3-464343025,S3-275698652,S3-242504935	True
S1-356474274	S2-863296320,S2-230493837,S2-827665766	True
S1-212964576	S2-65186120,S3-272080299	True
S1-574075334		False
S1-792345617		False
S1-59124876		False
S1-244426024		False
S1-440859947		False
S1-75636705		False
S1-5579019		False
S1-667153198		False
S1-309812123		False
S1-258946885		False
S1-585743209		False
S1-298084750		False
S1-355531470	S2-775888309,S2-373446817,S2-430700019,S3-36080141,S3-464782725	True
S1-191888671		False
S1-536846536		False
S1-989671906		False
S1-570794097		False
S1-773213239		False
S1-995122297	S2-909775577,S2-197008661,S2-463922653,S2-116105007	True
S1-454865649		False
S1-128304026	S2-185366791,S2-223213508,S3-884602308,S3-66495802,S3-797769603	True
S1-842097765		False
S1-51525701	S2-476724509,S2-956470861,S3-282221488	True
S1-780533754		False
S1-628467013	S2-867666048	True
S1-994942614	S2-529127429,S2-778587611,S2-234873803,S2-282501341,S2-260730880,S3-68954554	True
S1-94563632		False
S1-168580824	S2-425978856,S2-996289994,S2-634007353,S3-966702078	True
S1-706016807		False
S1-101414236		False
S1-965689862		False
S1-655208233		False
S1-255476073		False
S1-318654300	S2-218331334,S2-713254520,S3-619298320,S3-778770326	True
S1-618754906		False
S1-455413912	S2-918494572,S2-567792483,S2-143996799,S2-758802552,S2-50114667,S3-456427927,S3-548005300	True
S1-339554923		False
S1-253931270	S2-900378394,S2-760834260,S3-334968393,S3-40902500	True
S1-660481700		False
S1-822746005		False
S1-883453357		False
S1-811803034		False
S1-468605487		False
S1-653008954	S3-275618480,S3-506120578	True
S1-19821868	S2-453501849,S3-686339295,S3-493047270,S3-427568085	True
S1-52019595	S2-844524611,S2-796148986	True
S1-629402965	S2-610925830,S3-902454564	True
S1-455717386		False
S1-383237485		False
S1-40910850		False
S1-740461623		False
S1-623183443		False
S1-640557247		False
S1-569103062	S2-139213728,S3-435569771	True
S1-497923036		False
S1-324140445	S3-850405404,S3-917618500	True
S1-954813322	S2-480367146,S2-440479337,S3-709550335	True
S1-505879402	S2-578764517,S3-659838477,S3-765607593	True
S1-678015512	S2-778629434,S2-915392303,S3-666753125,S3-59100164	True
S1-895886689		False
S1-400232615	S3-696611163	True
S1-559513208		False
S1-486039386	S2-51475045,S3-155397850,S3-401683351,S3-267596054,S3-354335021	True
S1-162305133		False
S1-676188927	S2-231647973,S3-549570609,S3-740259848,S3-876565952	True
S1-433230785	S2-42434086,S3-378763451,S3-646430363	True
S1-97245274		False
S1-425232578	S2-234418918,S2-508259202,S3-908718786,S3-776920352,S3-704805549,S3-211259917,S3-116918524	True
S1-865299542		False
S1-396810061		False
S1-776559356	S2-98672039,S2-108569671,S2-794873357,S2-247606755,S3-726996325,S3-877690318,S3-70283132	True
S1-568790395	S2-874636212,S3-127261494	True
S1-569186722	S2-952259790,S2-343602093,S2-20479167,S2-35079021,S3-872775499,S3-420032572	True
S1-734710950	S2-698073531,S3-252034512,S3-789373121	True
S1-885792134		False
S1-318555001		False
S1-735470937		False
S1-685432288	S2-801617601,S3-832560718,S3-256255303	True
S1-90046319	S2-552176030,S2-948170502,S2-615415275,S2-534766573,S3-725532528	True
S1-220914917		False
S1-925165610	S2-543576743,S2-250895010,S2-513926325,S3-670779768	True
S1-616178278		False
S1-975535214		False
S1-318324237		False
S1-712511033		False
S1-398344947		False
S1-141792598	S2-124830485,S2-110301624,S3-803902802	True
S1-704684028		False
S1-949859774		False
S1-777462403		False
S1-208213984	S2-946579802,S2-517097424,S2-32891376,S3-22709781,S3-911999256	True
S1-170666417	S2-937002979,S3-483681032	True
S1-797265304		False
S1-164752426	S2-822936504,S3-279108283	True
S1-701945848	S2-238516405,S2-763713745,S3-800287857,S3-848058815,S3-145663265,S3-324122081	True
S1-645609976	S2-546626514,S2-638738135,S2-989280314,S3-489874403,S3-383485619,S3-697378417	True
S1-107698242		False
S1-500009215		False
S1-948050088	S2-851535359,S2-496355677,S3-336678529	True
S1-628521234	S2-545440856,S2-937052044,S2-294484125,S3-50398236	True
S1-30777862	S3-109336336,S3-696382370,S3-778425141,S3-798471231	True
S1-818357871		False
S1-446346853	S2-235617604,S2-352311473,S3-900470917,S3-873894121,S3-433059602	True
S1-971488517	S2-667918821,S3-852701315,S3-292165035	True
S1-87696637		False
S1-373098018	S2-891858551,S3-468083109,S3-224983064	True
S1-485498429		False
S1-717930862		False
S1-446743682	S2-673242328,S3-380379832,S3-597435791,S3-183938910	True
S1-465172180		False
S1-459968837	S3-483310	True
S1-904778294		False
S1-363827362	S3-149510958	True
S1-322414628		False
S1-275253312	S2-974316332,S2-527191902,S2-553144437,S3-481045217	True
S1-997329397	S2-643448882,S2-121482641,S2-769154388,S2-257881497,S3-237505531,S3-51363496,S3-328893337	True
S1-936164001	S2-876433744,S3-967358209	True
S1-853675675	S2-126824988,S2-240485230	True
S1-198912411		False
S1-408768849		False
S1-631872669	S2-784110025,S2-22072893,S3-833862640	True
S1-781038247	S2-895540164,S3-725539544	True
S1-79853748		False
S1-509654737	S2-594001562,S3-9940522,S3-862740845,S3-841936666	True
S1-744958135	S2-88542621,S3-789440933,S3-669158322	True
S1-41253581		False
S1-303530635	S2-65678093,S2-289285376,S3-610491140	True
S1-262900091		False
S1-545556573	S2-74277133	True
S1-30627422	S2-149438848,S2-128535281,S3-783450615	True
S1-244998708	S2-506766028,S2-849634349,S3-703567089	True
S1-464575715	S2-187207212,S2-438957704,S2-210243853,S3-268845140,S3-811670421	True
S1-855898167		False
S1-42546105		False
S1-931943760		False
S1-471182488		False
S1-536752218	S2-147121012,S2-285926902	True
S1-649868669	S2-796290335	True
S1-158429272		False
S1-837917944		False
S1-238995144		False
S1-442480052	S3-47236051,S3-180569838	True
S1-507341174		False
S1-62722394		False
S1-606098133	S2-388180497,S3-37673804,S3-114093865,S3-171310998	True
S1-608921733	S2-962617499,S3-536621320,S3-235588682,S3-154592165	True
S1-200996408		False
S1-250690221	S2-153795416,S3-664133986,S3-623454780	True
S1-751807979	S2-532988033,S2-786597637,S3-358072722,S3-605422117	True
S1-967995000	S2-98713687,S2-422071193,S2-106353373,S3-426200414,S3-739846120	True
S1-109108502	S2-292312914,S2-461356888,S2-907269511,S3-397205607,S3-509509128,S3-955499478,S3-757635880,S3-445650095	True
S1-63589647	S2-826218504,S2-334388756,S2-842366752,S3-517817968	True
S1-300222859	S2-143064489,S2-158284842,S3-583570093,S3-239135425	True
S1-618440776		False
S1-140399179	S2-418486163,S3-127650474	True
S1-54436837		False
S1-543282271		False
S1-479102124		False
S1-459435873		False
S1-734199671	S3-620681998,S3-859901014	True
S1-864177699		False
S1-562648406	S2-735270970,S2-774946921,S3-522787859	True
S1-884362716		False
S1-308066947	S2-210172012,S3-906354510,S3-18692147	True
S1-69007201	S2-743284915,S3-380901871	True
S1-367146461	S2-910331723,S2-65259735,S3-569584065	True
S1-838313161		False
S1-862163540		False
S1-683486098	S2-438144178,S2-853512844,S2-852256525,S3-255935023	True
S1-617047179	S2-60912963,S2-730779682,S3-588475268,S3-610422760	True
S1-665974463	S2-148286040,S2-948309048,S2-338727094,S3-969437036,S3-432691162,S3-677153062,S3-181516923	True
S1-626621931	S2-93878220,S2-734428035,S2-978289765,S3-339071258	True
S1-933628990	S3-645779043,S3-109325343,S3-733029922,S3-179573660,S3-351797717	True
S1-607686072	S2-244703734,S3-263285226,S3-915240392,S3-287349803	True
S1-92348452	S2-363991141,S2-38567381,S2-914159410,S3-842552548,S3-323698375	True
S1-882456799		False
S1-932337390	S2-308666499,S2-621532508,S2-513806244,S2-480179071,S3-709886158,S3-127739908	True
S1-682804032		False
S1-431997074		False
S1-483869071	S2-772782385,S2-453383024,S3-702919302,S3-967326487	True
S1-57405384		False
S1-227970398	S2-293554486,S3-398842754,S3-849285463,S3-844557580,S3-752639405	True
S1-911986660	S2-264283598,S3-822488160,S3-276860432,S3-747127886,S3-805615518	True
S1-818053401	S2-226597114,S2-95566087,S3-52707353	True
S1-957978186		False
S1-60492752	S2-699100168,S2-311695908,S2-628798936,S2-254754148,S3-393365339,S3-31763978,S3-564646268	True
S1-788888234		False
S1-261426391		False
S1-132640221	S2-306109839,S2-273201739,S2-493002526,S3-581316293	True
S1-474226177		False
S1-567160779	S2-603065937,S2-409975355,S2-318528521,S3-294611461	True
S1-116897899		False
S1-168329986		False
S1-261694213		False
S1-39425806		False
S1-713147764	S2-756976225,S2-251508650,S2-362779811,S2-699366222,S3-566648259,S3-162389739	True
S1-933750172	S2-734181793,S3-954384841	True
S1-313400582	S2-455250976	True
S1-302147397		False
S1-974484834	S2-253197211,S2-821379728,S2-359783283,S2-96883199,S2-937285533,S3-986532601,S3-59191621,S3-306586829	True
S1-576685858	S2-56763637,S2-663312851,S2-762965930,S2-32755661	True
S1-518258946	S2-340333937,S3-97560043	True
S1-127885769		False
S1-353198980		False
S1-224394006	S2-873150382,S3-853558133,S3-533803508,S3-216221815	True
S1-668041675		False
S1-306146777		False
S1-810558922	S2-126521100,S3-991868960,S3-355838861,S3-721271848,S3-76901883	True
S1-349502908		False
S1-987083556		False
S1-989626978	S2-655686781,S2-953121835,S3-627875533	True
S1-616611446	S3-431019531,S3-503982781	True
S1-494868959		False
S1-784202764		False
S1-548824623		False
S1-341069307	S2-118518205,S3-650064370	True
S1-761755786		False
S1-416753372		False
S1-772631485	S2-474518492,S2-973033871,S2-947172196,S3-324145936,S3-560405853	True
S1-396927562	S2-699723660,S3-859622121,S3-66404453	True
S1-115538767	S2-214565587,S2-689949531,S3-619180176,S3-711554410,S3-134277527	True
S1-999646566	S2-106901661,S2-749057602,S2-303118228,S2-887053425,S3-363169935	True
S1-387063515	S2-452110917,S3-407303679,S3-872167464	True
S1-663935882		False
S1-602654080		False
S1-61506965	S2-715171674,S2-90397661,S3-60511964	True
S1-328125803	S3-114389414,S3-268652136,S3-413616320	True
S1-905596960	S2-14061874,S2-629289814,S2-693296247,S3-612529917	True
S1-280143695		False
S1-584246298	S2-173856783,S3-97700478,S3-815977008,S3-590440469	True
S1-965492201	S2-786720872,S3-115343056	True
S1-114279080	S3-844641044,S3-894219350,S3-988023006,S3-792665142,S3-610849602	True
S1-186167654	S2-388689712,S2-682895273	True
S1-255357143		False
S1-364773314		False
S1-512713826		False
S1-548879063		False
S1-25514269	S2-741897933,S2-386838280,S2-359343571,S3-628025227,S3-809457239	True
S1-523935490	S2-620275026,S3-849524196	True
S1-174882852	S2-784968178,S2-980200515,S3-827524145,S3-618246570,S3-856613312	True
S1-961837910	S2-937962337,S3-95992005	True
S1-812930840	S2-829308446,S3-406983384,S3-108002568,S3-216048561	True
S1-701856920	S2-900126364,S2-374651504,S2-63984792,S3-733570241,S3-253000611	True
S1-92657002		False
S1-223396145		False
S1-190722999	S2-117285474,S3-594817194,S3-947172929	True
S1-297231961	S2-310063510,S3-782349544,S3-561042844	True
S1-138173608	S2-399894154,S3-308790174	True
S1-325482648	S2-457025261,S3-324517910	True
S1-969992326	S2-171237081,S2-583691411	True
S1-925902201		False
S1-130913736		False
S1-706372959		False
S1-250550963	S2-374552934,S2-886942556,S2-397521324,S3-24939962,S3-590268882,S3-448624109,S3-984135619	True
S1-256057163	S2-632190922,S3-887688987,S3-464370959	True
S1-571930054	S2-44400418,S2-221080564,S3-144429545,S3-524657808	True
S1-564362094		False
S1-496780121	S2-780504587,S3-795232195,S3-932929882,S3-165901794	True
S1-688153429	S2-529177991,S2-629351759,S3-565351389,S3-835562486,S3-294968416,S3-308654911	True
S1-698499368	S2-355219619,S2-397932416,S3-470632185,S3-547618143,S3-980382185,S3-951032741	True
S1-148111459		False
S1-802908452	S2-690318317,S3-253061385,S3-216027922	True
S1-339337192	S2-102869680,S3-356538276	True
S1-10028000	S2-176519347,S2-454880433,S3-732388817,S3-96109126,S3-316911778,S3-623378214	True
S1-876528440	S2-4381969,S3-597775374	True
S1-44665225	S2-448531021,S3-275285407	True
S1-316883064		False
S1-142071986	S2-159559340,S3-749614568	True
S1-259520697		False
S1-846528114		False
S1-918014613	S2-757326590,S3-372682341,S3-513672336	True
S1-73438256	S2-50445226,S2-776432346,S3-539671707,S3-640815784,S3-492107926	True
S1-292069817		False
S1-93426828	S2-378180329,S3-749209727	True
S1-565421423		False
S1-580917837	S2-980582458,S2-645978484,S3-339233068,S3-658659989,S3-494594339	True
S1-722791926		False
S1-214465220		False
S1-75996849		False
S1-184380014		False
S1-102786507	S2-178971179,S2-302457517,S3-143583568	True
S1-244206537	S2-383358440,S3-518199539,S3-618966254	True
S1-568983882		False
S1-113087908	S2-65974625,S3-44837790	True
S1-577403807	S3-578243350	True
S1-837206362	S2-448900202,S3-755399771	True
S1-485058148	S2-226282906,S2-594861225,S3-935738141,S3-544199956,S3-806390981	True
S1-425823504		False
S1-262183154		False
S1-485810548	S2-315412048,S2-624759728,S3-659760448,S3-225112993,S3-200172109	True
S1-213108417	S3-34538921,S3-467568875	True
S1-774219147		False
S1-456613684	S2-831042025,S3-823861550,S3-937092005,S3-453663500	True
S1-157071998	S2-364591631,S2-271461737,S2-275526814,S3-737743280,S3-287819490	True
S1-599703001	S2-981833434,S2-681905560,S3-435622304	True
S1-432591681	S2-86105968,S3-766447337	True
S1-965882826		False
S1-530728546	S2-656987344,S3-624896199,S3-81934676	True
S1-151505126	S2-853866510,S2-476942460,S2-589579604,S2-616778742,S3-149680373,S3-10776874,S3-166321560	True
S1-556334338		False
S1-832334421		False
S1-131789093		False
S1-547567610		False
S1-282731925		False
S1-552904861	S2-264010291,S3-977742187	True
S1-940943618		False
S1-682588165	S2-427339030,S3-3578906,S3-255745323	True
S1-293968454	S2-822190987,S3-843542104,S3-56444633,S3-693553534,S3-59705135	True
S1-497198790		False
S1-617755813	S2-892807532,S3-452792750	True
S1-992267502	S2-46396337,S2-242148015,S2-289126422,S2-829315782	True
S1-803687898		False
S1-286459485	S2-909145119	True
S1-506936609		False
S1-963063068		False
S1-926129559	S3-618051742,S3-471504100,S3-520276785,S3-841131826	True
S1-332645361	S2-392847196,S2-868094232,S3-364724195,S3-891259396	True
S1-140556520	S2-955979968,S2-144861509,S2-104118349,S2-873720918,S2-100620344,S3-127853192	True
S1-848918198		False
S1-628397629	S2-49272468,S2-774997228,S3-411676644	True
S1-801325822		False
S1-738360226	S2-434182518,S3-557762014,S3-461072190	True
S1-933081447	S2-786474365,S2-429344913,S2-564381943,S3-784619914,S3-484967697,S3-753223752	True
S1-975843708	S3-100089655,S3-189246573	True
S1-596983966		False
S1-333556138	S2-682721983,S2-894464847,S2-956604398,S3-860101677,S3-823635133,S3-118019647	True
S1-640422239	S2-458126254,S3-596131003,S3-890495103	True
S1-214222793	S2-88795464,S2-660090220,S2-724007511	True
S1-519155475	S2-192799612,S3-490697691,S3-299442638	True
S1-706217177	S3-63533511,S3-240308095	True
S1-271758767		False
S1-356268054		False
S1-113770138		False
S1-957204225		False
S1-376991349		False
S1-742441288		False
S1-487106292		False
S1-359853750		False
S1-905089606		False
S1-494782896		False
S1-491632696	S2-74769480,S2-947005244,S2-555350241,S2-947713857,S3-117747089	True
S1-911178024	S3-977756451	True
S1-59199799		False
S1-102349582	S2-661424246,S2-782477400,S2-391854311,S3-633862367,S3-874193231,S3-73860790	True
S1-473785841		False
S1-128571001		False
S1-92819652	S2-21742838,S2-990821670,S2-618199386,S3-495750122,S3-528616735	True
S1-829912212	S2-151801099,S2-235763405,S2-921326530,S2-288558323,S3-983180743	True
S1-14659942	S2-254631309,S3-495429584,S3-872536175	True
S1-666295745	S2-999715248,S3-94605802	True
S1-827187231	S2-120591714,S3-239740181,S3-662413509,S3-325857461	True
S1-857292829	S2-926770445,S2-841133616,S3-989948573	True
S1-547439973	S2-59248872,S3-930404537	True
S1-985825979		False
S1-532426594		False
S1-594169412		False
S1-551466810		False
S1-453431182		False
S1-284731421	S2-572589269	True
S1-673821730		False
S1-55287561	S2-921697249,S2-493376542,S2-866687276,S3-401574992,S3-854273643	True
S1-824575841		False
S1-974462801		False
S1-796750862	S2-947451564,S2-254767538,S2-439487027,S3-494503290,S3-857047954,S3-420669423	True
S1-290056175		False
S1-388845092		False
S1-7963654		False
S1-858902957	S2-420736094,S3-78712775	True
S1-455585818	S3-478606673	True
S1-990372941		False
S1-228224483	S2-107743817,S3-148675545,S3-913271119	True
S1-446825225		False
S1-620162779		False
S1-697738280	S2-893783833	True
S1-228771260		False
S1-671914738	S3-434302823,S3-199947963,S3-374051137,S3-992979450,S3-961591237	True
S1-678807770	S2-281225965,S3-351161193,S3-608539754,S3-797654526	True
S1-790010237	S2-333089313,S2-48789207,S2-483401338,S3-901515541	True
S1-868621498		False
S1-658055262		False
S1-408306039	S2-3467320,S3-263815075,S3-151457265	True
S1-341125371	S2-60059898,S2-126184748,S3-10763147	True
S1-862519481		False
S1-985622413	S2-880368209,S2-22115703,S2-319902631,S3-343206867,S3-333934247,S3-890096103	True
S1-90269907		False
S1-207377758		False
S1-392798044		False
S1-789003647		False
S1-29074178		False
S1-71887642		False
S1-346699423	S2-817219031,S2-112236498,S3-958825723,S3-227029917	True
S1-120418312	S2-595861597,S3-823799311,S3-117496516	True
S1-783724450	S2-867702100,S2-673528408,S3-570712224,S3-150841252	True
S1-141300992		False
S1-212712073	S2-115010933,S2-159080333,S3-449582086,S3-120549112	True
S1-598182906		False
S1-342356862	S2-229350646,S3-826799974,S3-35272343	True
S1-288885445		False
S1-650757399	S2-204836138,S2-783249023,S2-833304815,S3-505446990,S3-409726546,S3-79298761	True
S1-93184044		False
S1-503160270	S2-661161088,S3-499317818	True
S1-727255420	S2-75071547,S2-677551713,S3-562923555,S3-201248798	True
S1-634876001		False
S1-654963272		False
S1-953293941	S2-477094056,S2-153170889,S3-448776085,S3-532974075,S3-69401194,S3-735386240	True
S1-146811073		False
S1-352656023	S2-922201793,S2-54027177,S3-886233019	True
S1-272724194		False
S1-1539433		False
S1-812614073		False
S1-512581467		False
S1-650265919		False
S1-441384351		False
S1-754408872	S3-478888685,S3-45400443	True
S1-668264891	S2-45516625,S2-999558800,S3-523983445	True
S1-191144003		False
S1-412846047		False
S1-288471040	S2-92840647,S2-17577547,S2-44742900,S2-485947507,S3-2948565	True
S1-98541086	S2-800214048,S2-691620714,S2-645201251,S3-121501138	True
S1-53104180	S2-796419461,S3-105879676,S3-256927126	True
S1-519185600		False
S1-223134701	S2-283012902,S3-782659321,S3-896923662	True
S1-913148121		False
S1-311026938	S2-709106573,S2-513068094,S2-429509461,S3-89623849,S3-661480860	True
S1-718357369		False
S1-677458391	S2-826614771,S2-517121452,S2-885831184,S3-413473258	True
S1-387343772	S2-35766959,S3-237695327,S3-551642450	True
S1-309941926	S2-769136415,S3-246224170	True
S1-178316114		False
S1-109190983		False
S1-410954363		False
S1-995294086	S3-610664782	True
S1-901749562	S2-430668963,S2-521304262,S2-605172168,S2-121813558,S3-144002675	True
S1-75289160		False
S1-903583463		False
S1-793114533		False
S1-50691906	S2-747120926,S2-345169836,S3-627774817	True
S1-707466303	S2-754421979,S3-60494248,S3-826295481	True
S1-782507274	S2-892514617,S2-758872873,S2-700500768	True
S1-148681271		False
S1-159837069	S3-714780270,S3-211508893,S3-250954605	True
S1-737754004	S2-447096995,S2-319799418,S3-609594811,S3-876416545	True
S1-973429495	S3-657682162	True
S1-828022529		False
S1-913778539		False
S1-966010762		False
S1-608424785		False
S1-584473184		False
S1-734140534		False
S1-552693102		False
S1-104659098		False
S1-234259043		False
S1-54520868	S2-628314169,S2-115887335,S2-210747241,S3-49004850	True
S1-352594006		False
S1-506443950	S2-346807676,S2-116834338,S3-112958752	True
S1-782892967		False
S1-887337852		False
S1-862872167		False
S1-349018723	S2-660085398,S2-553442671,S2-661598496,S3-568415316,S3-649571373,S3-504811512	True
S1-817426637	S2-785913909,S3-895532265	True
S1-447224369	S3-82631320	True
S1-388783290	S2-554722656,S2-42071803,S2-655099666,S2-659013495,S2-894219100,S3-281273263	True
S1-340753746		False
S1-741238812		False
S1-706986616		False
S1-942906681		False
S1-682059547		False
S1-363462536		False
S1-771569705	S2-209247313,S2-163289142,S2-863284564,S2-926460355,S3-713646907	True
S1-636826239		False
S1-828088697	S2-581254358,S3-538172811,S3-128314530	True
S1-95977586	S2-372192280,S2-769116174,S3-896987922	True
S1-295737793		False
S1-778031187	S2-650874608,S2-281797319,S3-114048880,S3-866526597	True
S1-449867025		False
S1-623994003		False
S1-821308071	S2-83391671,S2-988561778,S2-278661108,S3-48232413,S3-871973996,S3-385858107	True
S1-221248187	S2-589694660,S2-699785879,S2-22403445,S3-226782550	True
S1-279249499	S2-633111586,S2-958725809,S2-701138752	True
S1-980737681	S2-346549950,S3-660375976,S3-507528473	True
S1-382555764	S2-84152109,S2-57671509,S3-723160262,S3-547833062	True
S1-581996207	S2-906215478,S2-863517836,S3-620109002,S3-853677074	True
S1-590555961	S2-683108579,S2-766184023,S2-993779029,S3-174322452,S3-3220673,S3-981505467,S3-870271562	True
S1-745625268		False
S1-609726160		False
S1-493767508	S2-226727358,S3-372692302,S3-452668565	True
S1-281798671		False
S1-655913597	S3-538240361	True
S1-60957470	S2-201491779	True
S1-764072390	S2-674447728,S2-578346183,S3-513841757,S3-178162591,S3-889842613	True
S1-263931703	S2-723426142,S2-533231878,S2-402816185,S3-266708951,S3-791999919	True
S1-223649376		False
S1-89840607		False
S1-551690509		False
S1-778683773		False
S1-203720564	S2-572460613,S3-666697139	True
S1-593809473		False
S1-124595262		False
S1-866866958	S3-769555521	True
S1-572461654		False
S1-628005458	S2-97846284,S3-899570457,S3-725690658,S3-597468515,S3-395718825	True
S1-641169740	S3-974698193,S3-263181243	True
S1-965461900		False
S1-295441942		False
S1-782271800	S2-4366513,S2-637383472,S3-423883327,S3-141049476,S3-23097915	True
S1-670053278		False
S1-743427752		False
S1-126554665	S2-844617878,S3-19559582,S3-662164799	True
S1-683946842	S2-942371370,S2-392298204,S2-653365265,S2-461511926,S3-52074064,S3-149722231	True
S1-805126311	S2-857806594,S2-43790012,S2-699446975,S3-916156049	True
S1-189149976		False
S1-871694559		False
S1-156110959		False
S1-191741101		False
S1-378016048		False
S1-312774105	S2-611535510,S3-551096307,S3-65586368	True
S1-538733011		False
S1-757288696		False
S1-620475104	S2-990371173,S2-776102958,S3-379456959	True
S1-709799299		False
S1-980337499		False
S1-248728859		False
S1-190214716	S2-324327646,S3-270122550	True
S1-828628460	S2-635465229,S2-957667490,S3-923192860,S3-478787828,S3-583067481	True
S1-328646506		False
S1-502594295	S2-960595463,S2-70307288,S2-595242910,S2-541779097,S3-176031292	True
S1-569104142		False
S1-379594555	S2-880674496,S2-218718151,S2-761169171,S3-505962282,S3-809552677,S3-468794116,S3-702125343	True
S1-33520313	S2-432384664,S2-738166825,S3-479283368,S3-841980176,S3-837722367,S3-175911110	True
S1-965761514		False
S1-309313759	S2-927302702,S3-611875013	True
S1-321628177		False
S1-793181471	S2-19791644,S2-957185119,S3-135595180,S3-87121970	True
S1-308304900		False
S1-56180852		False
S1-883589119	S2-801152602,S2-724707065,S2-156974758,S3-771029308	True
S1-76759351		False
S1-282062892	S2-284580538,S2-847091890,S3-429306162,S3-224423160,S3-858499312	True
S1-704021298		False
S1-548652759		False
S1-908794138		False
S1-772777556		False
S1-853949754		False
S1-935579326	S3-146970475,S3-485579518,S3-517197937,S3-919811707	True
S1-794998452		False
S1-200332556		False
S1-774963896	S2-619558974,S3-334700871	True
S1-566505520	S3-5774776,S3-695708093,S3-8249685,S3-8561215	True
S1-485861341		False
S1-225260374	S2-128358322,S3-540423183	True
S1-168956976	S2-36650857,S2-798712126,S3-163545358,S3-222548970,S3-710922748,S3-751411604	True
S1-690666741	S2-975699094,S2-731863243	True
S1-788503570		False
S1-820671431		False
S1-373172303	S2-441969033,S2-817791566,S3-441044738,S3-949082626	True
S1-298720519		False
S1-103596563	S2-96455051,S2-406884143,S2-825479074,S3-5381988,S3-183571668	True
S1-221941373	S2-971768566,S2-976668697,S2-848723508,S2-372140072,S3-853901115	True
S1-143185935	S2-11902543,S2-441830670,S3-498157320,S3-986690597,S3-940504182	True
S1-871244980	S2-816023130,S2-478669345	True
S1-125801374		False
S1-546826321	S2-360401584,S2-966944441,S2-951821988,S2-340604862,S3-113930448,S3-199423319,S3-278123802	True
S1-9280920	S2-29814513,S3-67992759,S3-738303039,S3-726117177,S3-172618288	True
S1-79324371		False
S1-852635891		False
S1-571732957	S2-821275232,S2-533079003,S3-810973611,S3-982904737	True
S1-51247810	S3-482946595,S3-333518337,S3-244565043	True
S1-541258288		False
S1-7376927		False
S1-688027630	S2-861099519,S2-343716564,S3-469305443,S3-604398479,S3-132067707,S3-81996417	True
S1-155192134		False
S1-91368092	S2-74335077,S3-10577717,S3-991154305,S3-800881830	True
S1-626070669	S2-440821377,S3-711615172	True
S1-824561554		False
S1-289754764		False
S1-683046377		False
S1-882736470		False
S1-307938024	S2-831082093,S2-823365441	True
S1-42197445	S2-880527759,S3-837330584,S3-939888862,S3-386225610,S3-670418190	True
S1-450149371		False
S1-898662493		False
S1-805172256		False
S1-547932270		False
S1-123862687	S2-978640932,S2-248918679,S3-754096613,S3-425576510	True
S1-510938303		False
S1-499072904	S2-358901823,S2-653434098,S3-816847531,S3-720865398	True
S1-284171990	S2-607457867,S3-485101987,S3-972526912,S3-38900904	True
S1-105430574	S2-284958854,S2-301647390,S3-490348967,S3-506905934	True
S1-682132787		False
S1-365209069		False
S1-729610839	S2-726913269,S2-38400989,S3-966554241,S3-850451657	True
S1-402035808	S2-372406164,S2-192430555,S2-831739559,S3-523446850,S3-381656362,S3-124743177	True
S1-419519991		False
S1-371987538	S2-481210241,S2-625652770,S3-140541245	True
S1-467359012		False
S1-95384482	S2-885586075,S2-186203328,S3-409271517	True
S1-225433961	S2-385344466,S2-67210278,S3-923090079,S3-913003792	True
S1-540110975	S2-714963594,S2-664765389,S3-384384041,S3-248376765,S3-419297780,S3-65670570	True
S1-702050865	S2-765984541,S2-304721438,S3-915488206	True
S1-600960446	S2-624093337,S3-890324841,S3-62592063,S3-81203363,S3-440861446	True
S1-820039233	S2-886747012,S2-675116151,S2-644824652,S3-914569076,S3-615473231,S3-186081784,S3-708091654	True
S1-553235708		False
S1-869965194		False
S1-991624045	S2-230050058,S2-928152861,S2-833498868,S3-982005292,S3-905132836,S3-346915843,S3-884114642,S3-822629667	True
S1-971158380	S2-12245228,S2-439850752,S3-357296209,S3-471406253,S3-30213292,S3-979943146,S3-470705705	True
S1-902644326	S2-40638237,S3-556542525,S3-519557956,S3-835745260	True
S1-662607169	S2-922298044,S3-626147151,S3-928891674,S3-663537140	True
S1-415975945	S2-865070024,S2-760406988,S2-734384412,S2-586465024,S2-224918608,S3-215136305,S3-179297981	True
S1-74143925		False
S1-639002598	S2-197153528,S3-448670215	True
S1-827685028	S2-87706984,S3-878243761,S3-497386557	True
S1-94249259		False
S1-5085249	S2-124626862,S3-99674351	True
S1-182732995	S2-807018886,S2-571145384,S2-387061906,S3-27163038	True
S1-182112294	S2-403778025,S2-82545070,S2-317698549,S3-839825602	True
S1-595513589		False
S1-14076650	S2-717049548,S2-184677379,S2-78682123,S3-556945864,S3-652288140,S3-830525008	True
S1-753494541		False
S1-469429650		False
S1-233811164		False
S1-486843174	S2-774770228,S3-413550516,S3-154137646	True
S1-947728683		False
S1-67974544	S2-139759665,S2-774441616,S3-406210442,S3-822546613,S3-49759634	True
S1-56679346		False
S1-441869882	S2-360605962,S3-124780747,S3-83065709	True
S1-579223358		False
S1-495080582		False
S1-133731209		False
S1-215371125		False
S1-552647367	S3-517995597,S3-682776558	True
S1-997820826		False
S1-915239729	S2-360043278	True
S1-894260579		False
S1-724102460		False
S1-790090738		False
S1-873890870		False
S1-719839569		False
S1-555772087		False
S1-229713170		False
S1-742981247		False
S1-14428303	S2-255855601,S3-475080218	True
S1-732561089	S2-261340838,S2-166705926,S3-152019742,S3-19822299	True
S1-120520229	S2-39588123	True
S1-896573524	S2-925128128,S2-412118588,S3-365798650,S3-705300826	True
S1-960030360		False
S1-883147789		False
S1-243961395	S2-732871172	True
S1-597329137	S2-523582309,S3-687076584,S3-167548248,S3-846442480	True
S1-928518463		False
S1-953962451		False
S1-391017753		False
S1-233655142	S2-899497401,S3-595740526,S3-345547081,S3-677345103	True
S1-168400292		False
S1-288738846		False
S1-467680958	S2-596755490,S3-620057165,S3-220425826	True
S1-403142493		False
S1-74500418		False
S1-730434151		False
S1-745833939	S2-362984899,S2-654556167	True
S1-543060428		False
S1-146233856		False
S1-98668887		False
S1-461398090		False
S1-275943411	S2-384528999,S3-314811430,S3-175905582,S3-983596606,S3-184248078	True
S1-917987047	S2-512041817,S2-109684196,S2-680751977,S2-154375991,S3-473113689,S3-325999110,S3-760543177,S3-395477568	True
S1-185963729		False
S1-685100878		False
S1-663049905		False
S1-983722430	S2-144561394,S3-792395681,S3-742330984	True
S1-280815895		False
S1-650687833		False
S1-223722135	S3-522814418	True
S1-598843876		False
S1-869785932		False
S1-325566657	S2-462749777,S3-445669501	True
S1-842239729		False
S1-578136435	S2-689881176,S3-870342788,S3-612647377,S3-121389302	True
S1-15967456	S2-541082528,S2-938619202,S3-756456310	True
S1-301498637	S2-899498384,S3-142324965,S3-422986842,S3-365312461	True
S1-504174087	S2-874549154,S3-52232556,S3-56827737,S3-877266902	True
S1-919622614		False
S1-637910240	S2-548050072,S2-912764384,S2-304571366,S3-462618326	True
S1-176397836	S2-547138075,S2-242257573,S3-988366679	True
S1-507206165	S2-553280887,S2-859771065,S2-861217487,S2-742630206,S3-929535469,S3-95049439	True
S1-613747649	S2-626583859,S3-653705066	True
S1-772929496		False
S1-424717445		False
S1-797140853		False
S1-741458726		False
S1-974690689		False
S1-762872177	S2-545437658,S2-755937906,S2-168269682,S2-484078129,S3-980394455,S3-345367372,S3-613186915	True
S1-706841076		False
S1-279739026		False
S1-601227785	S3-472180411,S3-818911529	True
S1-444225492	S2-288089064,S2-822018327,S3-550867514,S3-979761439,S3-805690511	True
S1-467142320	S2-778305326,S3-102237714,S3-492299539	True
S1-742150752	S2-837144765,S2-902408010,S2-403931397	True
S1-570157588	S2-291477763,S3-975297226	True
S1-413969683		False
S1-674183175	S2-42862492,S2-622393197,S2-11716742,S2-296547281,S3-538793870	True
S1-24127868		False
S1-146744077	S2-261349680,S2-176090134,S3-218972747	True
S1-852577385		False
S1-374398819	S2-224217550	True
S1-632030821		False
S1-596938969		False
S1-705020140	S2-729400739,S3-814560569,S3-94530857	True
S1-328974157	S2-570559271,S3-481261377,S3-768185644,S3-522720279	True
S1-779738910	S2-341022351,S2-936556758,S3-8870288,S3-73047658,S3-608742608	True
S1-25812350		False
S1-510082590		False
S1-617294476	S3-752722864	True
S1-540419060	S2-922164535,S2-436536079,S3-970492043,S3-462772486	True
S1-918758298	S2-886170855,S3-117412999,S3-638887557,S3-586420310	True
S1-597315161		False
S1-493416309	S2-606444765,S3-300125859,S3-542764844,S3-962503392	True
S1-809312692		False
S1-980568892		False
S1-193942380		False
S1-887468851		False
S1-88553915		False
S1-583116252	S2-779860762	True
S1-75115618		False
S1-180474121	S2-176669528,S2-499186288,S3-154814390	True
S1-923766668		False
S1-100902803	S2-178294856,S3-145337959	True
S1-59865682		False
S1-387239456	S2-439951160	True
S1-108289526	S2-262929034,S3-396717721	True
S1-253820858		False
S1-263220068	S3-848113592,S3-207461010	True
S1-240427528	S2-467787016	True
S1-574099452	S2-894795601,S2-678141515,S3-520941239	True
S1-488146139		False
S1-403354935	S2-338734549,S2-252904215,S2-70948394,S3-721473597,S3-444393294	True
S1-439355272		False
S1-524787010	S2-7597585,S2-699741576,S2-801136211,S3-275034265,S3-229963519	True
S1-514817947		False
S1-575317667	S2-1511191,S2-101590487,S3-571623759,S3-155048698	True
S1-711736749		False
S1-236407471	S2-445453404,S2-671249356,S2-170516640,S3-107912537	True
S1-661227812		False
S1-413199500		False
S1-600936006		False
S1-751054664		False
S1-137376181		False
S1-800529624		False
S1-609439619		False
S1-272014750		False
S1-854919551		False
S1-269125439	S2-208788430,S3-567106223	True
S1-881759181	S2-816202373,S3-573854367	True
S1-393111688		False
S1-464689662	S2-575317483,S2-249233653,S2-717381741,S3-743340601	True
S1-158238069	S2-256566740,S2-761598870,S3-643034900	True
S1-103235461		False
S1-839838647	S2-29412604,S3-115296819	True
S1-864330163	S3-568439668,S3-404533318	True
S1-419392905	S2-83501488,S3-499868774,S3-364509622,S3-884684507	True
S1-778897890	S2-443235767,S2-512277250,S3-979717275	True
S1-179112722	S2-637035750,S3-401477214,S3-947659790	True
S1-879259817	S2-462080814,S3-118254261	True
S1-212222316		False
S1-88488958		False
S1-375129136	S2-150487752,S3-852679925,S3-621457793,S3-760862039	True
S1-124322267		False
S1-441076866		False
S1-782192949	S2-589717106,S3-999855193,S3-393610583	True
S1-255779322	S2-562429316	True
S1-17687537		False
S1-416544282	S2-466335831,S3-721658151	True
S1-238220674	S2-830359527,S2-35214140,S3-296743979	True
S1-286445065		False
S1-244286819	S2-813333739,S2-28632379,S3-188737940	True
S1-566007138	S2-191753373,S2-66075177,S2-39344695,S3-851186177	True
S1-164641825		False
S1-271334700		False
S1-91278612		False
S1-554783005	S2-171561234,S2-592659837,S3-330566982,S3-574553224,S3-332269521,S3-417387638,S3-230550315	True
S1-244279305		False
S1-6281314	S2-549866347,S2-852000848,S3-257015365,S3-808587567	True
S1-494689267	S2-440106283,S3-411274188,S3-961377714	True
S1-65527897	S2-94329725,S3-441166111	True
S1-788587848		False
S1-240780327		False
S1-199459184	S2-563032934,S3-33878114,S3-785175144,S3-330995446,S3-17922063	True
S1-178834569		False
S1-838903537		False
S1-665140247		False
S1-939440772		False
S1-652031454		False
S1-520238151		False
S1-742351697	S2-769992897,S2-822757187,S3-531261722,S3-721178781	True
S1-77443372	S2-612917868,S2-837176665,S3-133222084	True
S1-962559289	S2-513378716,S2-262807267,S2-682387236,S3-92804619,S3-851536217	True
S1-309888660		False
S1-59810159		False
S1-303471718	S2-207640646,S2-713308380,S3-529039386	True
S1-254959849	S2-616411073,S3-448593360	True
S1-566590197	S2-314388045,S2-435401408,S3-973768645,S3-564473008	True
S1-182653240	S2-337287914,S2-580590375,S2-187180234,S3-946172800,S3-528780267	True
S1-626451222	S2-661073936,S3-662543591,S3-239043765,S3-110818687,S3-876733076	True
S1-587497142	S2-116465008,S2-252255930,S3-726689879,S3-236699755	True
S1-632426039	S2-962109938,S2-549000239,S2-74578700,S3-665712326	True
S1-824219992		False
S1-92309798		False
S1-6377211	S2-111206845,S2-79871803,S2-282453217,S2-396993403	True
S1-798176991		False
S1-996209582		False
S1-628564531	S2-953539729,S2-973026777,S3-252481958	True
S1-280210061		False
S1-75422855		False
S1-21706805	S2-573167865,S3-425182352,S3-218953350,S3-726866242	True
S1-998579639		False
S1-915668901	S2-494865472,S2-511838926,S2-362960266,S3-306564740,S3-422331980,S3-685002194	True
S1-39755876		False
S1-205486626	S2-269428575,S2-7787138,S2-791960231	True
S1-827873862		False
S1-557297578		False
S1-509172825	S2-299871158,S3-541492488,S3-48473789,S3-197170694	True
S1-727488097		False
S1-655445260		False
S1-366701215		False
S1-412066896		False
S1-242122177		False
S1-628978687	S2-673443537,S2-996883262,S3-519920289,S3-279344140,S3-877751540,S3-188020461	True
S1-790864075	S3-399823981,S3-503684864	True
S1-647278045	S2-174105297,S3-422018239,S3-756826160	True
S1-846847041		False
S1-157974689	S2-988099300,S2-331687621,S3-815096613,S3-515833749	True
S1-429147352	S2-293801411,S3-516775217	True
S1-121840419	S3-692965892,S3-92764316	True
S1-366882946	S2-421302101,S3-487957552,S3-880688731	True
S1-442952674		False
S1-919747071	S2-929942415,S3-725048581,S3-206796799	True
S1-483160150	S2-977345504,S2-110739561,S2-616537755,S3-789226769	True
S1-690926954		False
S1-807512242	S2-233228166,S3-374531793,S3-228455206	True
S1-510375057		False
S1-277938136	S2-568369893,S3-976524989	True
S1-105022084	S2-782036365,S3-232068863,S3-662253855,S3-292515471,S3-677361060,S3-843955467	True
S1-972584699		False
S1-152919088	S2-725151862,S2-328136281,S3-654461433	True
S1-528377007		False
S1-153347679		False
S1-952211669	S2-387547486,S2-944787651,S3-693291130,S3-424949814	True
S1-990339811		False
S1-361159551	S2-963789014,S3-3761375,S3-422639962,S3-25162747	True
S1-299876964	S2-362812537,S2-216545403,S3-695808781,S3-971148814,S3-530290489,S3-441110512	True
S1-124142989		False
S1-381474333		False
S1-523856118	S2-48309561,S3-462530823,S3-436820254	True
S1-351057861	S2-339122284,S2-533347366,S2-594478241,S3-242604484	True
S1-812858655		False
S1-145881911	S2-799511774,S3-212551560,S3-368960382	True
S1-832307770		False
S1-856456159		False
S1-488101500	S3-727686828	True
S1-270503847	S2-416404349,S3-294994201,S3-211732276	True
S1-28962559		False
S1-919190642		False
S1-560706305	S2-53451784,S3-292812226	True
S1-517733313		False
S1-94383698	S2-64405287,S2-323249295,S2-849797176,S3-568365053,S3-845521587	True
S1-407114518		False
S1-213113268	S2-347960842,S3-461862347	True
S1-650674569		False
S1-693392298		False
S1-774760330	S2-284401025,S2-114087673,S2-814194320,S3-221923388,S3-331105775	True
S1-780281096		False
S1-553863521		False
S1-641337994		False
S1-959037685		False
S1-515286165	S2-742949823,S2-329797593,S2-109139430,S3-334211876,S3-854544173,S3-487863725,S3-923889882	True
S1-298044779	S2-466700682,S3-343491303	True
S1-585760028	S2-937051621,S2-608023265,S2-853275920,S3-281781681,S3-14070998	True
S1-540588964	S2-747922610,S3-105250905,S3-34513716	True
S1-720223024		False
S1-453696936	S2-141176620,S2-282870433,S3-422899746	True
S1-970565170		False
S1-242015419	S2-316887077,S2-789624930,S3-724762867,S3-941362289,S3-822958400	True
S1-913683594	S2-663287416	True
S1-811863996	S2-732792539,S2-383645301,S3-60253326,S3-8754872,S3-776675476	True
S1-373789423		False
S1-397521816	S2-102532526,S2-753327097,S3-993939929,S3-197983381	True
S1-618510097		False
S1-197300010		False
S1-461383170		False
S1-39206778	S2-79360969,S2-738987167,S2-296813249,S3-192007945	True
S1-971269275	S2-712303060,S3-714222506	True
S1-330990423	S2-945614195,S3-481622451	True
S1-219777368	S2-559600174,S2-569119171,S2-505296168	True
S1-350155518		False
S1-894067347		False
S1-469933415		False
S1-328192253	S2-675768779,S3-980475822,S3-20686714	True
S1-976629159		False
S1-848658832	S2-211216067,S2-996183564,S3-978636884	True
S1-631641125	S2-125130111,S2-321401816,S2-76787341,S3-140898503,S3-813587469	True
S1-215378827	S2-207720304,S3-168671759,S3-46320011	True
S1-70585782		False
S1-516018771		False
S1-505715228	S2-630310061,S3-524010895,S3-551452756,S3-120979563,S3-166203092	True
S1-601191448		False
S1-989086383	S2-283968408,S2-200130126,S2-779219078	True
S1-78226510	S2-727426870,S3-571751812	True
S1-285064613	S3-271354193	True
S1-739213134		False
S1-461261353	S2-163461348,S2-956031561,S2-872892452,S3-468833236	True
S1-478681099		False
S1-66825578	S2-838130962,S3-937931711	True
S1-86976939	S2-23900216,S3-491829715,S3-896601067	True
S1-690027434	S2-52448713,S3-705356354,S3-228478984	True
S1-358984682		False
S1-752460290		False
S1-112323986	S2-473774937,S2-559274726,S3-640949890,S3-888179500,S3-132383107,S3-298387058,S3-516914041,S3-259763609	True
S1-979125691		False
S1-763736923		False
S1-220178426		False
S1-375761260		False
S1-490697259	S2-243431439,S2-803797633,S3-742156825,S3-905597215	True
S1-603396163		False
S1-243077290		False
S1-765024771		False
S1-329064213		False
S1-360394402	S2-966395218,S2-254292688,S3-971563004,S3-876326930,S3-540756824	True
S1-897767224		False
S1-903865562		False
S1-21082093		False
S1-989509150		False
S1-982335144	S2-421461277,S2-959034157,S2-570958672,S2-284400563,S3-802084912,S3-168019712,S3-265951303,S3-553289372	True
S1-328314638		False
S1-596579240	S2-187636408,S2-885992488,S2-409257829,S2-911945374,S3-866698950,S3-669465760	True
S1-69830604	S2-551994929,S3-804259808,S3-997919354	True
S1-155991110	S2-107366526,S2-329693394,S2-224712028,S3-408731100,S3-763930009	True
S1-113262242		False
S1-321338015		False
S1-553024965	S2-870102535,S2-695727594,S3-998941640,S3-307013377,S3-883082238	True
S1-424489461	S2-718303127	True
S1-857547744	S2-995306901,S3-817700451,S3-511807047	True
S1-726479198		False
S1-156819856	S2-477522095,S2-667341553,S3-287547498,S3-338655472,S3-581025794	True
S1-900026767		False
S1-493048494		False
S1-376396044		False
S1-137237605	S2-620038399	True
S1-823976302	S2-259806156,S2-542892796,S3-962664902,S3-981871317,S3-716089628	True
S1-372445917		False
S1-463735236		False
S1-835286423		False
S1-224900902	S2-475834347,S3-421098195	True
S1-922666900		False
S1-912489852		False
S1-635252462		False
S1-697609955		False
S1-625904795	S2-254606551,S3-668026528	True
S1-903360615	S2-37008281,S2-748836669,S3-290454041,S3-754178064,S3-368318362	True
S1-689844486	S2-843701037,S2-175568960,S2-536350160,S3-348643263,S3-936630614,S3-989985449	True
S1-225151044		False
S1-186002738	S2-959800543,S2-640834614,S2-528212939,S2-931085087,S3-543209682,S3-890297876,S3-787810045,S3-485331084	True
S1-229149970	S2-64241286,S3-881945543,S3-500226941,S3-587266744	True
S1-45305897		False
S1-497065686		False
S1-89757856	S2-996252506,S2-775361338,S3-209003719,S3-672294857,S3-478279540	True
S1-545401330	S2-784194471,S3-774384423,S3-788413836	True
S1-130490074	S2-711712376,S2-894180941,S3-775985756,S3-531601577	True
S1-517435807		False
S1-695485179	S2-338429555,S2-541001695,S3-991199105	True
S1-215158447		False
S1-807478053		False
S1-280717707		False
S1-510083571	S2-937923850,S3-326271027,S3-514164211,S3-58619239	True
S1-340633856		False
S1-459274648		False
S1-933295859	S2-665220277,S3-495961057,S3-357255026	True
S1-228633987	S2-109245599,S3-370453977	True
S1-215322255	S2-957196863,S2-693062232,S3-419433692	True
S1-330655242		False
S1-320114369	S2-243984176,S3-721684086,S3-156942530,S3-92546839	True
S1-931325139		False
S1-978549206		False
S1-331094886		False
S1-792828653	S2-925300195,S2-31613559,S3-77521345,S3-469012682,S3-874643403	True
S1-685257967	S2-819302636,S2-902981509,S3-641040415	True
S1-603022661		False
S1-714143216		False
S1-530401249	S2-787846060,S2-828065910,S3-755684234,S3-82260386	True
S1-281079088	S2-706607626	True
S1-120952761		False
S1-416268904	S2-54810075,S3-415321406,S3-677585954,S3-128290982,S3-375390592	True
S1-152647774		False
S1-127862447		False
S1-43272557	S2-538289861,S2-205088291,S2-303013566,S3-55577797	True
S1-706628281		False
S1-736126289		False
S1-404735572	S2-75309262,S3-12233675	True
S1-119063419		False
S1-957002039	S2-485812391,S2-810704310,S3-844824637,S3-327844701	True
S1-196695437	S2-949329113,S3-101670905	True
S1-250159945	S2-69006505,S3-785832491	True
S1-49366638	S2-734647696,S2-935977872,S3-281167214,S3-571244390	True
S1-672717022	S2-744630373,S2-300007577,S3-713999949	True
S1-794205138	S2-753552480,S2-643107959	True
S1-202547570	S3-821652656,S3-128050277	True
S1-856535942		False
S1-652776853		False
S1-374901797		False
S1-922506922	S2-905958166,S2-814253393,S3-288180791,S3-429963775	True
S1-619263424		False
S1-34004697		False
S1-49796241		False
S1-502219788	S3-360554885	True
S1-814475378	S2-354431195,S2-454766415,S2-918627977,S2-460651663,S2-734317053,S3-255467440,S3-475176399	True
S1-690228119	S2-292217189,S3-242954155,S3-291405472,S3-138777410	True
S1-912616890		False
S1-395245742		False
S1-529637085	S2-800105516,S2-967146639,S3-736368432	True
S1-800982337	S2-870329802,S2-444531153	True
S1-727761803		False
S1-677638041		False
S1-520105674		False
S1-786496395		False
S1-2886211		False
S1-977923155	S2-682250311,S2-957644146,S2-377052455,S3-902807516,S3-346626730	True
S1-5127054		False
S1-109068895		False
S1-25042003		False
S1-150915534		False
S1-247972272	S2-273877148,S3-797541264	True
S1-446880971	S2-8479288,S2-316263786,S2-16976179,S2-157881791,S3-250326882	True
S1-393530405		False
S1-768222731		False
S1-204260443		False
S1-855171937	S2-7545986	True
S1-966194898		False
S1-674482337		False
S1-23553306		False
S1-129177414	S2-900232373	True
S1-651239902	S2-575688857,S3-146521696	True
S1-319668846		False
S1-768782586		False
S1-196858818		False
S1-151631369		False
S1-776781868		False
S1-522011418		False
S1-132087015	S2-304991549,S2-696866591,S3-585313548,S3-755590829,S3-843874902,S3-817674963,S3-123752219	True
S1-663566987	S2-774288176,S2-832647370,S3-625764514,S3-475396201	True
S1-788256944		False
S1-886231114	S2-716376690,S3-477364054,S3-298333101	True
S1-460930746		False
S1-277345199		False
S1-41518476		False
S1-913684651	S2-870588764,S2-892289210,S3-585677304	True
S1-698433835		False
S1-473185540		False
S1-886789891		False
S1-740647464		False
S1-91783979		False
S1-637890682	S3-469880267,S3-67637473,S3-994697276	True
S1-415517877	S2-618830187,S3-194526445,S3-486826721	True
S1-497526239	S2-761012321,S2-790556798,S3-650037389,S3-528973038,S3-984254261	True
S1-69176823		False
S1-674463629	S2-640165300,S2-381473562,S2-306685433,S3-137521465,S3-110533373	True
S1-869619874		False
S1-158968007	S2-782894193,S2-816699401,S3-799067570	True
S1-853759943		False
S1-697530634	S2-191080177,S3-765538848	True
S1-104534543	S2-484417179,S3-806274892	True
S1-8192462	S2-136818340,S3-254844480,S3-70982410,S3-448987862	True
S1-658787783	S2-86346910,S3-659377994	True
S1-741323335		False
S1-139257405		False
S1-996428134	S2-107720107,S2-887829017,S3-668493871	True
S1-537929979		False
S1-259572147		False
S1-763744662	S2-638509664,S3-393849677,S3-206477672,S3-990614556	True
S1-885775821	S2-885050684,S2-391881825,S2-513377430,S2-929678007,S3-515742219,S3-439717617	True
S1-943353344		False
S1-289268066		False
S1-235441725	S2-669744820,S2-392244168,S2-239029212,S3-249527647,S3-638965626	True
S1-879400567		False
S1-716013009		False
S1-332846682		False
S1-716111422	S2-948101836,S2-830433752,S3-254880942,S3-643682460,S3-497717456	True
S1-834409930		False
S1-837337019	S2-59563087,S3-389426978,S3-30934446,S3-767247003,S3-10354082	True
S1-550012721	S2-560576720,S3-171525760,S3-693277820,S3-106092124,S3-483472776,S3-523963583	True
S1-513863406		False
S1-959831522	S2-951401884,S3-845710953	True
S1-879938539		False
S1-916635847		False
S1-191614721		False
S1-44599948		False
S1-554129683		False
S1-863271421	S2-835033254,S3-125815812,S3-810618869	True
S1-474038771		False
S1-147258809	S2-771702135,S2-50227917,S3-509492467	True
S1-553209274		False
S1-603995086		False
S1-355464576		False
S1-582951355		False
S1-603756744	S2-680112701,S3-644146418,S3-123021049	True
S1-948748857		False
S1-824789194		False
S1-276472032	S2-935746119,S3-791115000,S3-8082236	True
S1-836412587	S2-418732631,S3-636584612,S3-494033996,S3-644731993	True
S1-171520084		False
S1-837347285	S2-896951525,S2-672770302,S2-251529379,S3-558114339,S3-442098584	True
S1-519208461	S2-601911817,S2-735907811,S3-613751803,S3-529686796	True
S1-138209479		False
S1-721784097	S2-808679974,S2-888830636,S3-722733290,S3-685354429	True
S1-836043107	S2-922855897,S2-985661780,S3-708809350,S3-69001472	True
S1-739490306	S2-960282957,S3-843302727	True
S1-372461048		False
S1-675781067	S2-964635606,S2-67985257,S2-800240824,S2-255860848,S3-221249472	True
S1-298059848	S2-100748239,S2-899562484,S3-394555109,S3-787036937,S3-138187992	True
S1-750888486	S2-779139205,S2-534975879,S3-533193460,S3-719867580,S3-196103832	True
S1-903444363	S2-221040453,S2-861995693,S3-783025191	True
S1-331430250		False
S1-316817703	S2-890000478,S2-862858367	True
S1-713568128	S2-192310461	True
S1-395742396	S2-828727014,S3-866920732,S3-603926550,S3-682447141	True
S1-503329288	S2-441192397,S3-141629220,S3-971375395,S3-918965913	True
S1-233227921	S2-871873893,S2-838657262,S2-644253873,S3-933599994,S3-207001343,S3-804230878,S3-637753962	True
S1-281051348	S2-889191458,S3-764114009	True
S1-766697297	S2-180740960,S2-257910398,S2-423925451,S2-432701380,S3-23222249	True
S1-134553328		False
S1-21053426	S2-503035841,S3-209731528,S3-383657038	True
S1-660670901	S2-842430414,S2-318683878,S2-340825539,S2-823001005,S3-798526918,S3-192618194	True
S1-598385728		False
S1-654223763		False
S1-160950178	S2-107525587,S2-103141586,S2-425228055,S3-205134260,S3-449892230	True
S1-435962003	S2-823110365,S2-517257088,S2-250408704,S2-806155493,S3-677348245,S3-419822006,S3-260818309	True
S1-336186129		False
S1-580270163		False
S1-438254295	S2-179300401,S2-691093777,S3-587587736	True
S1-948256972	S2-68447869,S2-890568322,S3-901973439,S3-343254244	True
S1-508850574	S2-503182534,S2-591809128,S3-943206882,S3-393941088,S3-215227514	True
S1-11865687	S2-760401508,S3-898137022,S3-425701367	True
S1-120195947		False
S1-482331767		False
S1-233793619	S2-961309581,S3-962847663	True
S1-516595288		False
S1-400524859	S2-5633343,S2-315956106,S3-915087639,S3-140683118	True
S1-729579548	S3-814938456,S3-42205067,S3-613516953	True
S1-214082914		False
S1-580146472	S2-544854119,S3-994398726,S3-267205091,S3-386874135	True
S1-590505500		False
S1-818991943		False
S1-406517917		False
S1-996402147	S2-527174721,S3-381560759	True
S1-435770695		False
S1-675579409		False
S1-70427957		False
S1-861286041		False
S1-666369967		False
S1-354705359		False
S1-970081973		False
S1-582211601	S2-65722188,S2-956714291,S3-219137465	True
S1-914300726	S2-724025074,S2-270964799,S2-661789133,S2-920345816,S3-585202919,S3-506315512,S3-407662625,S3-52232007	True
S1-246943933	S2-342716645,S2-472207880,S3-132149736	True
S1-828093710		False
S1-865578622		False
S1-819262384	S2-38334831,S3-208101104	True
S1-553309916	S2-335735920,S3-581921844,S3-579828231	True
S1-973227288		False
S1-829712085	S2-176163089	True
S1-974891537	S2-653148957,S2-174469052,S3-903748534,S3-928532504	True
S1-521561602		False
S1-466158091		False
S1-195089573		False
S1-240666278		False
S1-911125704		False
S1-610634341	S2-125310477,S2-67028439,S2-913468617,S3-666436084,S3-50259086	True
S1-116443092	S2-335761287,S2-795844275,S2-21075495,S3-239919681,S3-780704901	True
S1-469188629	S2-947252841,S3-692531172	True
S1-733402906		False
S1-83155831	S2-449772932,S3-839803488	True
S1-15273303		False
S1-775322631	S2-36727921,S2-833070005,S3-789465215,S3-482438827	True
S1-457768153	S2-620022629,S2-850412839,S3-649524145	True
S1-608621628		False
S1-66982949		False
S1-311199736		False
S1-731226201		False
S1-453188561	S2-622868529,S2-683454732	True
S1-729617493		False
S1-208881668		False
S1-549787769	S2-748434940,S3-967754980,S3-435696847,S3-167275728	True
S1-829914880		False
S1-577923569		False
S1-133397859		False
S1-953161032	S3-358339780	True
S1-31589840		False
S1-851474049	S2-159464090,S2-278699463,S3-772803446,S3-933952818	True
S1-570060661	S2-582376726,S3-418495401,S3-514143786,S3-583291564,S3-355364588	True
S1-971288728		False
S1-76187792	S2-932391251,S3-470162493,S3-75054715,S3-92633659	True
S1-680708291	S3-959256497,S3-68019913,S3-75666984,S3-119091494	True
S1-844900853	S2-128778596,S2-46522689,S2-899118191,S2-378629031,S3-459032434	True
S1-752031720		False
S1-942105613	S2-634537320,S3-983975826,S3-448599515	True
S1-855634215	S2-98687231,S2-338108376,S2-931283939,S3-708019707	True
S1-446911279		False
S1-188058037	S2-413655039,S3-436415766,S3-84395600,S3-818019114	True
S1-942556464	S2-306473420	True
S1-225464477		False
S1-69654314		False
S1-861631714		False
S1-48430984	S2-585503581,S2-265621044,S2-819018871,S2-445851202,S3-861817761	True
S1-177518521		False
S1-219489454		False
S1-731613670		False
S1-867001147	S2-951728525,S2-176066790,S3-173346919,S3-911794974	True
S1-825405800	S2-642526521,S2-892890999,S3-333365401,S3-991247	True
S1-757961855	S2-610063266,S3-163184631	True
S1-394059147	S2-185529091,S2-704459090,S2-33827290,S2-679355772,S3-356391434	True
S1-971112350		False
S1-816739392		False
S1-141518794	S2-802607175,S2-267989011,S3-128819297	True
S1-324712606		False
S1-444977142	S2-633345532,S2-552222453,S3-438887509	True
S1-782304456	S2-926211440,S3-647720791	True
S1-647751358		False
S1-459953324		False
S1-439514719		False
S1-672802958		False
S1-876867596	S2-190796864,S2-432511293,S2-207778332,S3-942947832,S3-739377755,S3-824707123	True
S1-598755035	S2-675295901,S3-537384272	True
S1-10055273	S2-853112080,S2-176899702,S3-12876383	True
S1-851003370	S2-82611916,S3-172993867,S3-666580696	True
S1-160382809	S2-724793261,S3-856886305	True
S1-685802393		False
S1-452453065	S2-665049294,S3-473059548,S3-134135913	True
S1-100601737	S3-79085420,S3-597029436	True
S1-792184639		False
S1-461274087	S2-611691006,S2-602134244,S3-789217174	True
S1-760794314	S2-228069455,S3-41333270	True
S1-246617503		False
S1-44227477		False
S1-325657742		False
S1-32557546		False
S1-82570836	S3-706873522,S3-788124664,S3-316193429	True
S1-757970724	S2-623021074,S2-936920643	True
S1-69775966	S2-170464815,S2-837235205,S3-247074120	True
S1-669178194	S2-193229589,S2-328400268,S2-316915053,S3-319106897,S3-363368613,S3-435141594	True
S1-274393485		False
S1-172274969	S2-830740298,S3-463834993,S3-386654123	True
S1-318493922		False
S1-353361756		False
S1-37549065	S2-640506961,S2-434629389,S2-271508103,S3-183281371	True
S1-495792277	S2-63559500,S2-917403246,S3-757793697	True
S1-118461003	S2-982974829,S3-103321192	True
S1-390878097	S2-569544869,S2-856964000,S3-159285896,S3-871408468	True
S1-691770196	S2-270675463,S2-830942414,S2-805194858,S2-179617140,S2-778172575,S3-215964229,S3-651701961	True
S1-421311406	S2-41537290,S3-198054574,S3-365296415,S3-276760091	True
S1-710116643	S2-607619386,S3-571374329	True
S1-520140864	S3-920406181,S3-525834915,S3-616407567	True
S1-474329971	S2-88048442,S2-164859849,S3-944820789,S3-489826364	True
S1-113641491	S2-673728946,S3-692252965,S3-16694124,S3-504543400	True
S1-727211529	S2-171143134,S3-448670450,S3-691978516,S3-751563367	True
S1-862903241		False
S1-866375756	S2-459655078,S3-255973068,S3-328589063	True
S1-978913604	S2-333143517,S3-140881644	True
S1-373419350		False
S1-616439205	S3-306119581,S3-744734861,S3-748115269	True
S1-785159230	S2-94336182,S3-948967529	True
S1-308871064	S2-447015388,S2-681525509,S3-39142934,S3-3155587,S3-66740522	True
S1-340422004	S2-1149720,S3-620673680,S3-472201033	True
S1-684084754		False
S1-229867871	S2-521037327,S3-770637941	True
S1-803210996	S2-701565522,S3-21619694	True
S1-216868961	S3-715297395,S3-975511744,S3-179425467	True
S1-511063480		False
S1-525740780	S2-140183400,S2-762772370,S3-927442681,S3-930032698,S3-896949038	True
S1-529748208	S2-197286194,S3-628530857,S3-914396416	True
S1-112265274	S2-421038385,S3-587396802	True
S1-967803164		False
S1-385590347	S2-825057481,S2-435128982,S2-163954067,S2-299527165,S3-130978018,S3-892998251,S3-488661122	True
S1-550001831		False
S1-309510768	S2-413974041,S2-166076626	True
S1-924855608		False
S1-425823525		False
S1-851424956	S2-697597876	True
S1-455192516	S2-826351065,S2-242470311,S3-70345733	True
S1-533688139	S2-767353849,S2-360831971,S3-240648240,S3-316418447,S3-655762112	True
S1-213887249	S2-17927614,S2-352187654,S2-754783004,S2-541037637,S3-755183255,S3-701263625	True
S1-501705637		False
S1-744235529	S2-477843374,S3-446084263	True
S1-382144736		False
S1-643052480	S2-183089434,S3-636330116	True
S1-926590653		False
S1-464180562	S2-479174471,S2-225153129,S3-196876204,S3-636931353,S3-113201053,S3-965618879	True
S1-587855410	S2-527367325,S2-937519142,S3-309074040	True
S1-384447997	S2-193183361,S2-149711897,S3-976540732,S3-713312297,S3-913561126,S3-820396655	True
S1-243539604		False
S1-49982941		False
S1-138383112		False
S1-293143898		False
S1-128039500	S3-980433919,S3-106034205	True
S1-11774108		False
S1-158964585	S2-995652615,S3-299115413,S3-780921240,S3-115871836	True
S1-458231499	S2-633022619,S2-79128546,S3-547883094,S3-435406860,S3-548985678,S3-294788054,S3-695308966	True
S1-531245510	S2-299609220,S2-680371203,S3-473756888	True
S1-231323454		False
S1-268509340		False
S1-859539516	S2-490569877,S3-470030600	True
S1-298282141	S2-882395949,S2-580256990,S3-941621667,S3-861580462,S3-194292805	True
S1-552529319	S2-89142436,S3-944636233,S3-591105863	True
S1-819375558		False
S1-643590200	S2-56686900,S2-124942332,S2-442409583,S3-970657314	True
S1-941483848	S2-81342278,S2-320901088,S3-325216662,S3-27031341,S3-749614820	True
S1-343489694		False
S1-877960170	S2-638976762,S3-361984917	True
S1-427936532	S2-209477130,S2-396729905,S3-736773608,S3-127381327,S3-763742306,S3-987010002	True
S1-743090955	S2-433632474,S2-995748866,S3-124156622,S3-122121329,S3-706856423	True
S1-497120417		False
S1-996283652		False
S1-82398821		False
S1-519556880		False
S1-47450423	S2-814490113,S2-882004885,S2-659185266,S3-969143966,S3-772005057,S3-339743756	True
S1-379622913	S2-644869918,S2-322622417,S2-989750713,S3-183006531	True
S1-87261501		False
S1-553108317		False
S1-283075770	S2-658034407,S3-587410821	True
S1-846198613		False
S1-932091691	S2-143298441,S3-51500149,S3-549072943,S3-539332770	True
S1-977076133	S2-893123108,S2-449723548,S3-109054943,S3-869880068,S3-298230438	True
S1-145049131		False
S1-188253706		False
S1-895819520	S2-420736301,S3-502132258	True
S1-997396827		False
S1-587763116	S2-133500420,S2-75873548,S3-940609678,S3-743082854,S3-42840973	True
S1-558187694		False
S1-896534733		False
S1-600573695		False
S1-986738231		False
S1-815052925		False
S1-436800789		False
S1-965162221		False
S1-11527434		False
S1-54455133		False
S1-412068453	S3-740446391,S3-124653329	True
S1-281203564		False
S1-634808636	S2-547976641,S3-770312736,S3-128336585	True
S1-902638467	S2-513089969,S2-543328922,S3-210874319	True
S1-681570138	S2-676991697,S2-385304577,S2-85504171,S3-799651818	True
S1-40216451		False
S1-397617990	S2-917288672,S2-61477963,S3-611357751,S3-986038005,S3-379655772	True
S1-558797370		False
S1-887371257		False
S1-997079281	S2-242507962,S3-420811199	True
S1-385781417	S2-768416624,S3-14429841,S3-976596734	True
S1-929880111		False
S1-20922985		False
S1-346839799	S2-354922083,S2-6020759,S2-954800656,S2-199584444,S3-825616355	True
S1-154511225		False
S1-925001503	S2-947667531,S2-548123679,S3-413450385,S3-809282093,S3-735797072	True
S1-864819230	S2-584195040,S2-874149773,S3-439180809	True
S1-471271122		False
S1-228406996		False
S1-161505857	S2-82745431,S3-128088515,S3-319694374	True
S1-549864328	S2-500935138,S3-371120106	True
S1-820370040	S2-610176668,S3-957175918,S3-168785229,S3-172129757,S3-907006523	True
S1-258708605		False
S1-111963716		False
S1-127030152	S2-803608658,S2-329534423,S3-435825139,S3-121421257	True
S1-353238094		False
S1-717524888		False
S1-670374725	S2-598131458,S2-619454014,S3-128095360	True
S1-246809701		False
S1-618944054	S2-863803268,S3-692645287,S3-370591600,S3-444534425,S3-299006171	True
S1-321920804	S2-26677246,S3-423345031,S3-642898281,S3-122705864	True
S1-187557771	S2-41343374,S2-184042352,S3-539513111,S3-388513946,S3-147958740	True
S1-378599166		False
S1-210066618	S2-69344101,S3-317108749,S3-146532234,S3-125427239	True
S1-981152651	S2-796058166,S3-611120275	True
S1-548256867		False
S1-183869631		False
S1-189589618	S2-488349468	True
S1-631678545	S2-789559406,S3-546180903,S3-829533578,S3-646065411	True
S1-405420527	S2-278547072,S2-637721287,S3-440316053,S3-789307375	True
S1-707379788	S2-537685894,S3-870044693	True
S1-108435738		False
S1-61014073		False
S1-217783176	S2-654485167,S2-807247897,S3-947794350,S3-893751710	True
S1-903720323		False
S1-749269097	S2-596217909,S3-629395059,S3-441872492	True
S1-386659934		False
S1-456785450		False
S1-428278581		False
S1-173096738	S2-798228117,S2-450607875,S3-36372010	True
S1-806478748		False
S1-423074500		False
S1-301687163	S2-142405635,S3-794085279	True
S1-793481833		False
S1-209201015		False
S1-171327567	S2-500823730,S3-581157406	True
S1-407447987	S2-658153620,S2-2549554,S2-702052124,S3-846717326,S3-64037821	True
S1-593957271		False
S1-523202484	S2-735399816,S3-954549789,S3-418659937,S3-438909741	True
S1-948524158		False
S1-342859574		False
S1-584342065	S2-850504340,S3-277844053	True
S1-302531292		False
S1-677058143	S2-995901257	True
S1-84067568		False
S1-813810277		False
S1-738656224		False
S1-228122478		False
S1-547968307		False
S1-788385672		False
S1-410768673	S2-535444029	True
S1-826082368		False
S1-731839393		False
S1-293344563	S2-713615514,S3-956822144,S3-290457356,S3-525606360	True
S1-559910535		False
S1-281562581	S2-840794321,S2-936906437,S3-393618630	True
S1-130824761		False
S1-795007402		False
S1-359351997	S2-173816975,S3-6310057	True
S1-857226665		False
S1-62306029		False
S1-749296018	S2-931124112,S3-702442466	True
S1-211463919		False
S1-442051569		False
S1-562173146	S2-792840263,S2-69955517,S2-754475720,S3-926431831,S3-59034078	True
S1-563171266		False
S1-617433019	S2-950613432,S3-137266509,S3-647386894	True
S1-28299591		False
S1-473267538	S2-82540983,S3-91923279,S3-402087972,S3-202654342,S3-466591053,S3-107925900	True
S1-989300919		False
S1-816288443	S2-939754382,S2-932906109,S2-31712044,S3-462105262	True
S1-9852098	S3-543161302,S3-901494717	True
S1-504041324	S2-736037168,S3-113989263	True
S1-198284456		False
S1-490026783		False
S1-583317865		False
S1-705582899	S2-439340958,S2-606677191,S3-784341368,S3-177437630	True
S1-578337124		False
S1-105053948		False
S1-80684037	S2-590364665,S2-137449809,S2-259251874,S2-794445355,S3-129608773,S3-857006694,S3-577991801	True
S1-631423029	S2-36560745,S2-833036189,S3-781752821,S3-199980807	True
S1-752632056		False
S1-922398993		False
S1-103387009	S2-476942111,S2-845396861,S3-832010549,S3-304152105,S3-757724033	True
S1-660083853	S2-400930560,S2-477197437,S3-969950167,S3-367931505	True
S1-445607894	S2-901345903,S3-141033812,S3-51177374	True
S1-297066573		False
S1-645562363	S2-554411286,S2-350752545,S3-801351781,S3-427931607,S3-782401055,S3-928563712	True
S1-405936522	S2-338164356,S2-736586937,S2-500574414,S2-18519636	True
S1-756034296	S2-364783905,S2-213221714,S3-235927067,S3-347295384	True
S1-602450190	S2-798356456,S2-212639134,S3-86655546,S3-14360576	True
S1-368844573		False
S1-969356696		False
S1-108248636	S2-326741004,S2-763397079,S3-175660188,S3-617459414	True
S1-568043416		False
S1-986886103		False
S1-660288781		False
S1-381745043		False
S1-307303739		False
S1-587199365	S2-988012676,S3-195277614	True
S1-678877831	S2-314950046	True
S1-143957833	S2-402030432,S2-101357215,S3-700756906,S3-20256911	True
S1-853952276		False
S1-374758017		False
S1-694864759	S2-632536726,S2-746211126,S3-31167080,S3-891369930	True
S1-713145585	S2-435889011,S3-425692676,S3-282563641	True
S1-249836190		False
S1-437775501	S2-866461818,S2-203783016,S3-452650250	True
S1-796433440		False
S1-860591697	S2-189414736,S2-70611255,S3-157726285	True
S1-734282423	S2-341558171,S2-45101521,S2-397478015,S3-643122904,S3-45388443	True
S1-696667072	S2-567169768,S3-851054888	True
S1-379814131	S2-337562388,S2-143970318,S2-753010873,S2-659780131,S3-374775781	True
S1-993091566		False
S1-457738358	S2-922766504,S2-320261062,S3-169742216	True
S1-561800689		False
S1-379770277		False
S1-97272637		False
S1-796088127	S2-986590835,S3-544606445,S3-445435880,S3-634235125	True
S1-652671091	S2-221973593,S2-171860631,S2-190921557,S3-739893961,S3-335533684,S3-804285634	True
S1-799616187	S2-958041370,S2-160995568,S3-165338902	True
S1-307391951		False
S1-529488029		False
S1-469222152		False
S1-105160077		False
S1-560953533	S2-387308554,S2-924068437,S3-434835145,S3-508306782	True
S1-469224366	S2-138069784,S2-456613393,S3-909849211,S3-825667186	True
S1-920513785	S2-646045549,S2-311400812,S3-381992292,S3-184404363,S3-99136705	True
S1-348333392		False
S1-795863807		False
S1-256026222	S2-890105694,S2-454601215,S3-764634382,S3-32277267	True
S1-448476245		False
S1-631623919	S2-154006099,S2-62036816,S2-447394306,S2-586664698,S3-174952993	True
S1-431611436		False
S1-986201088	S2-780245658,S2-805951311,S3-610749759	True
S1-356080485	S2-515775220,S2-93493924,S2-333570831	True
S1-20114572		False
S1-168928903	S2-782762994	True
S1-694620958	S2-375505540,S2-366701749,S3-695318147,S3-137443760	True
S1-190534847	S2-728502603,S2-975913224,S2-145660793,S2-463023314,S3-292868118	True
S1-152607100		False
S1-613432342		False
S1-330457969	S2-625773720,S2-712260863,S2-100829795,S2-998686166,S3-114771603,S3-2246441	True
S1-88282218	S2-161478212,S2-777565623,S2-678560298,S3-931421546	True
S1-471007347		False
S1-996794334	S2-423246684,S2-76227422,S3-485509822,S3-145789602,S3-341150037,S3-944789697	True
S1-961312560	S2-995497960,S2-510950557,S3-683006487	True
S1-181066118	S2-887431944,S3-308861530	True
S1-804132830	S2-882320063,S2-503848820	True
S1-284985532	S2-444030742,S2-664068790,S2-108225908,S3-165661818,S3-925443369	True
S1-729382604	S2-254957928,S3-292172026	True
S1-852688907		False
S1-30883510		False
S1-144219258		False
S1-100372242	S3-59065321,S3-299421647	True
S1-47023657		False
S1-49811181		False
S1-308341590		False
S1-848477001	S2-823110771,S3-698796564	True
S1-554769911		False
S1-954933158	S2-326269665,S3-511971852,S3-470771848,S3-649264490	True
S1-355262215	S3-114279725,S3-49873654	True
S1-277849558	S2-182314718,S2-143962184,S3-858208879	True
S1-735202260	S2-394946917,S3-494141172,S3-627837573	True
S1-971055716		False
S1-585174480		False
S1-955777629		False
S1-771529985		False
S1-344035082	S3-709116678,S3-116608309	True
S1-357420667		False
S1-126007132	S2-949375216,S2-906288268,S2-710900840,S2-506941575,S3-858223866,S3-155397809	True
S1-683609915	S2-708718952,S3-981070546,S3-977177423	True
S1-684317765	S2-716707828,S2-611810749,S3-64257274,S3-208980846,S3-872665116	True
S1-265883837		False
S1-473324510		False
S1-946379479		False
S1-759734559	S2-738017986,S2-459867097,S3-509295519,S3-152610874	True
S1-782239660	S2-417987038,S3-804040635,S3-398652806	True
S1-563853799	S2-662778763,S2-856106093,S3-900511917,S3-543532711	True
S1-276351056	S2-183280307,S2-687702454	True
S1-352594304	S2-832568451,S2-201172029,S2-763394352,S2-387154070,S3-794607909,S3-906912224,S3-132275679,S3-359444447	True
S1-796065580	S2-612511142,S3-341517406	True
S1-869327413		False
S1-51167019	S2-872461696,S3-881487911,S3-141171744	True
S1-405664546		False
S1-165218750		False
S1-825463776		False
S1-829561343	S2-265510483,S2-862376777,S3-389873541,S3-866569223,S3-82164423	True
S1-982141464		False
S1-435727163		False
S1-147696939	S3-107665736	True
S1-755412989	S2-798873829,S2-261479658,S2-602951705,S3-957029832,S3-765277171	True
S1-314675658		False
S1-319047055		False
S1-106221717	S3-504945706,S3-381789336,S3-440377204,S3-153987195	True
S1-288155099		False
S1-921852457		False
S1-191832714	S2-922661066,S2-405008776,S2-233450529,S3-311385321,S3-494787786,S3-898876523	True
S1-669986138	S2-308990416,S2-542407363,S3-205828981,S3-413467126,S3-193492291	True
S1-879569366		False
S1-81072459	S2-901779833,S2-305624936,S2-565523466,S3-348355665,S3-442845009	True
S1-751730789		False
S1-133949489		False
S1-353278522		False
S1-804518787		False
S1-121322820	S2-22834206,S3-850855000,S3-849235945	True
S1-839764598		False
S1-403903254		False
S1-402259661		False
S1-772555035	S2-119519591,S3-908680093	True
S1-748720592	S2-423598563,S2-302566912,S2-480581601,S3-393266365,S3-126449298	True
S1-764328008		False
S1-536969541		False
S1-959810505		False
S1-257510635	S3-587907736,S3-417635075,S3-625523698	True
S1-270962933	S2-53601715,S2-747527450,S3-347646890	True
S1-628933706		False
S1-468140664	S2-559401363,S2-290427603,S2-859340838,S2-115133693,S3-380011330,S3-713222993	True
S1-509409929	S2-813721444,S2-108881117,S2-198187968,S3-794283387,S3-750495023,S3-89389973	True
S1-859968519		False
S1-682039277		False
S1-379395238	S2-709534994,S2-52644574,S2-337330354,S3-931403365	True
S1-614422236	S2-312452839,S2-347793982,S2-39760665,S3-262061390	True
S1-247701650	S2-680707293,S2-293634084,S2-714101305,S3-228995181	True
S1-820552847	S2-84154808,S3-428323694	True
S1-64392906		False
S1-120245984	S2-750420398,S2-906609157,S3-245129284	True
S1-153091248	S2-651887773,S2-375425866,S3-28250897,S3-989945562,S3-809853849	True
S1-82254243		False
S1-720503451	S3-902544467	True
S1-992705812	S2-871345321,S2-509247038,S2-64424090,S3-806338570	True
S1-846204778	S2-638776894,S3-478278736,S3-447078627	True
S1-346523185		False
S1-892677687	S2-429256884,S3-393097248	True
S1-713154524		False
S1-466207329	S2-447559455,S3-376509191,S3-268981174	True
S1-998915299		False
S1-944590404		False
S1-636039143	S2-816626391,S3-830217722,S3-86816424,S3-201007729,S3-247779400	True
S1-641622504		False
S1-667108720		False
S1-17473875		False
S1-542281801	S2-346263269,S2-760573456,S3-65154121,S3-829155786,S3-407294312,S3-749826517,S3-454939513	True
S1-894762639		False
S1-449968314		False
S1-409394901	S2-131658430,S2-346352663,S2-862739382,S2-475284083,S3-328894769,S3-505819287	True
S1-412177887	S2-338349604,S3-470946050,S3-432048868	True
S1-156661331		False
S1-419349243		False
S1-606853522		False
S1-852500926		False
S1-413164352		False
S1-254135829	S2-297102871,S2-413439567,S2-70901558,S3-255274050	True
S1-94914347		False
S1-42653629		False
S1-309180852	S2-518662364,S2-235907015,S2-739245675,S3-440132799	True
S1-536361782		False
S1-41838905		False
S1-979549772	S2-23767756,S2-730286200,S3-387953371	True
S1-459049055		False
S1-195147186		False
S1-757303239		False
S1-334044830		False
S1-469349391		False
S1-748147509	S2-199516735,S2-395341542,S3-149443436	True
S1-819718708	S2-423926005,S2-306505395,S3-681615125,S3-152086701	True
S1-175984052	S2-53809199,S2-863022252,S2-163935542,S2-125069158,S3-57602494,S3-578008985	True
S1-759912139	S2-347029319,S3-16552602	True
S1-596405464	S2-261426573,S2-890278134,S3-323291106,S3-360226598	True
S1-1348407		False
S1-234291194		False
S1-609404329		False
S1-631721827	S3-270798992	True
S1-971461607	S3-459402200,S3-939353306,S3-633365068	True
S1-895414912	S2-138722427,S3-938185379,S3-201677969,S3-546977927,S3-821379139	True
S1-263518561	S2-698134981,S3-886437376	True
S1-358541284	S2-582035198,S3-806874177,S3-886853927,S3-712208301,S3-168296102	True
S1-923884490		False
S1-55421822		False
S1-8676749		False
S1-146549380	S3-675861976,S3-814701205,S3-862944493	True
S1-938071194	S2-942219952,S2-611000165	True
S1-834502296		False
S1-511808490		False
S1-723996619	S2-911509696,S2-256988399,S2-404766451,S3-428848376,S3-203099725	True
S1-991808886		False
S1-658896096	S2-450626187,S3-148019508,S3-80370953	True
S1-477541371	S2-861843660,S2-633042490,S3-721253117,S3-942564795,S3-440005039	True
S1-335262131		False
S1-627343419		False
S1-124679018		False
S1-423537652	S2-372534528,S2-333851763,S2-836109863,S3-423718779	True
S1-262229705		False
S1-117340382	S2-386744269,S2-611053412,S2-518519227,S3-21075455,S3-661758008	True
S1-944799270		False
S1-621411671	S2-688279799,S3-558261328,S3-831910220,S3-18698173	True
S1-512085476	S2-271494057,S2-526414596,S3-293732136	True
S1-997885434		False
S1-849796309		False
S1-744012038	S3-219358289,S3-247237760	True
S1-775042579		False
S1-108153639		False
S1-527741627	S3-542793167,S3-921782221	True
S1-483366750	S2-395626871,S2-633573540,S2-44784132,S3-109404551	True
S1-536063957	S2-229197271,S3-566238015,S3-6929397	True
S1-265989502	S2-158297545,S2-929412750,S3-913527947,S3-681083959,S3-663890909,S3-610382756,S3-31380691	True
S1-889107809		False
S1-653630180		False
S1-151370688	S2-273530230	True
S1-993566115		False
S1-742744371	S2-722731082,S3-795265644,S3-587227142,S3-463429883	True
S1-187640774		False
S1-535387478		False
S1-707925632	S2-342082077,S2-831461814,S3-374580469,S3-59453536	True
S1-367254361	S2-207943881,S2-786446172,S3-457163926,S3-104588196,S3-470918514	True
S1-262669647		False
S1-832306631	S2-406390718,S2-470031495,S3-165157577,S3-926816358	True
S1-71752626	S2-591816721,S3-870144985,S3-932103900	True
S1-410767557		False
S1-885184733	S2-882528144,S2-426325905,S2-219551653,S3-70294138,S3-604746233,S3-880165270,S3-882069655	True
S1-705583731	S2-876366323,S2-196972476,S3-395691902,S3-202714049	True
S1-483540195	S2-797569916,S2-996671371,S2-453953524,S2-664905529,S3-214625803,S3-917998127	True
S1-249603364		False
S1-842156928	S2-928895623,S2-865524369,S3-81510358	True
S1-239205497		False
S1-276604920		False
S1-302343455		False
S1-50496027		False
S1-912990216		False
S1-271229141	S2-829922825,S2-370024760,S3-520268527,S3-596768088	True
S1-75883632		False
S1-286584284	S2-31729189,S2-47943554,S2-344254957,S3-196238854,S3-178994173	True
S1-945754125	S2-121839050,S2-612514636,S2-767966348,S3-664244894	True
S1-434946326	S2-200121368,S3-638217337,S3-64647181,S3-611923057	True
S1-803697139	S2-803510277,S2-316627157,S3-553143226,S3-87370858	True
S1-634629040		False
S1-724578146		False
S1-259333603		False
S1-749440401		False
S1-614203105		False
S1-333509080	S2-448558178,S2-591858172,S3-970256700,S3-873678726	True
S1-314690425		False
S1-229922584		False
S1-166955168	S2-694081019,S3-136952480,S3-558246677	True
S1-482097673		False
S1-777403949	S2-339422969,S3-725649641,S3-223697844,S3-18627166	True
S1-393469476	S2-259053928,S2-982804909	True
S1-609914718		False
S1-853647259	S2-426076042,S3-592173295	True
S1-4536803		False
S1-571941367	S2-8718621,S3-528085032	True
S1-67164409	S3-829863851,S3-733786095,S3-971166890,S3-502970470	True
S1-683020700		False
S1-301814657		False
S1-10832787	S2-930056915,S3-842416621,S3-291660079,S3-579529993,S3-111635884	True
S1-607125634		False
S1-274093641		False
S1-993957441		False
S1-435015554		False
S1-58914666	S2-162466118,S3-469391096	True
S1-961319988	S3-295262626	True
S1-290656489		False
S1-843527091	S2-692792136,S3-381158415,S3-29638280,S3-658795392	True
S1-268686852	S2-605008866,S2-720313477,S3-564404737,S3-57154582	True
S1-678617261	S2-674612793,S3-375480024	True
S1-466604464		False
S1-147922927		False
S1-382365864	S2-882193098,S3-29938776,S3-226202571	True
S1-808743504	S2-578512470,S2-302486671,S3-789736595	True
S1-915069371	S2-446294491,S2-718598585,S3-830097969	True
S1-142838233	S2-756976963,S2-863300838,S2-734354999,S2-257091228,S2-713577085,S3-73151097	True
S1-26307968	S2-782361321,S3-151016247,S3-169308407,S3-783493944,S3-856226281	True
S1-206270070		False
S1-279422750		False
S1-64976532		False
S1-478700256		False
S1-305792296	S2-781858147,S2-128114787,S3-679488243,S3-346938705,S3-65920682	True
S1-723260325	S2-35636495,S3-988038544	True
S1-465310657	S3-673282829	True
S1-709218287		False
S1-226970837		False
S1-300778144	S3-934929539	True
S1-689928358		False
S1-120340221	S3-942773647	True
S1-77117086	S2-312265110,S3-565035681,S3-819180284	True
S1-903882003		False
S1-939472221		False
S1-377606770		False
S1-275909685		False
S1-876200178	S2-375634043,S2-973715735,S2-398583267,S2-652021060	True
S1-343302061		False
S1-811680646	S2-581461488,S2-936443090,S3-432356153	True
S1-710602948	S2-76028688,S3-225922513	True
S1-101849470	S2-863756657,S3-150136301	True
S1-583214077		False
S1-258030585	S2-235757489,S3-263988915	True
S1-217389448		False
S1-348891438	S2-534434324,S2-839723374	True
S1-268406831		False
S1-893201241		False
S1-174450252	S2-520098723,S3-599414332,S3-379736605	True
S1-388172887		False
S1-956459681		False
S1-783505005	S2-439358933,S2-820787565,S3-638941062,S3-85542743	True
S1-241616949	S2-565082991,S2-664601874,S3-647548825	True
S1-160479203		False
S1-95650186		False
S1-810971253		False
S1-430826447	S2-460154286	True
S1-275705283	S2-713618511,S2-635781291,S3-72947645,S3-470083533,S3-624509445	True
S1-540570730		False
S1-852032348	S3-462580057,S3-198359416	True
S1-555114383	S2-92047992,S2-631398951	True
S1-457675799	S2-550461209,S2-187652441,S2-294866784,S3-231656034,S3-66736927	True
S1-784561457		False
S1-367476188		False
S1-454861139	S2-338772085,S2-597295652,S3-414031244	True
S1-93881534	S2-590081738,S2-154081245,S3-339978356,S3-289286351	True
S1-760974983		False
S1-595386678		False
S1-280868706	S2-511530451,S3-937114926,S3-657058881	True
S1-202729725	S2-261916062,S3-708747704,S3-476119761,S3-305720039	True
S1-765963813	S2-132068832,S3-78411235,S3-676555284	True
S1-71360577		False
S1-458968016		False
S1-789805112	S2-787460556,S2-15287663	True
S1-562431739	S2-555527533,S3-795921440,S3-290801752	True
S1-740012706	S2-973612062,S2-207156870,S3-614258552	True
S1-554566077	S2-936759862,S3-17948402,S3-345937540	True
S1-421458711		False
S1-702209125		False
S1-813170366	S2-723962093,S3-101246768,S3-520753148,S3-917054617	True
S1-457426115	S2-469669863,S2-675378381,S2-215088606,S2-562891280	True
S1-993732532		False
S1-915759472	S2-79737004,S3-702807416,S3-33456417,S3-96935698	True
S1-224070315		False
S1-417483801		False
S1-927094286		False
S1-940349353	S2-669600897,S2-295724158,S2-148475033,S3-115360006,S3-195907260	True
S1-829445192		False
S1-86182984	S2-444854768,S2-126880467	True
S1-340748572		False
S1-492041013		False
S1-399760530		False
S1-799896787	S2-518125646,S2-446571371,S2-766815110,S2-124834489,S3-723963135,S3-77723777	True
S1-345671771	S2-481259274,S2-599938746,S3-71549489,S3-735055366	True
S1-652402733	S2-498840181,S3-672883047,S3-905183525	True
S1-380773762	S2-170324269,S2-898271478,S3-792854218,S3-226292549	True
S1-563177038		False
S1-737762029		False
S1-946785834		False
S1-113779190	S2-375497394,S2-937973392,S3-672721209,S3-74464650	True
S1-135421953		False
S1-143717953	S2-601346943,S2-957706550,S3-91266118,S3-662230660	True
S1-728492011	S2-595442466,S3-118302722,S3-783967687,S3-827334536	True
S1-425767352		False
S1-722260444		False
S1-527019974	S2-183317297,S2-188784829	True
S1-772772144	S2-412871755,S2-271373331,S2-963417974,S2-757928005,S2-308641272,S3-935868614,S3-179164112	True
S1-622244704		False
S1-249605359		False
S1-860352030	S2-902252863,S3-509492547,S3-843157520	True
S1-382032761	S2-699811038,S2-370970955	True
S1-926863929	S2-709794916,S2-561455604,S3-853549518,S3-70465391	True
S1-566361090	S2-439632898,S3-347364088	True
S1-457368297	S2-27272542,S2-903843621,S3-785335153,S3-566628676	True
S1-464387602	S2-478143516,S2-41613706,S2-214350415,S3-603019027	True
S1-922190512		False
S1-520295003	S2-19132406,S2-643026422,S2-827136781,S3-432167515,S3-98973390,S3-966824486	True
S1-605421689	S3-342503974	True
S1-495131175		False
S1-611805588	S2-355060079,S3-438202049	True
S1-618357027		False
S1-811278974		False
S1-17429110	S2-983081069,S2-381644293,S2-425505191,S3-186756633,S3-368482253	True
S1-37490697	S2-173273993,S2-463986007,S3-286784693	True
S1-25121085	S2-257707948,S2-843313936,S2-75351587,S3-585387551,S3-598201154	True
S1-376935294		False
S1-967523420	S2-264833612,S2-759572424,S2-26326574,S3-602237337	True
S1-92454924	S2-52466545,S3-926749747,S3-350510446	True
S1-981110737	S2-714492686,S2-325091116,S3-627177939	True
S1-926441370		False
S1-657110707	S2-769652885,S2-111658772,S3-250798369,S3-935548048	True
S1-982473379	S3-159871100,S3-486321628,S3-980350203,S3-929728413	True
S1-730392963	S2-946225919,S2-151090424,S3-844026485,S3-353814027,S3-851724724	True
S1-392271277	S2-26645328,S2-592424090,S3-725233751	True
S1-324999078	S2-334249815,S2-574676969,S2-154730200,S2-735597133,S3-425094780,S3-925047621	True
S1-670591354		False
S1-893574271		False
S1-750095066		False
S1-290101218	S3-22077930,S3-893264390	True
S1-367806287		False
S1-756499324	S2-991223311,S2-429615074,S2-203728319,S3-124018863,S3-95820748	True
S1-176730412	S2-969301759,S2-90805398,S3-164154083	True
S1-424698042	S2-826267166,S3-937947718,S3-953364942	True
S1-76163199	S2-751426448,S2-919323288,S3-135144347,S3-399064353,S3-701622064	True
S1-102108436		False
S1-390945310		False
S1-491603845	S2-768969543,S2-186875650,S3-998688101,S3-739558895,S3-155838087,S3-951085493	True
S1-15403568		False
S1-719000318		False
S1-310692101		False
S1-979935918		False
S1-883549289	S2-385810195,S3-520387427,S3-749880073	True
S1-547539755		False
S1-326277499	S2-948369834,S3-615828013,S3-181076835	True
S1-107485918		False
S1-880454203		False
S1-538364462	S2-583128373,S2-556405738,S3-263459793,S3-10518615	True
S1-220061776		False
S1-476865737	S3-760350745,S3-776193647	True
S1-822955958	S2-275796883,S2-55097109,S3-762286728	True
S1-529463375		False
S1-50630653	S2-375416222,S3-780901681	True
S1-507247253		False
S1-682736330		False
S1-726642264	S2-69976053,S2-577835260,S2-631782614,S2-685274126,S2-261452230,S3-248024454	True
S1-661004892		False
S1-672912156	S2-376161259,S2-940147964,S2-676626469,S3-839436470	True
S1-12481706	S2-183167776,S2-866423226,S2-715942107,S2-847722758,S3-811446462,S3-780360132,S3-858097996,S3-249724499	True
S1-53217799	S2-283911805,S2-294024684,S3-200898357	True
S1-668445527	S2-37045904,S3-946190450,S3-452556893	True
S1-317688186	S2-864685624	True
S1-944004511	S2-506450392,S3-436550821	True
S1-642156897		False
S1-35849249	S2-460313381,S2-551693730,S3-592424137	True
S1-492055942	S2-55228234,S3-481782696,S3-605050668,S3-563255862,S3-564007918	True
S1-341216798	S2-414434724,S3-293525055,S3-568570796,S3-305007216,S3-8554985	True
S1-550914262		False
S1-507273659	S3-378655230,S3-48824054,S3-385606204	True
S1-439911347	S2-688556375,S3-765029957,S3-338031840	True
S1-752441191	S2-196243077,S2-226395301,S2-657901452,S3-793630258,S3-302444247	True
S1-407394723		False
S1-634857671		False
S1-807895976	S2-593760970,S2-474063592,S2-631628238,S3-576824693,S3-320206083	True
S1-750484245	S2-75390369,S3-483766226,S3-65696761,S3-721245608	True
S1-709513298	S2-273116458,S2-514548489,S3-469060592,S3-26807239	True
S1-833640797		False
S1-953623151		False
S1-465217745	S2-119321389,S2-890090167,S3-856143967	True
S1-100734190	S2-255613591,S2-598211466,S2-839597544,S3-239117735	True
S1-200348818	S2-854429892,S2-644272456,S2-101929513,S3-240016518	True
S1-567086201		False
S1-26893077		False
S1-722338939		False
S1-220255646	S2-850423561,S3-332371672	True
S1-119656673	S2-903558280,S3-800634924,S3-562096084	True
S1-119708014		False
S1-116434246	S2-265796184	True
S1-674524642		False
S1-567962846		False
S1-686129024	S2-540593661,S2-89672930,S3-45716784,S3-894036947,S3-974086873	True
S1-572405170		False
S1-751259255	S2-477487419,S3-607364138,S3-476788227	True
S1-858359343		False
S1-949913821	S2-42786945,S2-581349030,S2-879560040,S2-404964105,S2-176668875,S3-238749279,S3-891073758,S3-691171408,S3-652813164	True
S1-720527885		False
S1-743124455	S2-349992018,S2-929406221,S3-551614759	True
S1-703561281		False
S1-502146104		False
S1-418565694		False
S1-245317510		False
S1-740019230	S2-241809594,S2-316675202,S3-661368424,S3-776426345,S3-676125970	True
S1-32092370	S2-762580952,S2-738420281,S3-734214847,S3-121430762,S3-846374660	True
S1-866357536		False
S1-406313271		False
S1-123386887	S2-254458346,S2-308417005,S3-546840180,S3-209229010	True
S1-3821991		False
S1-477953787		False
S1-29767813	S2-431136064,S3-851161373,S3-490128952,S3-505843339,S3-521573878	True
S1-451849739		False
S1-710023306		False
S1-593859893		False
S1-451555890	S2-282333155	True
S1-826777845		False
S1-742047562		False
S1-389809958		False
S1-310105680		False
S1-312572048		False
S1-39450932		False
S1-25869506		False
S1-682541645	S2-694052384,S3-803242066,S3-71600446	True
S1-150143442		False
S1-625566024	S2-14280049,S2-401866029,S3-596175408,S3-8178057	True
S1-493017898		False
S1-848695790		False
S1-877696479	S2-400968988,S2-981974406,S3-581598224,S3-9709673	True
S1-818095382	S2-360136781,S3-435930023,S3-608624093,S3-70216090	True
S1-892127767		False
S1-567891148		False
S1-704585238	S2-888078337,S3-109064319,S3-223346580,S3-651930005	True
S1-277495325	S2-744372587,S2-348940487,S2-383526066,S3-744332258	True
S1-370465292	S2-647072790,S3-49407772	True
S1-110595217	S2-103967022,S2-934137350,S2-444625921,S2-896403247,S3-340036914,S3-669502806	True
S1-158327030	S2-491232675,S3-998792457	True
S1-661082437	S2-748833201,S2-348051729,S3-827333822,S3-684968146	True
S1-795560888		False
S1-152379265	S2-27360352,S3-801007594,S3-920127301	True
S1-266860273	S2-828537852,S3-267012377,S3-12987336,S3-83350763,S3-218207097,S3-540367424	True
S1-202201860		False
S1-347576734		False
S1-989167641		False
S1-675798549	S2-620590551,S2-812198227,S2-8677511,S3-743508428	True
S1-99719491	S2-627257704,S3-141321005,S3-468928463,S3-322980445	True
S1-728235016	S2-913895254,S3-64154285,S3-968436608	True
S1-75162299	S2-574552114,S2-643136834,S2-103430147,S3-459379781	True
S1-80865053	S2-757072619,S3-824697422,S3-888146293	True
S1-975326183		False
S1-996229500		False
S1-722082918	S2-618703644,S3-627144056,S3-774657469	True
S1-835464223		False
S1-583400838	S2-64287860,S2-671648586,S3-965360754,S3-351127113	True
S1-867950300		False
S1-851818347	S2-118784435,S2-907115876,S2-75608110,S2-326305924,S3-234709396,S3-406986278,S3-7267335	True
S1-245234128		False
S1-41234478	S2-130650013,S2-902015975,S3-632353471,S3-62223860,S3-639570126,S3-738905084	True
S1-667344937		False
S1-558496600		False
S1-305027765		False
S1-676420601		False
S1-16106920	S2-361443467,S2-483055626,S3-919412329	True
S1-164381456		False
S1-511176490	S2-935142308,S2-648037298,S3-909188750	True
S1-111041998		False
S1-43087323	S2-766281297,S2-72129888,S3-818294001	True
S1-415649760		False
S1-651811304	S2-881577262,S2-788674841,S3-369724823,S3-854332388	True
S1-176129173	S2-307143046,S3-241835888,S3-430824005,S3-930173294	True
S1-211810658		False
S1-977041667	S2-681018131,S2-339831425,S3-658377969,S3-271872797	True
S1-931281503		False
S1-115121912	S2-755272694,S3-889848693,S3-123339364,S3-130777432	True
S1-483136439	S2-581918182,S2-173091860,S3-150678453,S3-238532028	True
S1-420213065		False
S1-75152343		False
S1-467559998	S2-660928284,S2-277899980,S2-621741159,S3-43877028	True
S1-865004072	S2-161284936,S2-535187850,S2-556680875,S2-588704108,S2-139552590,S3-926332621,S3-979615447	True
S1-487113927		False
S1-761796527	S2-153887842,S3-787427807,S3-106343583	True
S1-497429933	S2-971003947,S2-866804825,S3-560856222,S3-850150274	True
S1-705696248		False
S1-436939206		False
S1-700285593		False
S1-385207796		False
S1-998192672		False
S1-274456005	S2-292329381,S2-264974781,S2-184308051,S3-398934170	True
S1-948847186	S2-321744137,S2-229764874,S3-831827300,S3-946864644	True
S1-249525151		False
S1-188601464	S2-187748082,S3-154864479	True
S1-256033799	S3-462917492,S3-689069524	True
S1-205558101	S2-466964088,S2-786672732,S3-723512238,S3-308630984	True
S1-286907719		False
S1-41430655	S2-425383129,S3-663260397	True
S1-368638589	S2-359504631,S3-192018594	True
S1-896337447	S2-605218744,S2-68903156,S3-404093806,S3-5434856	True
S1-595496976		False
S1-24208376	S2-445467239,S2-694327335,S3-789785692,S3-472379063,S3-187425517,S3-523299491,S3-587443352	True
S1-62163054		False
S1-320798668		False
S1-551189950	S2-346398443,S2-780681016,S3-347798706	True
S1-117441454		False
S1-816460168		False
S1-222507665	S2-100051875,S2-401536597,S3-378665823,S3-733976148	True
S1-979403688	S2-723649327,S3-61002675	True
S1-359374385		False
S1-261756355	S2-481276292,S2-205197272,S2-448371989,S3-936088421,S3-401895408,S3-172932088	True
S1-112256411		False
S1-335787761		False
S1-958819749		False
S1-659895315		False
S1-690946974	S2-945860898,S2-129170842,S3-841858123	True
S1-520405321	S2-192963897,S2-134589115,S2-393310657,S3-857064387,S3-204481082,S3-872751274	True
S1-317858253	S2-545093974,S2-482958002,S2-151106403,S3-758952828,S3-394605026	True
S1-945989774		False
S1-125444812		False
S1-316749898		False
S1-57806255		False
S1-594577065		False
S1-54173995		False
S1-530318501	S2-298954695,S3-663655057,S3-284304014,S3-404776472	True
S1-681855756		False
S1-262122320		False
S1-228760265	S3-768414665,S3-161958780	True
S1-492338197		False
S1-900984130		False
S1-470834658		False
S1-918109878	S2-197044301,S3-469433799	True
S1-565504448	S2-767998482,S2-106484081,S3-126538749,S3-631883605,S3-761617790	True
S1-247658881	S2-944001969,S2-575112924,S3-784221062,S3-561438510,S3-553975606	True
S1-353388167	S2-606693266,S2-519276981,S3-463839137,S3-281184792	True
S1-498603547	S2-124852064,S2-255362654,S2-157126397,S3-791617767,S3-344811905	True
S1-430036898	S2-348253897,S2-387135719,S3-56141831	True
S1-973713049		False
S1-809887769		False
S1-280338633		False
S1-878144886		False
S1-286262751	S2-362319528,S3-830617217	True
S1-191183886	S2-131453260,S3-69762714	True
S1-475924359	S2-976000866,S2-275385197,S2-24301990,S3-656176419	True
S1-496594434	S2-679805245,S3-130585192,S3-678757698,S3-95999851	True
S1-908287291		False
S1-382054135		False
S1-56453832	S2-228217886,S3-299318834	True
S1-825598532		False
S1-902380965		False
S1-364819132	S2-163552166,S3-575967360,S3-738930077	True
S1-575204164	S2-18484881,S2-419448786,S2-807120664,S3-638773071,S3-326216243,S3-396664586,S3-842897442	True
S1-919586017	S2-948995824,S2-448571879	True
S1-933692472	S2-585697288,S2-968743493,S3-243707068,S3-422319334	True
S1-468858540	S2-413535757,S3-14418417	True
S1-657150209		False
S1-443318275		False
S1-667990577		False
S1-958356948		False
S1-719649077		False
S1-741167688		False
S1-619807737	S2-665455709,S2-677173887,S2-919562099,S2-101107623,S3-900049195,S3-158977849	True
S1-730544538		False
S1-297076343	S2-763717404,S3-558087059,S3-933073974	True
S1-616546301	S2-332078926,S3-808970948,S3-75978825	True
S1-667283698		False
S1-725709185	S2-242009057,S3-888573171	True
S1-148249399	S2-32920637,S2-756265016,S3-758455160	True
S1-226708804		False
S1-460711999		False
S1-120863778		False
S1-900980802	S2-278673073,S3-614591581,S3-85796657,S3-213652321	True
S1-456363379	S2-518519601,S2-673666145,S2-544653076,S3-42268949,S3-535239727,S3-606064674,S3-448533951	True
S1-349448427	S2-705056555,S3-15523959	True
S1-824697252		False
S1-740552048		False
S1-849746746	S2-696045807,S2-581247468,S3-501700625,S3-373353289,S3-216520423	True
S1-177057398	S3-370091466	True
S1-975008958	S2-355300387,S2-743054176	True
S1-90237116	S2-763364961,S2-171233338,S2-523161167	True
S1-881412081		False
S1-784913110		False
S1-549376162		False
S1-974859443		False
S1-813670089	S2-242401263,S3-186038731,S3-881282911,S3-439300243	True
S1-288916587		False
S1-344456909	S2-864530919,S2-635317355,S3-682986022,S3-602965519,S3-227719804	True
S1-701027735		False
S1-659407994	S2-523504208,S2-707288693,S2-328741678,S3-632064736,S3-443170585	True
S1-984221483		False
S1-935929836	S2-897302986,S3-967933543	True
S1-54157891		False
S1-542385369		False
S1-215027578		False
S1-472912485		False
S1-85857683		False
S1-999366633		False
S1-65817632		False
S1-908161989	S2-496149465,S2-602884869,S3-217450384,S3-720512219,S3-478341391	True
S1-281025112		False
S1-954302298		False
S1-684835804		False
S1-17583371		False
S1-953669987		False
S1-753233442	S2-720138174,S3-240515260	True
S1-505145513		False
S1-885363351		False
S1-993689495		False
S1-259387558	S2-180295113,S3-350977471	True
S1-887157725	S2-775647093,S3-637688733,S3-601240084	True
S1-929210750	S2-937878886,S3-132814612	True
S1-521410699		False
S1-258498388	S2-697783076,S3-790536709,S3-380358830,S3-348729673	True
S1-181168882		False
S1-355197726	S3-774147391,S3-121893374	True
S1-277481173		False
S1-770984430	S2-643256229,S2-147508752,S3-614130586,S3-953797048	True
S1-100400372		False
S1-85129383		False
S1-736299627		False
S1-456473833		False
S1-627687472	S2-819532509,S2-996082829,S3-499275380	True
S1-662905035	S2-411338948,S2-152265156,S2-696267453,S3-995069415,S3-302162790	True
S1-362777500		False
S1-166785296		False
S1-763227674		False
S1-165311844	S2-203470008,S2-135959061,S2-495009174,S3-32455298,S3-802207995	True
S1-382522504		False
S1-349712791		False
S1-212092845		False
S1-81011565	S3-644331769	True
S1-384758706		False
S1-371842598	S2-409248694,S2-333045860,S2-540137006,S3-961697212,S3-234992128	True
S1-794641149	S2-484759510,S2-946045152,S3-599232783	True
S1-148348884		False
S1-242447686	S2-445912479,S2-13134736,S3-994371100,S3-615723771	True
S1-435255235		False
S1-771171209		False
S1-740472625		False
S1-595461424		False
S1-316082354		False
S1-257121518	S2-672847655,S3-772665466,S3-627025487,S3-327655683	True
S1-198245458	S2-374062882,S3-345474260,S3-515358611,S3-418605306,S3-102068552	True
S1-832506414	S3-401036416	True
S1-756742158		False
S1-396782393		False
S1-198729581		False
S1-69478501	S2-316481157,S2-230435870,S2-509050213,S2-926350308,S2-944021779,S3-937357826,S3-328899345,S3-946162989,S3-571418948	True
S1-284825244	S2-758228265,S3-244094292,S3-206074835,S3-736848021,S3-816856703,S3-446317983	True
S1-593777033	S2-981067730,S2-1116059,S3-718679294,S3-213433917,S3-919286219	True
S1-45826917		False
S1-196667814		False
S1-211358781		False
S1-971313314		False
S1-671462031		False
S1-722990107	S2-875715566,S2-895677424,S3-931027234	True
S1-998813658		False
S1-838753800		False
S1-820135747	S2-826727237,S2-680680578,S2-31232370,S2-820410468,S3-665858041,S3-130807884,S3-981002928	True
S1-684175091		False
S1-218751728	S2-473416362,S3-637019386,S3-786338441,S3-636467167	True
S1-644574	S2-816093838,S2-527157139,S3-972350060	True
S1-247274585	S2-428523296,S2-23273409,S3-426095185,S3-684871000	True
S1-985461475		False
S1-564033791	S2-225180043,S3-473282014,S3-66257344,S3-348807635	True
S1-301030739	S2-837567167,S2-167599518,S3-382910164,S3-387800635,S3-743934907,S3-707806742,S3-548500038	True
S1-695687961		False
S1-787891626	S3-480755616	True
S1-567665005		False
S1-925835681	S2-102991692,S2-903862878,S3-80023558,S3-928829985,S3-522171132,S3-582556707	True
S1-591832244		False
S1-508024333		False
S1-108538938		False
S1-869245092		False
S1-765529656	S2-884285718,S2-677850925,S3-796892767,S3-999042551	True
S1-176770646		False
S1-444921638		False
S1-762117608		False
S1-867402022	S2-364498682,S2-936580097,S2-134623481,S3-972606528,S3-826800443	True
S1-964729996	S2-190334812,S2-170244892,S3-939712401	True
S1-935507349	S2-843047434,S3-323168224,S3-90337457,S3-605793042	True
S1-824486180		False
S1-596831544		False
S1-328755779	S3-352052799,S3-438770531,S3-119613905,S3-459812184	True
S1-191826689		False
S1-582470597		False
S1-545983663	S2-905063673	True
S1-400429537		False
S1-26520099		False
S1-481286167		False
S1-218944653		False
S1-688217371		False
S1-574314173	S2-201432331,S3-571264923,S3-264675168	True
S1-610581779		False
S1-895543029		False
S1-83235475	S2-938777739,S2-815633939,S3-765526284,S3-51494383,S3-379840771	True
S1-230446069		False
S1-714008424		False
S1-214963771		False
S1-871479426	S2-592969444,S3-489667194,S3-958061668	True
S1-419300693	S2-428223271,S2-528052272,S3-990654912	True
S1-553922987	S2-715579093	True
S1-44543523		False
S1-905586298		False
S1-635858845	S2-766216780,S2-172357156,S3-868184380,S3-918277107,S3-713975852	True
S1-676486444	S2-743113715,S2-325451218,S2-147019986,S3-334163230	True
S1-982703207		False
S1-977294608	S2-580057557,S2-571651755,S3-841805287,S3-834151900	True
S1-937616728	S2-108403780,S2-196715914,S3-436488524	True
S1-945600684	S2-268215000,S3-757163021,S3-433338505	True
S1-629867990	S3-860195077,S3-838269923,S3-959982380,S3-949193747	True
S1-458140510		False
S1-635703495		False
S1-868628290		False
S1-707481081		False
S1-141897586		False
S1-369977893	S2-780094241,S2-277274826,S2-729259160,S3-688916923,S3-708602512	True
S1-85406093	S2-448369324,S3-945615076,S3-853535974,S3-656355647,S3-836042840	True
S1-353161710	S2-922060238,S2-793078355,S3-687426842,S3-295744815,S3-726844420,S3-617615115	True
S1-379736017	S2-62732096,S2-489540697,S2-71263956,S2-786089015,S3-247113057	True
S1-3209655	S3-602774773	True
S1-161696288		False
S1-445087706	S3-810552424,S3-909523936,S3-988475937,S3-314325705	True
S1-555157446	S2-787791437,S2-451636592,S3-190591242	True
S1-35232476	S2-863011316,S3-862672440,S3-558880799,S3-382191985,S3-673266428	True
S1-941769813	S2-977951505,S2-681922581,S2-268007193	True
S1-953693395		False
S1-154373546		False
S1-256348570	S2-717132445,S2-329673762,S3-402047308,S3-224486132	True
S1-557586047	S2-48960236,S3-5949967,S3-22416040	True
S1-703417973	S2-948123552,S3-832767242,S3-858103377,S3-279710879	True
S1-293370399	S2-227278045,S3-763212303	True
S1-750855958		False
S1-331976445		False
S1-727704363	S2-995841645,S3-443685502,S3-319927646,S3-50075582	True
S1-345909576	S2-382795073,S2-665829215,S2-240361101,S2-307080592,S3-859346992,S3-652623415	True
S1-29148237	S3-639730881	True
S1-298877276	S2-41028061,S3-514328509,S3-42251294	True
S1-562317826		False
S1-470120829		False
S1-3632271	S2-780466720,S3-714463528	True
S1-542627617	S2-365396830,S2-198176471,S3-864480195,S3-521344083	True
S1-499855366		False
S1-807622263		False
S1-876768135		False
S1-495631609	S2-227777310,S3-204627827,S3-766748680	True
S1-434450622	S2-908781765,S2-726091667,S3-234038836,S3-288625460	True
S1-537694890	S2-294986583,S3-301423006,S3-11996899,S3-24875157	True
S1-621639841	S2-458787535,S3-140645869	True
S1-477329146		False
S1-50468656	S2-813977823,S2-117844831,S3-975106467	True
S1-537179493	S2-887802946,S2-715805173,S3-486274350	True
S1-303516219	S2-859641208,S3-631579359	True
S1-426084046	S3-78450495,S3-547522014	True
S1-633659977	S2-638415172,S3-866575177,S3-373588667	True
S1-100517209		False
S1-83804241		False
S1-955263356		False
S1-84206081		False
S1-264988012		False
S1-251120494		False
S1-36149537	S2-571031331,S2-892326635	True
S1-465644142		False
S1-532855855		False
S1-790304140		False
S1-571678562		False
S1-952559379		False
S1-569051520		False
S1-61579801		False
S1-391533396		False
S1-49089921		False
S1-210616440	S2-937636547,S2-706416674,S2-281059096,S3-295176708,S3-235295876,S3-778924959	True
S1-484992283		False
S1-36342290		False
S1-344180640	S3-690644028	True
S1-195652135		False
S1-202774467	S2-329069514,S2-751332236,S2-629601581,S3-872390980	True
S1-654817906		False
S1-709272049		False
S1-235692021	S2-918232314,S2-482765622,S2-866546469,S2-330315075,S3-885425286,S3-881971346	True
S1-979125720		False
S1-707222569		False
S1-981335195	S2-807772124,S2-639489482,S3-434926788,S3-101798434,S3-403552301	True
S1-68170329		False
S1-580771075		False
S1-900527121	S2-65980527,S3-566926082	True
S1-231880007	S2-555423885,S3-14839162	True
S1-265775167		False
S1-120566056	S3-538862389	True
S1-933508454		False
S1-897823490	S2-62414798,S2-700580113,S2-470773453,S3-915430507,S3-462938896,S3-644791200,S3-86759069,S3-499421962	True
S1-343230264	S2-203970422,S2-55929485,S2-367160038,S3-215049018,S3-886013207,S3-378118925	True
S1-270918230		False
S1-436623778	S2-323090785,S2-486392964	True
S1-61655357		False
S1-505882908		False
S1-198755703	S2-734847862,S3-944348713	True
S1-380814451	S2-79269907,S3-408083547	True
S1-974415229	S2-265233391,S2-146655093,S3-20084505	True
S1-203136902		False
S1-682670224		False
S1-841587892	S2-860246743,S3-83372233,S3-648312463	True
S1-100077184	S2-689241565,S3-899459136	True
S1-429265257	S2-494553152,S2-781234401,S3-612976227	True
S1-85641644		False
S1-659407714	S2-379245430,S3-246319336	True
S1-827342787		False
S1-998053381		False
S1-868447290		False
S1-484393063	S2-500772454,S2-874587690,S3-973005504,S3-355952326	True
S1-679218161		False
S1-603927965	S2-873133966,S2-418484729,S3-673891529,S3-583009025,S3-838848542	True
S1-135970878		False
S1-221529724		False
S1-871818654	S2-493725310,S2-30636518,S3-778521428,S3-624061448,S3-744756030	True
S1-826515191		False
S1-797857114	S2-710161184,S3-251345364,S3-843060089,S3-337142611	True
S1-865199307		False
S1-111976210		False
S1-948998944	S2-273794526,S2-106008805,S3-71171861,S3-803815997,S3-122677186	True
S1-55344909		False
S1-740527046		False
S1-160342111	S2-65010107,S2-913096743,S3-761447024,S3-205627585,S3-214041035	True
S1-865554334		False
S1-88107162		False
S1-675618108		False
S1-555474292		False
S1-651702522		False
S1-619151205	S2-287801439,S3-802366504,S3-200062343,S3-779885886,S3-523124203,S3-987115286	True
S1-911226802	S2-243879018,S2-792030171,S3-944485277	True
S1-465072342	S2-746350715,S3-126654118,S3-174037676	True
S1-190322525	S2-241477664,S3-164308869	True
S1-991583937	S2-469191842,S3-192291751,S3-457197695,S3-574762862,S3-33211375	True
S1-279857030	S3-449347574	True
S1-785102280		False
S1-837751401		False
S1-865109632		False
S1-8706577		False
S1-184688505		False
S1-578613753		False
S1-824009877	S2-846832177,S2-520921207,S3-616587606,S3-993458266,S3-493773614	True
S1-376818583		False
S1-420808304		False
S1-719237411		False
S1-86331099	S3-702028100	True
S1-31388603		False
S1-860701416		False
S1-238649098		False
S1-207448377		False
S1-740452242		False
S1-655073937	S2-653522574,S2-622967324,S3-501931961	True
S1-861832511	S2-555243033,S3-349645474,S3-849485232	True
S1-279307846	S2-493827954,S2-962472032	True
S1-180584533	S2-851383175,S2-242189343,S2-296394913,S2-80358003,S3-78074965	True
S1-306620198	S2-45010901,S2-249926780,S3-889226324,S3-913201732	True
S1-531202362		False
S1-547287791	S2-329889651,S3-436433345,S3-519669178,S3-253453759	True
S1-338983433	S2-21143145,S2-846419011,S3-588779683	True
S1-42863916	S3-420221311,S3-580766327	True
S1-907809075	S2-939732645,S3-308091217	True
S1-639261012		False
S1-719299887		False
S1-8967940		False
S1-496270352	S2-624160211,S2-957677711,S2-978797438,S2-688898000,S3-412387391	True
S1-216028106		False
S1-948265521	S2-407911199,S2-970201773,S2-963901912,S2-26284271,S3-828341609,S3-232745043	True
S1-756781099		False
S1-804790176		False
S1-699433172		False
S1-916304880		False
S1-489564032		False
S1-528408901		False
S1-8672462		False
S1-194733952		False
S1-303562144		False
S1-518648949	S2-357312978,S2-303010184,S3-397034630,S3-647543776	True
S1-200503608	S2-342535270,S3-34419426,S3-154799972,S3-811968128,S3-472075947	True
S1-616237892		False
S1-727580882		False
S1-858411209	S2-497858131,S2-29359513,S2-246378152,S2-634728571,S2-87375231	True
S1-27646676		False
S1-687493975		False
S1-341246100	S2-369658681,S2-721892963,S2-37870312,S2-267480680,S3-31217926	True
S1-249476307		False
S1-709549751	S2-598629963,S2-609490142,S2-370772604,S3-285988737,S3-353667181,S3-114982922,S3-45406564,S3-345622796	True
S1-712175338	S2-88208482,S2-506727480,S3-724084969,S3-390759156,S3-886545298,S3-122760483	True
S1-469695067	S2-80120725,S3-511515343	True
S1-811234483	S2-877623451,S2-952281695,S3-367656349,S3-180052474	True
S1-213847441	S2-76321459,S3-813222311,S3-479523811,S3-803765953,S3-747720307	True
S1-17818457	S2-12384005,S2-509847377,S2-405542194,S3-131855773,S3-550002873	True
S1-672726314		False
S1-884037380	S2-709647362,S2-864633363,S2-883937811,S3-515668086,S3-276774846,S3-191870867	True
S1-236091394	S2-55795741,S3-846744091,S3-146336169,S3-893204261,S3-447155085	True
S1-643364783	S2-964557730,S2-963839000,S2-115453081,S3-110329024,S3-380705457,S3-707453182,S3-289007594,S3-874033187	True
S1-786984452	S2-523480263	True
S1-673915640		False
S1-393430508		False
S1-354614919	S2-723900693,S2-409989815,S3-352681339,S3-575224987,S3-383406175,S3-760880980	True
S1-983449929	S2-210096545,S3-818782451,S3-11270235,S3-442762605	True
S1-902927349	S2-594884074,S2-428187503,S3-517220112	True
S1-835077042	S2-992800699,S2-192946528,S2-393437381,S2-568548441,S3-953900877	True
S1-305791249	S2-111668954,S2-251200364,S3-207988553,S3-726274689,S3-878971152	True
S1-181939152		False
S1-935539805	S2-174682533,S3-118553324,S3-742548226	True
S1-326284963		False
S1-185743553	S2-300156631,S2-67385086,S2-734908219,S3-263209040	True
S1-141647895		False
S1-216554953	S2-64992361,S3-120658485	True
S1-899595868		False
S1-351630179		False
S1-510150155		False
S1-405097102	S3-933718085,S3-25118626	True
S1-971890234	S3-26518856,S3-9019564,S3-201802,S3-938179807,S3-206202960	True
S1-163026105	S2-805224022,S3-501133444	True
S1-41734550	S2-958139300,S2-434010064,S3-202424005	True
S1-695854920	S2-180278407,S3-807659569	True
S1-556501544		False
S1-507991167		False
S1-367705308	S2-735565461,S2-146481249,S3-717260318,S3-986935198	True
S1-589334631		False
S1-546696387		False
S1-568763614		False
S1-306229307		False
S1-341279672		False
S1-649397845	S2-663976875,S2-762991439,S2-29752556,S2-792041268,S2-161158267,S3-20146150,S3-37376956,S3-376348844	True
S1-818121572		False
S1-500072713		False
S1-656595319	S2-489724221,S3-75018866,S3-497191689	True
S1-752795130	S2-954405190,S2-420616140,S2-910498276,S3-603120650,S3-586501744	True
S1-423772818		False
S1-949357308	S2-302078226,S2-542955976,S2-499883010,S3-978728838,S3-805195608,S3-458068465	True
S1-700908762		False
S1-392373302	S2-987565136,S2-206576297,S2-583039927,S3-963886413,S3-473855989	True
S1-918942039		False
S1-220828879		False
S1-644413802	S2-519589516	True
S1-40219433	S2-619450574,S2-25677826,S3-593520076,S3-154042931	True
S1-673305431		False
S1-588361738		False
S1-811019454	S2-420809320,S2-540463319,S2-582122231,S3-536548682,S3-200959751	True
S1-834443192		False
S1-479292813		False
S1-719796434		False
S1-396425630	S2-704837818,S2-793877626,S2-994722679,S3-59455033,S3-355210408,S3-232954150	True
S1-822532287		False
S1-694418167	S2-401821088,S3-241084085	True
S1-258457670		False
S1-804823270	S2-264781750,S2-588373846,S2-122574101,S2-853887853	True
S1-668648963		False
S1-189615115	S2-820813095,S2-883272450,S3-446189859	True
S1-685780929	S2-805663571,S2-696467005,S3-146288999	True
S1-861026440	S2-817890133,S2-130913248,S3-297937453,S3-283604347	True
S1-426075431	S2-111392454,S2-846400823,S3-192032843	True
S1-619693033		False
S1-287054704		False
S1-967070896	S3-852477631,S3-418242797	True
S1-823324296	S2-957404881,S2-949733601,S2-479702659,S3-888608057	True
S1-422855503	S2-629353833,S3-847854621	True
S1-984007859	S2-544473414,S3-800398132,S3-896495235	True
S1-228385723	S2-721990704,S2-436696211,S3-215919334	True
S1-809238004		False
S1-238881358	S2-286838476,S2-726326002,S3-311936539	True
S1-261019854		False
S1-705948150		False
S1-743330896		False
S1-524556029		False
S1-456711486		False
S1-532530930	S2-678349139,S2-830542577,S2-502354854,S2-181210190,S3-511982706	True
S1-239922655		False
S1-248699027		False
S1-341027859		False
S1-990323933	S2-173452294,S2-400158113,S2-881862125,S3-394065760,S3-634609948	True
S1-673447650		False
S1-496108217	S2-923492338,S2-903404217,S2-34711324,S3-128362483	True
S1-7371646	S2-822649032,S3-328201792,S3-618134992,S3-499005972,S3-736033006,S3-14183450	True
S1-472811106	S2-868914054,S2-749916651,S3-152588415,S3-46937830	True
S1-867103139		False
S1-95762789		False
S1-168373034		False
S1-932690020		False
S1-99532615	S2-119390158,S2-561953372,S3-302920228	True
S1-420996450		False
S1-48791257	S2-908775070,S3-149188012,S3-399839432	True
S1-889153114		False
S1-235521197	S2-860183818,S2-958598527,S2-881091697,S3-898204446,S3-108624454,S3-731456891,S3-409958028	True
S1-290130870	S2-344427642,S3-688754700	True
S1-329537543	S2-632716281,S2-191586195,S2-914293772,S3-519381335	True
S1-967036680		False
S1-809309726		False
S1-718026310		False
S1-50046428		False
S1-234582622	S2-779346778,S2-703437852,S3-771781134,S3-836717753,S3-856816505	True
S1-986880437		False
S1-649705832		False
S1-372934598		False
S1-783465374		False
S1-429287359	S2-46715792,S2-952879304,S2-378011487,S3-977733030	True
S1-698896129	S2-991330291,S3-342827177,S3-943818182	True
S1-934978282	S3-616827939,S3-615335097,S3-206030547	True
S1-882647683	S2-142213885,S2-574500947,S3-671006248,S3-718561543	True
S1-479146112	S2-260227745,S3-490873383,S3-57835456,S3-227817135,S3-306371467	True
S1-711054040	S2-498294807,S2-77004774,S2-622827560,S3-402549478	True
S1-362440952		False
S1-110321376		False
S1-98776225	S2-948390058,S3-92885301,S3-26583013	True
S1-305918962	S2-175560574,S2-82961813,S2-285697830,S2-110303682,S3-868733680,S3-224850849,S3-511830666,S3-515588304	True
S1-959396080		False
S1-758830859		False
S1-423850147		False
S1-599128731	S2-204994634,S2-81423481,S3-68911479,S3-831366013,S3-226511568	True
S1-925789212	S2-500740926,S3-43268685	True
S1-67782675	S2-763018239,S2-89855020,S3-843239070	True
S1-918870231	S2-745590187,S2-570135818,S3-178644121	True
S1-917715410		False
S1-76552349		False
S1-306344065	S2-661076482,S2-798798958,S3-371017556	True
S1-185617109	S2-416721250	True
S1-639601087	S2-552844332,S2-465524280,S3-672212373,S3-470713231,S3-647537545	True
S1-994034549	S2-778104233,S2-198679647,S3-936590521	True
S1-938904904		False
S1-538468924	S2-179189611,S2-432469909,S3-166521566,S3-776890081,S3-113549689	True
S1-971390863		False
S1-456243491	S2-682123550,S2-775910937,S2-617118413,S3-750115322,S3-495687668	True
S1-814346164		False
S1-589431815		False
S1-107005563		False
S1-309874783	S2-857996614,S3-119771985	True
S1-24997760	S2-725134501,S3-45469240	True
S1-657080161		False
S1-674992308	S2-517195142,S2-929496159,S2-25416021,S3-651726507	True
S1-632469273		False
S1-856846321	S2-518418463,S3-21972836,S3-312450863,S3-70859920	True
S1-853046571	S2-449820016,S2-434067192,S3-30421	True
S1-624215721	S2-616710832,S3-363564718	True
S1-205572391		False
S1-693729795	S2-608785474,S2-854075297,S2-791219574,S3-281532432,S3-186087445,S3-435322810,S3-932132929	True
S1-979129517		False
S1-61607234		False
S1-11900484	S2-970269798,S2-202306981,S3-996535933,S3-996213198,S3-907518685	True
S1-356278344	S2-240323509,S3-406727619,S3-673781571	True
S1-428655074		False
S1-667705078	S2-565335474,S2-219706090,S3-109144303,S3-959656960	True
S1-126753884		False
S1-911441177	S2-268046780,S2-592198071,S3-742405238,S3-904646847	True
S1-644046786		False
S1-470309687	S2-114432773,S3-824930351	True
S1-401348132		False
S1-780841288	S2-363438838,S2-757458810,S3-287800465	True
S1-863697685		False
S1-386584975		False
S1-10016536	S2-72079018,S2-106130322,S3-63171103,S3-99030692,S3-125059531	True
S1-94613024		False
S1-382900433	S2-130752395,S2-724712532,S2-870765813,S2-627390764,S3-561709234,S3-731186555,S3-192937849,S3-276788255	True
S1-407498780	S2-119754277,S3-26038518	True
S1-348930612	S3-443899932,S3-122047737,S3-243703197,S3-486248553	True
S1-827679064	S2-337398214,S3-426454009	True
S1-76748592		False
S1-730267464		False
S1-797544474		False
S1-737199378	S2-104996215,S3-254556374,S3-402593892	True
S1-922503481	S2-199478368,S2-414025692,S2-325921142,S2-573758253	True
S1-861930564	S2-139658433,S2-712587550,S3-673903150,S3-272674608,S3-845623531,S3-671672863	True
S1-96050923		False
S1-204869074		False
S1-985041790		False
S1-751059045	S2-162344220,S3-787138530,S3-330171119,S3-557500174	True
S1-21014473	S2-742654728,S2-453114208,S2-138268909,S3-967802011	True
S1-593299587		False
S1-194608105	S3-744342210	True
S1-710439615	S2-284771340,S3-993203982,S3-885895223,S3-222540573,S3-846185083	True
S1-291953554		False
S1-601228342		False
S1-228015929		False
S1-647413161		False
S1-731999371		False
S1-828301892		False
S1-94248536		False
S1-738078018	S2-284732902,S3-501501174,S3-712712809,S3-275474335	True
S1-942695566		False
S1-899181028	S2-240115837,S3-706307724,S3-274224376	True
S1-715031904	S3-728443198,S3-927595333,S3-688057338	True
S1-164838515	S2-793048402,S2-252966861,S2-361187784,S3-378246892	True
S1-506819365	S2-808168646,S2-735534056,S3-12466098,S3-13054076	True
S1-890759665		False
S1-35891873		False
S1-126748291	S2-538520715,S3-669462255,S3-428463333	True
S1-374832328	S2-241479140,S3-547521695,S3-876026042	True
S1-991938486	S2-924735326,S3-348747379,S3-566844208	True
S1-55342088	S3-914693883,S3-458596085,S3-517979813,S3-827525306	True
S1-824136384	S2-493699074,S2-118820157,S3-941522919,S3-302772671	True
S1-314177819		False
S1-112596270		False
S1-647011098		False
S1-121146726	S3-507623806,S3-244900717	True
S1-784233050		False
S1-203652199	S2-824370390,S2-856438575,S2-110935859,S2-862786367,S3-872908283	True
S1-666054980	S2-93937039,S2-264596021,S2-484737865,S2-67759126,S3-194850939,S3-75462788,S3-852472412	True
S1-127842846		False
S1-713299096		False
S1-678562820		False
S1-872751593		False
S1-377862893	S2-2928101,S3-216959391,S3-191701925,S3-209009769	True
S1-689703277		False
S1-771182870		False
S1-37534983		False
S1-617980710	S3-236767767,S3-673674181,S3-753181438	True
S1-670032732	S2-636386609,S3-881195846	True
S1-643102523		False
S1-466130910		False
S1-241215541	S2-264750537,S3-116635189,S3-789410950	True
S1-721508944		False
S1-307419392		False
S1-502442260	S2-90924623,S2-423887795,S3-956197282,S3-687623997,S3-874143160,S3-227295128,S3-376070802	True
S1-845624954	S2-973919192,S3-133271756	True
S1-830687876		False
S1-632276242		False
S1-339877758		False
S1-25315527		False
S1-332896155	S3-680542761,S3-628943988	True
S1-300909207		False
S1-950365783	S2-172934943,S3-875054965	True
S1-869372531	S3-27334036	True
S1-705274672	S2-314209751,S3-458447204,S3-881176473,S3-145901274	True
S1-298355748	S2-53813641,S2-215752180,S3-746474185,S3-732484103,S3-250921212	True
S1-624544673		False
S1-860276156		False
S1-491149773	S3-836928893	True
S1-583838987		False
S1-514744284	S2-793617577,S2-876887272,S3-941565853	True
S1-684704747	S2-109273769,S3-575043595,S3-184313746,S3-376501472	True
S1-599425852	S3-524536872,S3-419768347	True
S1-379104878	S2-721082612,S2-780836886,S2-840580713,S3-323691152,S3-629131096	True
S1-427869269		False
S1-619691865	S2-232807930,S2-286406516,S2-813000804,S3-962060913,S3-984530479,S3-725200090	True
S1-51079799	S2-453087880,S3-381833678,S3-673091017,S3-617463923	True
S1-719830108	S2-847179933,S3-43938338	True
S1-439726581		False
S1-437946800	S2-714146233,S3-230999456,S3-409854817	True
S1-645934334	S2-550835122	True
S1-36402855		False
S1-864165250	S3-199168035	True
S1-207157441		False
S1-951625637	S2-357472497,S3-723263747	True
S1-907176160	S2-749737378,S3-342875780	True
S1-281341527	S2-561077389,S3-580639057,S3-235638020,S3-941414665,S3-627576481,S3-511258576	True
S1-167656913		False
S1-391245145	S2-926925556,S2-251826254,S3-724332421,S3-126321783	True
S1-720619770		False
S1-425028293	S2-635983317,S2-952978483	True
S1-545805294	S2-204108020	True
S1-751051618		False
S1-838105005	S2-408104910,S2-801663955,S2-522577953,S3-361093988,S3-835519631,S3-273140537	True
S1-732182962	S2-49767237,S2-349278115,S2-221007202,S2-333431990,S3-420801010,S3-25084942	True
S1-337466321	S2-748094136,S3-653883631,S3-926833898	True
S1-777814365		False
S1-41794617	S2-583483039,S2-909453026,S3-119982447	True
S1-914588994		False
S1-909447904	S2-460298280,S3-206296950,S3-895185431,S3-399120780	True
S1-717730098		False
S1-888139116	S2-879016886,S2-800537054,S2-468267617,S3-59772620	True
S1-540489856	S2-144113890,S3-902770695	True
S1-858884688	S2-998256666,S2-868590635,S3-420722930,S3-346002717,S3-848975078,S3-233410114	True
S1-983537276		False
S1-600683314		False
S1-314911695		False
S1-101500841	S2-491156628	True
S1-509457465	S2-533023159,S3-158958054,S3-105040280,S3-157536942	True
S1-330459042		False
S1-530697068	S2-463940633,S3-556975630	True
S1-46539464	S2-130520892,S2-873064394,S3-395294220	True
S1-124608617	S2-697825234,S2-975493485,S2-136260309	True
S1-351528953		False
S1-479105840		False
S1-905412228	S2-403647780,S2-544212607,S2-533796724,S3-767277742	True
S1-5150492		False
S1-884203550		False
S1-800107593	S2-966700400,S2-982199581,S3-966154033,S3-509567109	True
S1-993372683		False
S1-741562859	S3-162400055,S3-952598505	True
S1-372202462	S2-90517545,S2-877384040,S3-228627707,S3-868823192	True
S1-306953607		False
S1-445278652		False
S1-453392934	S2-668591811,S3-272930418	True
S1-663527810		False
S1-829232030	S2-977379150,S2-279818808,S3-208174508,S3-704571264,S3-741308937	True
S1-190408051		False
S1-242774741	S3-719117143,S3-279687124,S3-100029380,S3-174010416	True
S1-183298288	S2-847803562,S2-570529027,S3-913397478	True
S1-674549209		False
S1-575020003		False
S1-886426079	S2-789419268,S2-728143758,S3-810436708,S3-576706868	True
S1-754471657	S2-598799357,S3-930001570,S3-669029495,S3-56420854	True
S1-40359313	S2-656394275,S2-89929750,S3-141969376,S3-54376498	True
S1-60081028	S2-660383882,S3-865097346,S3-293992978	True
S1-802311646		False
S1-78336794		False
S1-732501196	S2-113160273,S2-769658423,S3-6927574,S3-579841195	True
S1-104178891	S2-248860006,S2-166010145,S2-815848279,S2-78995903,S3-3927289,S3-173476511	True
S1-81287371	S2-749439228,S2-355675103,S2-132570397,S3-136782683,S3-210400783	True
S1-545604360		False
S1-9654951		False
S1-90340734	S2-285329478,S3-450356025,S3-293148893	True
S1-552718156	S2-441446307,S2-227417325,S2-161111129,S3-457297923,S3-505500368,S3-324714437	True
S1-848964724		False
S1-246711138		False
S1-931497261		False
S1-128091078		False
S1-364988819	S3-31529267,S3-542688266,S3-246507004,S3-573761628	True
S1-327876527	S2-43419625,S2-392579595,S3-741621376	True
S1-571489181	S2-678710448,S3-867993672,S3-378741363	True
S1-786078299		False
S1-634998159	S2-594836172,S2-878665861,S2-356337798,S2-536933435,S3-300794847,S3-542803489,S3-714077873,S3-486236972	True
S1-428393568		False
S1-858630252	S2-449243291,S2-181096502,S2-488020145,S3-708982912,S3-510293353	True
S1-89231195	S2-83003356,S2-487836603,S3-456918923,S3-463767239	True
S1-263500571	S2-196436667,S3-948960353,S3-616366957,S3-561494131	True
S1-813564668	S2-840144506,S2-261212696,S3-64324081,S3-358701473,S3-625096044,S3-822158259	True
S1-187567809		False
S1-771895236	S2-871111998,S3-719735782,S3-361126837	True
S1-752295480	S2-303776237,S2-893263575,S3-952202973	True
S1-470624040		False
S1-834786859		False
S1-555428862	S2-943798183,S2-368110875,S3-268512526,S3-779755361,S3-993704179	True
S1-553367393	S2-533028298,S3-923135100,S3-904778295	True
S1-753616321		False
S1-401256308		False
S1-670617226	S2-33413316,S2-937755435,S3-531376116	True
S1-779104259		False
S1-195058539		False
S1-190373367		False
S1-221429627	S2-791856572,S2-665432545,S2-552593074,S3-993061896,S3-292797392	True
S1-798857186	S2-732541059,S2-123386704,S2-860381598,S3-141948547,S3-888202193	True
S1-344771207	S2-786011244,S2-513120002,S3-193592635,S3-831457270	True
S1-760179030	S2-79664373,S3-62604187,S3-218834849	True
S1-392807136		False
S1-51845148	S2-444663398,S2-44921962,S3-996559458,S3-647738131,S3-384184244	True
S1-256843589		False
S1-191990301		False
S1-157095963	S2-704744552,S2-105618216	True
S1-938830142	S2-619549844,S2-471223723	True
S1-638828002		False
S1-359692230		False
S1-779057943		False
S1-786365079		False
S1-533695083		False
S1-202547293	S2-570888384	True
S1-589388435		False
S1-998058521	S2-664253712,S2-223609884,S3-600085004,S3-237782153,S3-544724554	True
S1-126837855	S2-718288021,S2-657549075	True
S1-553477995		False
S1-288527958		False
S1-325521368		False
S1-461681360		False
S1-757994061	S2-453497750,S2-121253507,S3-290883209,S3-368483499	True
S1-515673613	S3-662092782,S3-114311520	True
S1-695501748		False
S1-268666733	S2-671313377,S3-242374374,S3-388281322,S3-226775336	True
S1-855903809	S2-526297468,S2-171701013,S2-785953095,S2-963435609,S3-815662665,S3-631643494	True
S1-36363083	S2-809478463,S3-813347118,S3-489795705,S3-520058996,S3-184460015	True
S1-966898554	S2-78654808,S2-89642410,S2-30743050,S3-966628937	True
S1-621716373	S2-187151421,S2-744811300,S3-531152363,S3-148996386,S3-695612567	True
S1-170297853	S2-146904426,S2-659912958,S2-165858778,S3-160028545	True
S1-234207005		False
S1-488435514	S2-30572180,S2-981063342,S2-78568105,S3-449908210	True
S1-438207585	S2-554023747,S2-155931098,S3-184160805	True
S1-30516467		False
S1-327400740	S2-723945634,S3-837979450	True
S1-846545134	S2-183954079,S2-982103164,S3-131402502	True
S1-144195754	S2-525651860,S2-230463681,S3-785825924,S3-980350877,S3-51011709	True
S1-465772056		False
S1-660628232	S2-137691685,S3-926674476,S3-337952987	True
S1-90196253	S2-273021908,S3-671109847,S3-621773393,S3-163427114,S3-975066354,S3-262762450	True
S1-774055064	S2-348674717,S3-60189044,S3-339676633	True
S1-532765935	S2-174109880,S2-267486036,S2-589485612,S3-774167144,S3-251605916,S3-418355322,S3-329905320,S3-69219756	True
S1-391826920	S3-154696724,S3-739749777	True
S1-742335296	S3-627290175	True
S1-957703091		False
S1-48206309		False
S1-885691902		False
S1-722310739		False
S1-174993948	S2-118234830,S2-922429820,S2-947072346,S3-265821755,S3-912115664,S3-157913414	True
S1-617035420	S2-632139991,S2-802711702,S3-592094952,S3-952068693	True
S1-352928643	S2-53391389,S2-131722971,S3-2631580	True
S1-136132512		False
S1-5504116	S2-128811418,S2-316645738,S3-817588602	True
S1-539041933		False
S1-616826023		False
S1-809333128		False
S1-710458629		False
S1-316941609		False
S1-724009989	S2-441121243,S3-807065133,S3-104403237,S3-447662932	True
S1-712675321		False
S1-280442741	S3-578179457	True
S1-671805774		False
S1-214338946	S2-33779624,S2-840903526,S3-62886652,S3-553600496	True
S1-679043410		False
S1-170675158	S2-233356887,S2-390372872,S3-263848416	True
S1-170173446	S2-94159185,S2-389141260,S3-427260613,S3-420855877	True
S1-725171575		False
S1-277807607		False
S1-290635557	S3-297512469,S3-774030989	True
S1-884519146	S2-74371291,S2-374196679,S3-531222598	True
S1-362105950	S2-764094367,S2-292296583,S3-105950602	True
S1-740436102	S2-835622369,S3-948478879,S3-408799755	True
S1-67199735		False
S1-688584939		False
S1-497819854	S2-527293959,S3-995149631,S3-724482502,S3-574557667	True
S1-175530033	S2-989124132,S2-32075729,S2-91494882,S3-138227385,S3-675423089	True
S1-420765285	S2-741761962,S2-123070487,S3-383101061,S3-469193661,S3-12224064	True
S1-145718293	S3-667597414	True
S1-33599059		False
S1-521582527		False
S1-564849089		False
S1-987504936		False
S1-572215983		False
S1-930500517		False
S1-545629004	S2-744861330	True
S1-247779824		False
S1-172522793	S2-218133829,S3-728754137	True
S1-172265210	S2-271870913,S3-28546522,S3-882414645,S3-693171627,S3-271015231	True
S1-44802957	S2-26945394,S2-173023456,S2-861517308,S3-695909684	True
S1-738945750	S2-424797014,S3-371269256	True
S1-254374647		False
S1-120929063	S3-109050694	True
S1-818463555		False
S1-820664836	S2-517880598,S2-312051465,S3-167987807	True
S1-770650929		False
S1-161394690	S2-951744507,S3-559656078,S3-243919024	True
S1-51133827		False
S1-189441349	S2-861826995,S2-584606093,S3-763477288	True
S1-949863864	S2-234160149,S3-796079770,S3-816477757	True
S1-746227799	S2-233823193,S2-194128886,S3-667625627,S3-17279814	True
S1-457180413	S2-243531495,S2-524665260,S2-405281611,S2-720457495,S3-931880712,S3-524857744	True
S1-858580388		False
S1-356677730	S2-489379764,S3-915375916	True
S1-222015747	S2-881440481,S2-96978275,S2-744643263,S3-998127284,S3-401422979,S3-701624714	True
S1-590028309	S2-470348472,S2-602995399,S2-669095801,S3-784141140	True
S1-621942634	S2-605852007,S3-170041576,S3-803257980,S3-65820244,S3-842043371	True
S1-951711147		False
S1-258540903		False
S1-706835251		False
S1-677003048	S2-412193148,S2-319635614,S3-746844366	True
S1-903891759	S2-651630322,S3-689302484,S3-501866837,S3-973857935	True
S1-922900999	S3-109363371,S3-455420704	True
S1-769014386	S2-58195536,S3-893590042,S3-158188567	True
S1-400347562	S2-837653055,S3-950399174,S3-54650732,S3-338349280	True
S1-119133448		False
S1-899513490		False
S1-999761656		False
S1-2404837		False
S1-709383660	S2-717054575,S2-765077126,S2-193804801,S3-555398372,S3-569019308,S3-987965765	True
S1-30578468	S2-182242948,S3-573782729,S3-404862058,S3-850110950,S3-53839676	True
S1-660730917	S2-384012681,S2-154748223,S3-288888425,S3-570323735,S3-471311114	True
S1-13112035		False
S1-479609657		False
S1-343753962	S2-452617537,S2-617437093,S3-603349524,S3-97380368	True
S1-274638129	S2-138299393,S2-457225978,S3-121960588,S3-440191213	True
S1-295105613	S2-458817669,S3-525762775,S3-22672325	True
S1-481774713		False
S1-402370252		False
S1-829657294		False
S1-690510786	S2-880766558,S3-778297754,S3-806686173,S3-592080140	True
S1-407804973		False
S1-911427199		False
S1-750097159		False
S1-628275328		False
S1-975334545		False
S1-810455715		False
S1-17209242	S2-98119646,S3-727789904	True
S1-880751239		False
S1-275456847	S2-382408508,S2-633231610,S2-383867571,S2-807107127,S3-197691491	True
S1-411464630	S2-694890518,S2-832724089,S2-929222091,S3-543075408	True
S1-84936665	S2-57218471,S2-83788716,S3-989887131	True
S1-523227388	S2-756180157,S3-353825467,S3-98784224	True
S1-324560012	S2-866292423,S2-756835732,S3-179898965	True
S1-90981876	S2-45272748,S2-221626152,S2-412489444,S3-778191149	True
S1-314832019	S2-848229753,S2-606551829,S2-260027833,S2-763103753,S3-446371041,S3-972578283	True
S1-804863885		False
S1-789543558	S2-304129132,S3-720866807	True
S1-940311663	S2-122459768,S2-542164611,S3-921762422,S3-401187799	True
S1-554735951		False
S1-957999658	S2-3777278,S2-231820423,S3-2388109,S3-752032512	True
S1-379805120		False
S1-757770501	S2-302657402,S2-470346306,S2-858127249,S2-501285153,S2-578788546	True
S1-433441784	S2-577267648,S2-453069829,S3-514158032,S3-413042961	True
S1-80957829		False
S1-877913395	S2-81755616,S2-213028638,S2-601826929,S2-398869660,S3-621173056,S3-883349486,S3-151956713	True
S1-916450252		False
S1-680990	S2-227013046,S2-631059994,S2-962321919,S2-456191949,S3-444533913,S3-330458583,S3-474680105	True
S1-812912413	S2-532469597,S3-570692637,S3-877539788	True
S1-345639526		False
S1-385667514	S2-831954452,S2-253935416,S3-933129697,S3-984270290	True
S1-418436456	S2-266468642,S3-652549306	True
S1-612694683	S2-959021864,S2-604504115,S3-261159488,S3-146776579,S3-269333752	True
S1-487803275	S2-944309995,S2-763306787,S2-273552807,S2-657788600	True
S1-84569416	S2-557734274,S2-780146335,S3-981360022,S3-313595690	True
S1-760372441	S2-519400309,S2-538700592,S3-126345168	True
S1-378378524	S2-697011588,S2-574474537,S3-622950175	True
S1-357051410		False
S1-254120360		False
S1-988857514		False
S1-31164025		False
S1-405347418	S2-963677385,S3-408016190,S3-62432318	True
S1-500431913	S3-533992637,S3-862150487,S3-18952418,S3-282468441	True
S1-647584358		False
S1-839282158	S2-519790973,S2-715270435,S3-408045661,S3-81099284	True
S1-161202093		False
S1-175178433		False
S1-728279293	S2-545849374,S2-606247146,S2-611066492,S3-997977564	True
S1-128787188	S2-675327901,S3-77325514,S3-565672514,S3-378261459,S3-333690193	True
S1-174685542	S2-755865555,S3-893453957,S3-967044201	True
S1-964757650	S2-595106716,S2-646175724,S3-315771209,S3-87552260	True
S1-996457991		False
S1-101731055	S2-112042730,S2-360808701,S2-721873564,S2-22705346,S3-311756009	True
S1-712751214		False
S1-778717210	S2-786366267,S3-585018257	True
S1-761770143		False
S1-311173369	S2-726866937,S3-430008242,S3-356037151,S3-767318441	True
S1-93314094	S2-659353362,S2-183477361,S3-465826580,S3-925121654,S3-746097716	True
S1-507873913	S3-898089421	True
S1-843610717	S2-460915551,S3-629578985	True
S1-890848959		False
S1-2756886	S2-505297928	True
S1-517258499		False
S1-159210448		False
S1-53930361		False
S1-705228882	S2-286406958,S3-808039510	True
S1-334104090	S3-941863127,S3-508608216	True
S1-57419591	S2-681637020,S2-718613889,S2-753845945,S2-46380070,S2-337014222	True
S1-942506348	S2-914513829,S2-342639993,S3-538855180	True
S1-490292781		False
S1-63126751		False
S1-798306645		False
S1-815247627	S2-376452206,S2-17254521,S2-297215024,S3-195241304	True
S1-908245330		False
S1-214865586	S2-121085987,S3-600108695	True
S1-506449670	S2-123309350,S3-15760741,S3-338748115,S3-302273848	True
S1-604719109		False
S1-830552709		False
S1-817930088		False
S1-454922804		False
S1-149657579		False
S1-392437261	S2-575086801,S3-682067859,S3-376952264	True
S1-431840041	S3-603426162	True
S1-480473825		False
S1-219076552		False
S1-354694807	S2-446061125,S2-585729634,S2-745283676,S3-585871428	True
S1-599655555	S3-802941738,S3-494187225,S3-943088328	True
S1-454901089		False
S1-919183356		False
S1-977645959	S2-475214550,S2-283016117,S2-368004018,S2-918235442,S3-369289048	True
S1-555847910		False
S1-3094403		False
S1-964319387		False
S1-725707422	S2-506251526,S2-221100365,S3-421783795	True
S1-519453542	S2-417853852,S2-330846055,S3-241620446,S3-238701426	True
S1-836692590		False
S1-713822336	S2-685319684,S3-296117765,S3-818831313	True
S1-349764244	S2-919243804,S3-813002806,S3-486620063,S3-919368117,S3-20739055	True
S1-814443680	S2-246318936,S3-396832602,S3-840993671,S3-887680414,S3-664443864,S3-186826086	True
S1-483352123	S2-433521294,S3-620359397	True
S1-844601499	S2-364131473,S3-232622441,S3-265538815	True
S1-696782485	S2-758742465,S2-560636499,S3-967768499,S3-354989665	True
S1-517886146	S2-786979921,S2-374534103,S2-41375761,S3-769336972	True
S1-677185505	S2-998743698,S3-802812632,S3-305006968,S3-35660151	True
S1-859908976	S2-531809681,S2-824128677,S3-745550829	True
S1-927583764		False
S1-784361401		False
S1-975802095	S3-150208693,S3-806210077,S3-734114754	True
S1-448297103		False
S1-24092650		False
S1-789480917	S2-667115933,S2-621737971,S2-346060866,S3-967389997,S3-399608798	True
S1-647036188		False
S1-556933597		False
S1-25046107		False
S1-597660110	S2-561688963,S3-316038148,S3-266891155	True
S1-274589324	S2-128322662,S2-302953788,S3-599586695,S3-286376140,S3-497838023	True
S1-865974287	S2-502142097,S2-674528374,S2-298176077,S2-470325592,S3-404386522,S3-653495375,S3-987663327,S3-789983785,S3-681112641,S3-199494711	True
S1-168440536	S2-844565875,S2-759146951,S3-353904359,S3-272457415	True
S1-828305181	S2-839308386,S3-452701539,S3-105933869,S3-151946654	True
S1-484942984	S3-193838110	True
S1-386927728		False
S1-158216732		False
S1-301466188	S2-225502378,S3-861301534	True
S1-194403632		False
S1-301042193		False
S1-266153077		False
S1-971150154		False
S1-343483539		False
S1-533775994		False
S1-948111212		False
S1-673484784		False
S1-20407263	S2-251226658,S3-467009540	True
S1-236372172		False
S1-979229548	S2-924006121,S3-167937123	True
S1-724062211		False
S1-663542013	S2-120828449,S3-219949385	True
S1-133434156		False
S1-652948885	S2-960945951,S3-646598557	True
S1-818138153		False
S1-541888074	S2-21334540,S3-977303736	True
S1-555639590		False
S1-391233040		False
S1-822262902	S2-335914498,S3-174805374,S3-951044146,S3-351377156	True
S1-455103565		False
S1-515628826		False
S1-491312466		False
S1-867894325		False
S1-722911792	S2-60280084,S2-4536925,S3-547117225	True
S1-294627429		False
S1-458138989	S3-407726452,S3-937622185	True
S1-836558251	S2-864288269,S3-682697437,S3-493683191,S3-796751449,S3-964258450,S3-475588813	True
S1-41221055	S2-764985403,S2-692783380,S3-932275373,S3-115078228	True
S1-821995799		False
S1-707199951	S2-652558777,S3-159922530,S3-34142604,S3-986711746,S3-222526773	True
S1-119257617	S2-985760967,S3-578139322,S3-37649878	True
S1-196758515		False
S1-651860364		False
S1-109111530	S2-639703670,S2-17933004,S2-787316831,S3-598576084,S3-460286247,S3-893117107,S3-707384770	True
S1-691846482	S2-97686851,S2-816420882,S3-185537325	True
S1-48034462		False
S1-84370103		False
S1-52715790		False
S1-107319276		False
S1-848723654		False
S1-116884478	S2-232518191,S2-122843279,S3-850837722	True
S1-865572036	S2-709434713,S3-760969728,S3-398072482	True
S1-499321815		False
S1-453584344	S2-928388617,S2-758418840,S2-445539264,S3-92399184,S3-926803962,S3-493942001	True
S1-726123045		False
S1-187510325	S2-41713878,S3-714659876,S3-961553432,S3-569775428	True
S1-665325091		False
S1-433832625	S2-925174646,S3-696557391,S3-316314779,S3-420166082	True
S1-666851836		False
S1-764121399		False
S1-660754892		False
S1-877305684		False
S1-229626618		False
S1-609194182		False
S1-152096815	S3-411631197,S3-124363739	True
S1-698162585	S3-195847879	True
S1-358128412	S2-516758445,S2-316816054,S3-282764094,S3-647854731	True
S1-947093157	S3-978420504,S3-609776431	True
S1-600401226	S2-687898412,S3-506547410,S3-71375770,S3-696985918,S3-232640583	True
S1-762971286		False
S1-728607340	S2-306638920,S2-594608078	True
S1-462721860		False
S1-415213349		False
S1-271257227	S2-883980557,S3-134719981	True
S1-557345983		False
S1-254110720	S2-910042512,S3-510176725,S3-867873270,S3-444692868	True
S1-380011979		False
S1-753809547		False
S1-494012093		False
S1-51792615		False
S1-227690025	S2-216306881,S3-779743544	True
S1-251185641		False
S1-617740581		False
S1-30173444		False
S1-36102586	S2-243595557,S3-909491444,S3-491394765	True
S1-548282063	S2-480487095,S2-304628376,S3-592187409,S3-103205076	True
S1-627385634		False
S1-777600544	S2-717434544	True
S1-451859700		False
S1-707966738		False
S1-698511418		False
S1-202824224		False
S1-278060011		False
S1-7929404	S2-274685163,S2-751988254,S3-758466706	True
S1-800102328	S2-109769580,S2-988049710,S2-563481440,S3-262499689	True
S1-731377261	S2-339450739,S2-396179846,S3-349872111,S3-479601397	True
S1-90111948	S2-672819316,S3-242095226,S3-856278818,S3-663726539	True
S1-128945794	S2-315635698,S3-358593347	True
S1-554848542	S2-242359929,S3-94479810,S3-451853067	True
S1-617681397		False
S1-861422873		False
S1-739352075	S2-395507660,S2-262827471,S2-901860179,S3-781018703	True
S1-279238895		False
S1-97248421	S2-436786012,S2-983759722,S3-607615812,S3-307756768,S3-516628512	True
S1-598335397	S2-72517202,S3-966313947,S3-767370213	True
S1-400289485	S2-664365206,S3-543472806,S3-339717694	True
S1-910445943	S2-402952210,S2-416914555	True
S1-679944738		False
S1-840696526	S2-480676683,S3-669775320,S3-579322453,S3-944671707,S3-932191092	True
S1-751295948	S2-4996819,S3-147465491	True
S1-920300852		False
S1-746503296	S2-75954657,S2-395138936,S2-530146933,S2-315227039,S3-740400243,S3-953636098	True
S1-179348515		False
S1-633472919	S2-354406809,S3-952804400,S3-815823670,S3-69718184	True
S1-426512103	S2-202064465,S3-149283792,S3-558255572	True
S1-591652578	S2-191658804,S2-22148810,S3-834691965,S3-216092882	True
S1-36605965	S2-698212344,S3-604309710	True
S1-832792101		False
S1-219026280	S2-691864978,S2-498356929,S2-721640857,S3-991319652,S3-365417373,S3-488717773	True
S1-583758678	S2-182878950,S2-538835410,S3-971543739,S3-797920273	True
S1-453526070	S3-944286597,S3-981106319	True
S1-287585751	S2-458171689,S2-242454130,S3-356734578,S3-982205038,S3-111300473	True
S1-157218776		False
S1-290269504		False
S1-210718217		False
S1-667454477		False
S1-141415293	S2-381840796,S3-299680232	True
S1-474340405		False
S1-402411994		False
S1-86394879	S2-852358617,S2-189416873,S2-57828406,S2-202181644,S3-723132156,S3-457166117,S3-615043627	True
S1-152479166	S2-18119089,S3-620612205,S3-541500512,S3-786725631	True
S1-723592932	S2-16533827,S2-953463291,S2-636200617,S3-502162848,S3-752891745	True
S1-468167821		False
S1-131946440		False
S1-980896315	S2-822920167,S2-734708465,S3-356095927,S3-742521029,S3-724930707,S3-826051004	True
S1-967537043		False
S1-482710334	S2-420491026,S2-246449308,S3-112775295	True
S1-827221820	S2-729431047,S2-210342459,S3-63723119,S3-595355606,S3-639463136,S3-242295827	True
S1-3967416		False
S1-929933953		False
S1-444522191	S2-422937568,S2-174219079,S2-835233329,S2-238925439,S3-620746425,S3-755606482,S3-296840027	True
S1-847131364		False
S1-109978059		False
S1-563331777		False
S1-88540781	S3-766142530,S3-893952486	True
S1-234025213		False
S1-933407219	S2-844122504,S2-635141930,S2-536181970,S2-227977154,S2-429616200	True
S1-41064733	S2-963953611,S2-498382293,S3-365855515,S3-210175952	True
S1-449702108	S2-159037736,S3-638549281	True
S1-185206588		False
S1-335791126		False
S1-105253854	S2-625723991,S2-73404040,S3-621369231,S3-428585155	True
S1-84402690	S2-433198663,S2-522690049,S2-480084201	True
S1-260045012		False
S1-696348631	S2-668366052,S2-901029489,S2-134602711,S3-480915973,S3-8776922,S3-463004813	True
S1-936875196		False
S1-889190251	S2-225417787,S2-465621838,S2-552478515,S2-163206289,S3-970488802	True
S1-869858353		False
S1-646746017	S2-349914317,S3-298829985	True
S1-210858318		False
S1-297923989		False
S1-183114260		False
S1-82184030	S2-289240304,S3-156162452	True
S1-810731604	S2-287014214,S3-197322192	True
S1-215746015		False
S1-653640229		False
S1-841845582	S2-269194417,S2-977671009,S2-986793254,S3-664698166,S3-529331007,S3-976931316	True
S1-281396514	S2-830643878,S2-414923736,S3-8286551,S3-13673454,S3-274346589	True
S1-577614316	S3-333459138	True
S1-729903728	S2-236471904,S3-943789835,S3-942747443	True
S1-965974952	S2-82720615,S3-443155153,S3-223761710,S3-652213119	True
S1-840381240		False
S1-410416143	S2-983435295,S2-741676460,S3-93378198	True
S1-386877560		False
S1-233603250	S2-588000089,S2-761535110,S3-173613489	True
S1-862385944	S2-388154026,S3-32102108,S3-939500385	True
S1-578392184		False
S1-678930189	S3-375319450,S3-800559652	True
S1-554004316		False
S1-113427706	S2-335351654,S3-156317494,S3-398577017,S3-666258462	True
S1-331364179		False
S1-681668060		False
S1-368853214		False
S1-913431220	S2-346006933,S3-391421467	True
S1-555015982		False
S1-982868931		False
S1-321813434	S2-77954568,S2-305709684,S2-579475912,S2-835577641,S3-339384145	True
S1-712276248	S2-884894274,S2-350364529,S3-197974852	True
S1-888859165		False
S1-60741985		False
S1-372874187		False
S1-548163297		False
S1-786584845		False
S1-976060922	S2-637982698,S2-444393356,S3-322319524	True
S1-279455949		False
S1-656370061		False
S1-476028752		False
S1-995161831		False
S1-282355444	S2-460612017,S2-219975420,S3-918280258	True
S1-893441088	S2-727532545,S2-36942207,S3-293716826,S3-544844852,S3-341573471	True
S1-707351173		False
S1-287235221		False
S1-148358632		False
S1-46611529		False
S1-758958688		False
S1-378809418	S2-332326645,S3-313944511,S3-254395746	True
S1-237990037	S2-572636508,S3-560424295,S3-521435591,S3-496376923	True
S1-997965522		False
S1-247551059		False
S1-966082803		False
S1-664223456		False
S1-549953617		False
S1-50894676	S2-606353192,S2-155779687,S3-8365365,S3-34452535,S3-307554264	True
S1-233159826	S3-865037240	True
S1-279448902	S2-402412803,S2-817614300,S2-770457043,S3-174331595	True
S1-842619988		False
S1-215025687		False
S1-550167716	S3-772651773,S3-641248560	True
S1-298765744		False
S1-565200850	S2-950368308,S2-113838916,S3-602383662,S3-79148819,S3-123814002	True
S1-223062723		False
S1-316277514		False
S1-332421807		False
S1-486680623		False
S1-639255277		False
S1-29678640		False
S1-766082576	S2-483250401,S2-409525634,S3-459949707,S3-228709501,S3-790001240	True
S1-497797871		False
S1-760380340		False
S1-733438511	S2-628188742,S2-595660830,S3-404330775,S3-579925847,S3-957925684	True
S1-464404030	S3-313477110	True
S1-254940054	S2-784222318,S3-530967289	True
S1-660122467	S2-63535687,S2-927637319	True
S1-413863601	S2-880273007,S2-992424983,S2-811863885,S3-989023187	True
S1-719187117		False
S1-352686843	S2-596177615,S2-868228640,S3-951883118,S3-910585008	True
S1-21073144	S2-234513074,S2-101474159,S3-571115240,S3-773860101,S3-492019457	True
S1-97205518		False
S1-70883184	S2-155668978,S3-762730681,S3-382356009	True
S1-464174787		False
S1-775564140	S2-926150148,S2-299477096,S3-359311729	True
S1-72470146		False
S1-921037597		False
S1-161308592		False
S1-50449601	S2-757922597,S2-196482450,S3-217182509,S3-212282822	True
S1-490510917	S2-808020335,S2-110551045,S2-947707947,S3-672479229	True
S1-882163125		False
S1-670992004	S2-55673000,S2-713036076,S3-77537933,S3-325893086,S3-504202722	True
S1-394682017	S2-196004649,S2-526479001,S3-848081331,S3-210309892,S3-554242799	True
S1-15318745		False
S1-987995866	S2-892510778,S2-712916255,S2-37506692,S3-140796845,S3-864573184	True
S1-382370238		False
S1-59959446		False
S1-717731991		False
S1-734737932	S2-460148935,S2-24490613,S3-131069210,S3-209893270,S3-898836783	True
S1-73552627	S2-746407706,S3-473893401,S3-525620891	True
S1-438821613	S3-472946691,S3-631253706	True
S1-889136261		False
S1-467729853		False
S1-777600735		False
S1-165132341	S2-946592429,S2-682964171,S3-890170013,S3-441127973,S3-911811484	True
S1-901968349		False
S1-748163895		False
S1-743846249		False
S1-452514113	S2-199129301,S2-935400182	True
S1-986063201	S2-355344307,S2-992413990,S3-279166735	True
S1-872436093	S2-985355622,S2-939795428,S2-197943554,S3-369085960	True
S1-439769544		False
S1-404979409		False
S1-144556401	S2-891253193,S2-144635066,S2-424761008,S2-929273514,S3-275909214,S3-376525830,S3-795979112,S3-976864111	True
S1-284362389		False
S1-637423038	S2-959766303,S2-48318570,S2-684862531,S3-780806072	True
S1-208394671	S2-465039070,S2-288187378,S3-857817934,S3-578221214,S3-344803052	True
S1-370989717	S2-985888069,S2-888974065,S2-482557236,S3-217681317	True
S1-7617212		False
S1-125378800	S2-102543866,S2-133078736,S3-861702576	True
S1-203352809		False
S1-817601410		False
S1-546052655		False
S1-99464168	S2-846928291,S2-171919351	True
S1-722527461		False
S1-40522401		False
S1-892521688		False
S1-346706931	S2-110199935,S2-642751377,S2-141428601,S3-72670303,S3-23065241	True
S1-307213713		False
S1-458040604		False
S1-196988760	S3-544528989,S3-394323621	True
S1-191512939		False
S1-960381034	S2-801424714,S3-181509873,S3-53179590	True
S1-158668840	S2-894470958,S2-146726598,S2-866681878,S3-101741248,S3-504582687	True
S1-382753073		False
S1-777063806	S2-808259557,S2-442405007,S3-551109507,S3-389852030	True
S1-197237334		False
S1-899505301	S2-104559620,S2-746776978,S3-269226073,S3-447343111	True
S1-563006017	S2-50881960,S2-305039315,S3-662102541	True
S1-379621211		False
S1-483937067		False
S1-451716029	S2-997880255,S2-988701011,S2-90535972,S3-824297089	True
S1-909172854	S2-205216247,S2-493299093	True
S1-453388474		False
S1-177460323		False
S1-837826101		False
S1-99695731		False
S1-361057598	S2-808504402,S3-670773512,S3-288761399,S3-529910250,S3-150224350	True
S1-936828730		False
S1-9065069	S2-313813233,S3-328924110	True
S1-305853684	S3-182239319,S3-60427414,S3-358865591,S3-635138512	True
S1-565158084		False
S1-668749109	S2-728171485,S3-117814978,S3-184463883	True
S1-434456193	S2-288074345,S2-491797669,S3-943342249,S3-291856498,S3-598461195,S3-490367538	True
S1-565144314		False
S1-759387152	S2-400321808,S2-262171467,S3-829468146,S3-129971315	True
S1-468546374		False
S1-892618568	S2-567723953,S3-641064030	True
S1-76819476	S2-384391501,S2-696336674,S3-700987440	True
S1-29097093		False
S1-818837256		False
S1-994663805		False
S1-106967728	S2-469965801,S2-942634480,S3-298278657,S3-329329498	True
S1-424527163		False
S1-204880101		False
S1-68594327		False
S1-236968683		False
S1-131887023		False
S1-53450141		False
S1-572657354	S2-942775492,S2-718035269,S3-442236773	True
S1-633715245		False
S1-44227623		False
S1-877566665		False
S1-524614578	S2-469338567,S3-34549399,S3-607532099	True
S1-328370665	S2-373917944,S2-894175206,S3-978103270,S3-20175557,S3-331982236	True
S1-704658508		False
S1-135216208		False
S1-298176452	S2-343671411,S3-6526351,S3-760334	True
S1-91070781	S3-70257729	True
S1-977941336		False
S1-496642318		False
S1-686424198	S2-157575855,S3-336004349,S3-571704504,S3-56206911	True
S1-982385268		False
S1-111541126	S2-164166086,S3-375246850,S3-443809581,S3-173418865	True
S1-563011526	S3-266466753	True
S1-673426985	S2-457950735,S3-625067538,S3-74278936	True
S1-327670625	S2-746329615,S3-762151714,S3-598756206	True
S1-623243632		False
S1-420912289	S2-172380749,S2-720450504,S2-695559021,S3-157598997,S3-761081381,S3-127773028	True
S1-531230705		False
S1-232166636	S2-369695667,S2-186414490,S3-674706076	True
S1-606469119	S3-816215363,S3-163439949	True
S1-76941736	S2-535445343,S3-386557063,S3-881767197	True
S1-647053134	S2-639728557,S2-770362375,S2-419869564,S2-21104579,S2-522274510,S3-374871628	True
S1-36431557		False
S1-634052795		False
S1-185136182		False
S1-168669095		False
S1-515606768	S2-829591482,S2-829530385,S3-522408870	True
S1-50172955		False
S1-756662711	S2-28447342,S3-424985162,S3-516457737,S3-606515792	True
S1-545964329		False
S1-810973197		False
S1-348306621	S2-24663879,S2-180307928,S3-476860206,S3-264417892	True
S1-482958461		False
S1-925180202		False
S1-150242463		False
S1-360734307	S2-418606900,S2-318712964,S3-868674557,S3-180999915,S3-968890201	True
S1-600726547		False
S1-973778171	S2-554375448,S3-622697858,S3-426302056,S3-688519526,S3-850222256	True
S1-548263843	S2-232346311,S2-541432242,S3-551007211,S3-693820016,S3-502382224	True
S1-546491449		False
S1-170506228	S2-945962435,S2-31197736,S2-974331552	True
S1-635831896	S2-698733399,S2-791470445,S3-244274847,S3-846370019,S3-317845106	True
S1-923533493	S3-657441821	True
S1-412133918		False
S1-814258776		False
S1-445822209	S2-82955109,S2-928365456,S3-136830931	True
S1-992639501	S2-92585946,S2-876593058,S2-125244762,S3-676025061	True
S1-532569194		False
S1-146482013	S2-395971875,S2-910493323,S3-854271095	True
S1-177669122	S2-436763530,S3-785645002,S3-789633012	True
S1-369923387	S2-379991352,S2-372448527,S2-755439775,S3-282920220	True
S1-964141920		False
S1-526263396	S2-109931951,S2-176688990,S2-342670639,S3-375507189,S3-934269876,S3-277389492,S3-883589728	True
S1-530456976	S2-669752890,S3-636554216,S3-70870465,S3-433108517	True
S1-152419534	S2-150841372,S2-64249554,S3-485153563	True
S1-997927518		False
S1-812406139	S2-723587426,S2-901776102,S2-908112828,S2-217799568	True
S1-419804347	S2-874225671,S2-191206200,S3-863201291,S3-92409198,S3-7557563	True
S1-996564786	S2-818246807,S3-572848496,S3-443012836	True
S1-933061443	S2-381053994,S2-516868821,S3-784502103,S3-295132642,S3-275529010	True
S1-679161541	S2-585340770,S3-621805137,S3-638475310	True
S1-321215704		False
S1-29245471		False
S1-506296494	S2-344747224,S2-190293459,S2-757441199,S3-260394381,S3-447056389,S3-162225999,S3-95636313	True
S1-809373481	S2-6506538,S3-642874278,S3-964250080,S3-170748834	True
S1-620751899		False
S1-764542399	S2-530727950,S2-494218216,S3-513351401	True
S1-93472365	S2-622326230,S2-494449443,S3-302294737	True
S1-203855893	S2-497919937,S2-56950866,S3-555821632	True
S1-772164134	S2-589099189,S3-664782113	True
S1-190947749		False
S1-331331936		False
S1-146525165		False
S1-207701488	S3-514210097,S3-328593615,S3-370799404	True
S1-199500983		False
S1-918574839	S2-47113843,S2-73386902,S3-609450360,S3-787386132	True
S1-377184819		False
S1-795723258	S2-317186086,S3-23093188,S3-465671751,S3-189853799	True
S1-35496274		False
S1-552397279	S2-353924350,S2-3536391,S2-966244896,S3-499951413	True
S1-800373452		False
S1-464619658		False
S1-459473188	S3-307685239,S3-951394252	True
S1-62925160		False
S1-862191861	S2-221078386,S3-283631168,S3-38425004	True
S1-803857917		False
S1-448317591		False
S1-894352782		False
S1-951588152		False
S1-581639102	S2-517705423,S2-936215856,S3-647656976	True
S1-531997169	S2-463677691,S3-438219404	True
S1-701427391		False
S1-636218415	S2-350524199,S2-174872872,S3-285063670,S3-409715882,S3-586243382,S3-778478393	True
S1-591249307		False
S1-600270133	S2-782905697,S3-607192068,S3-589675798,S3-459826408,S3-19089375	True
S1-5288044		False
S1-986336076		False
S1-780763913	S2-633910602,S2-548126204,S3-425280998,S3-741026071	True
S1-164293865	S2-257137529,S2-709060921,S3-393527816,S3-579028985,S3-412844223	True
S1-684873833	S2-406274509,S2-43435992,S3-898710610	True
S1-152469506	S2-301956158	True
S1-91158122	S2-125557190,S3-313895169,S3-922100010	True
S1-412082833		False
S1-623418279	S2-77357289,S3-522950832,S3-34732217	True
S1-315483002		False
S1-479838997	S2-998770796	True
S1-262535931	S2-618004247,S3-495792259,S3-348939562,S3-945609908	True
S1-156568565		False
S1-412277257	S2-764275595,S2-401752593,S3-685287267	True
S1-66988370		False
S1-797231867	S2-198264387,S2-311342199,S2-441176400,S3-175053985,S3-766243461	True
S1-594983379		False
S1-506325972	S2-263215400,S2-674413284,S3-306791985	True
S1-321101027		False
S1-788528975	S2-649784790,S3-527639958	True
S1-784782787		False
S1-566320356		False
S1-992282833		False
S1-380749401		False
S1-149008473		False
S1-407726925	S2-490946837,S3-527664578,S3-61697312	True
S1-726227327	S2-398916615,S2-924587205,S3-291839446	True
S1-549153595		False
S1-191227116		False
S1-600081932		False
S1-382956250		False
S1-226795748	S2-641298012,S2-24476261,S3-895653701,S3-169868093,S3-990136910	True
S1-342623999		False
S1-622898550	S2-425082242,S2-389978275,S3-134686200,S3-257997305	True
S1-450719352		False
S1-472197481		False
S1-641346292	S3-738186260,S3-953930213,S3-727956035	True
S1-584395361	S2-851876001,S3-542266498,S3-674468214	True
S1-848056922		False
S1-718860650		False
S1-999134620		False
S1-769907521	S2-161049329,S3-383780777,S3-101519687	True
S1-729615059		False
S1-389385536		False
S1-81442533		False
S1-76841040	S2-225507919,S2-71466122,S3-93969917	True
S1-404803689		False
S1-354079129	S2-261906586,S3-728675572,S3-815353374,S3-125068953	True
S1-253997227	S2-925984443,S2-533685720,S2-483620251,S3-767272164,S3-645788578,S3-866023981	True
S1-776368033		False
S1-443189179		False
S1-469017436	S2-637957300,S2-516201053,S3-828295894	True
S1-710489112	S3-789565054	True
S1-330011131		False
S1-633483185		False
S1-823165492		False
S1-504478435	S2-773979123,S2-580461724,S3-811339819	True
S1-578503006	S2-777067735,S2-407270006,S2-401888287,S3-214694627,S3-61953702	True
S1-393158072		False
S1-295882522		False
S1-261558912	S2-605024739,S3-69091075	True
S1-457187380	S2-696346236,S2-437409209,S3-175982686	True
S1-882553141	S2-24876533,S2-546120424,S3-112551234,S3-123201723	True
S1-58082016		False
S1-335655182		False
S1-610704937	S2-519128253,S2-256413877,S3-673122683,S3-995665157	True
S1-476747831	S2-566273320,S2-474961201,S2-855266685,S2-206955359,S3-235844260	True
S1-564243552	S2-317072724,S2-819394953,S2-535120940,S3-257973727,S3-215812044	True
S1-899376994		False
S1-971269719	S2-494101218,S2-992632389,S2-180130891,S3-231676357,S3-691564305	True
S1-449599315		False
S1-999974700		False
S1-721938919		False
S1-404980856		False
S1-921679746		False
S1-230963482		False
S1-439537233		False
S1-28212376		False
S1-220740192		False
S1-871023763		False
S1-677998800	S2-520620501,S3-668522854,S3-17996441,S3-654884067,S3-202094162	True
S1-549313701	S2-755882328,S2-501999188,S3-523413648	True
S1-772819200	S2-824191832,S3-928335520,S3-889604039	True
S1-605772442	S2-887617819,S2-596028493,S2-922595648,S3-813240929,S3-9701682	True
S1-128746334	S2-563878545	True
S1-619846480	S2-676590835,S3-649238500	True
S1-264492156	S2-908702058,S2-505234018,S3-169679468,S3-554681806	True
S1-183266735		False
S1-882616434		False
S1-377586743	S2-672604880,S3-439857222,S3-595360468,S3-171702374,S3-208591563	True
S1-195533534		False
S1-311796371		False
S1-573740127		False
S1-930783541		False
S1-721705125		False
S1-791985194		False
S1-582419384	S2-977633184,S3-131805332	True
S1-617476281	S2-137252383,S3-801075346	True
S1-827748618		False
S1-285080999	S2-12206177,S3-229844999	True
S1-578212256		False
S1-925432626		False
S1-117309530	S2-747477309	True
S1-22127554	S3-717612343	True
S1-574035123		False
S1-721363610		False
S1-231883379	S2-678644849,S3-134962756	True
S1-771689511		False
S1-546932259		False
S1-202173657	S2-278405063,S2-847390260,S3-164451879	True
S1-828149631		False
S1-845318192	S2-583726040,S3-961224627	True
S1-263783211		False
S1-662845551		False
S1-378548839	S2-351368638,S3-165082542	True
S1-963799090	S2-790256734,S3-286717737,S3-603396672,S3-263069004	True
S1-919419702		False
S1-696950922		False
S1-815868754		False
S1-693112012		False
S1-53756091		False
S1-396333001		False
S1-696829390		False
S1-802265808	S3-743210916,S3-880028603,S3-606104629,S3-774791964	True
S1-969367882		False
S1-220418632	S2-645768513,S3-924428245	True
S1-879501266		False
S1-693954189	S2-637023665,S3-882285843,S3-621315756	True
S1-534686701	S2-192732487,S2-554630458,S3-725401573,S3-807292379	True
S1-322526303	S2-496867414,S2-552049620,S3-296344590,S3-872590700,S3-399059700,S3-790663326	True
S1-929737784		False
S1-512089426	S2-739316144,S2-672731953,S3-106867684,S3-560570581,S3-537989455	True
S1-562979071		False
S1-530158085		False
S1-148684916		False
S1-320094808	S2-185799356,S2-667242748,S2-697162660,S3-866493265	True
S1-233371954	S2-417859667,S2-993714387,S3-207540298	True
S1-57609751	S2-815548862,S3-281564988,S3-717909629	True
S1-566411007	S2-246619944,S3-528742074	True
S1-723741018	S2-530947510,S3-677879189	True
S1-161011076	S2-571191529,S3-146541004	True
S1-241626245		False
S1-152071958	S2-285688365,S2-223415650,S3-338147966,S3-503716654	True
S1-93317730		False
S1-253096527	S2-51321744,S3-157196470,S3-767540100,S3-922198732	True
S1-451070401	S2-706720417,S3-380177433,S3-709694925	True
S1-58165657		False
S1-943558208		False
S1-350321536		False
S1-673201174		False
S1-491748554	S2-129967,S2-123731253,S3-20507691,S3-888400632	True
S1-787936533		False
S1-196842580		False
S1-340973352	S2-423113328,S3-286533670	True
S1-822519851		False
S1-911870605		False
S1-292907954	S2-579065855,S2-33541573,S3-766809974,S3-179174886,S3-545588718	True
S1-367745446	S2-787115326,S3-354791091,S3-53901193,S3-254394597	True
S1-142741365	S2-727024497,S2-369359431,S2-834748793,S2-567903361,S2-397101166,S3-25039995,S3-778225152,S3-305809127	True
S1-499397411	S2-878547472,S3-112481447	True
S1-383418617		False
S1-23084245		False
S1-626538703		False
S1-569861168	S2-807810539,S2-786973589,S3-213352769,S3-259641645	True
S1-475736330	S2-600139824,S2-823159528,S3-667928743,S3-882074458	True
S1-280250267		False
S1-697695204	S2-388157601,S2-660180404,S3-37416199	True
S1-223001938		False
S1-437099931	S2-710697127,S2-99462490,S2-6272416,S3-282007381,S3-700516702,S3-457528546,S3-805841438	True
S1-980572589	S2-137799476,S3-732506373,S3-904129490	True
S1-636979721		False
S1-115456387	S2-222248954,S3-475021469	True
S1-284047221	S2-953325357	True
S1-318402825		False
S1-216606183		False
S1-270305271		False
S1-719309143	S2-781271004,S2-757222895,S3-634468111,S3-190307628	True
S1-349544461	S2-74214221,S2-823623068,S3-907829074,S3-139316344	True
S1-96059108	S2-501842624,S3-208331571,S3-267681309	True
S1-874141651	S2-319812029,S2-864144540,S2-105249678,S3-738029978,S3-893407469,S3-834406884	True
S1-549399263	S2-45939679,S2-306099701,S3-307255261,S3-160187614	True
S1-142017381	S2-733766930,S2-6237177,S2-906560694,S3-906457490,S3-281527174	True
S1-456983616	S2-869342691,S2-975301346,S3-849874214,S3-860192917,S3-172593311	True
S1-545488979		False
S1-940329056		False
S1-815240957	S3-834709131,S3-287419736	True
S1-699268053	S2-253769018,S3-91604112,S3-971853774	True
S1-366250065		False
S1-921448190		False
S1-943374645		False
S1-665894566	S2-108661341,S3-758881647	True
S1-317740023	S2-596438645,S2-95526781,S3-904211220,S3-384652455	True
S1-111469725		False
S1-388055458		False
S1-978506910		False
S1-270672705	S2-134153920,S2-823138365,S3-208911658	True
S1-320826023		False
S1-40131438	S2-757395335,S3-924187226,S3-696176311,S3-65809239	True
S1-550504905		False
S1-5092342		False
S1-326314584		False
S1-840297264	S2-236513268,S2-69863603,S3-384692361,S3-993833333	True
S1-926600601		False
S1-475757543	S2-341767182,S2-375267200,S2-372625550,S2-665402680,S3-483363258	True
S1-485085513		False
S1-199338693		False
S1-266580506	S2-122156717,S2-180445437,S3-974527347,S3-467562830	True
S1-98917078	S2-959708764,S3-300988210,S3-322309077,S3-147830735	True
S1-135434952	S3-97226593,S3-437664337	True
S1-913308604		False
S1-963595074	S2-720341598,S3-285869658,S3-956585467,S3-104021447	True
S1-856826513		False
S1-745876607		False
S1-700344600		False
S1-788282928		False
S1-412828763		False
S1-790426642		False
S1-110582039		False
S1-502873347		False
S1-650148844		False
S1-73166373		False
S1-315869320	S2-410014477,S3-635315954	True
S1-27659293	S2-691414234,S3-469412054,S3-411144460,S3-837939287	True
S1-508525029		False
S1-460799911		False
S1-773588379		False
S1-478381316	S3-495101862,S3-916999123	True
S1-814403955		False
S1-548466260		False
S1-583703911	S2-239265271,S3-212581722,S3-174597649	True
S1-472949380	S2-765672805,S3-501298786	True
S1-40872251		False
S1-897746226		False
S1-403009261	S2-556842985	True
S1-733663395		False
S1-210917800		False
S1-622201979		False
S1-291217936		False
S1-417788320		False
S1-737690842		False
S1-108239401	S2-161072711,S3-368473430,S3-413366200	True
S1-266299125		False
S1-465144956		False
S1-41369043		False
S1-22539839	S2-747492625,S2-117825218,S3-4484684,S3-964724771	True
S1-241521490		False
S1-767739912	S2-837388628,S2-385508257	True
S1-543613699	S2-168205786,S3-46855589,S3-108919612	True
S1-593147254		False
S1-393192690	S2-883841657,S3-538279774,S3-469938698	True
S1-569077057	S2-681438223,S3-240748872	True
S1-436117909		False
S1-397803555		False
S1-579615982		False
S1-903943393	S3-142629177,S3-97110363	True
S1-560067271	S2-372094628,S2-161581917,S2-627329322,S2-550156840,S2-260212236,S3-896998692,S3-731951296,S3-170628174	True
S1-843758092		False
S1-47191255		False
S1-662187132		False
S1-250835217	S2-275941044,S3-477791147,S3-746456417,S3-187926451,S3-170713481	True
S1-91754913	S2-759940766,S3-787780621,S3-620152248	True
S1-680407020	S2-95525694,S3-279778394,S3-111002623	True
S1-318355990	S2-990000655,S3-478966911,S3-326449861,S3-717389340	True
S1-474054647	S2-85276014,S3-646742854,S3-124952713	True
S1-914269642		False
S1-857785464		False
S1-816591298	S2-515203853,S3-892346545,S3-847232122	True
S1-554796850		False
S1-100856175	S2-820960063,S2-913732048,S2-115453397,S2-460990644,S3-366243779	True
S1-884232036		False
S1-288379784	S2-968125056,S3-163910244,S3-913596118,S3-848803954	True
S1-265351675	S3-702972249	True
S1-51728533	S2-502810258,S3-793679662,S3-784737555,S3-634678451,S3-37161310	True
S1-676165676		False
S1-524951667	S2-779458363,S2-491109593,S2-768196280,S2-492054931,S3-874158445,S3-583145400	True
S1-288131171		False
S1-838944250	S2-399699037,S2-314597601,S2-910122880,S3-493732164,S3-519262499	True
S1-134946989	S2-562238360,S2-176439008,S3-976055271,S3-725688505	True
S1-971917392	S2-496317206	True
S1-172395623	S2-352127759,S3-421387292	True
S1-17340513	S2-415152031,S3-117761364,S3-557576907	True
S1-97433237	S2-944571244,S2-102890575,S3-437393061,S3-328401020,S3-494875227	True
S1-243734683	S2-651922735,S2-546201243,S3-58060770,S3-613920146,S3-138928699	True
S1-493677394	S2-75841006,S2-27124788,S3-390724144,S3-22483758	True
S1-768185666		False
S1-326393456		False
S1-927559048		False
S1-9136852		False
S1-641183877	S2-73129256,S2-609037758,S3-127728933	True
S1-502050855		False
S1-375461711	S2-891393752,S2-934482689,S3-236285418,S3-950542175,S3-359366538,S3-839603230	True
S1-487473692		False
S1-750865093	S2-634308703,S3-214770773,S3-3709764	True
S1-335899412		False
S1-333137552		False
S1-475613581		False
S1-503139978		False
S1-582786580		False
S1-236175887		False
S1-873107516	S2-86005537,S2-111976350,S2-804324519,S3-36673237	True
S1-107320267		False
S1-868433793		False
S1-938386187		False
S1-346301804		False
S1-750293		False
S1-837358150		False
S1-823133433	S2-179068943,S2-472092536,S2-721646755,S3-498951795,S3-209737718,S3-188619192	True
S1-255814503	S2-343019412,S3-478847628,S3-42543729	True
S1-391894698	S2-652897388,S3-603024339,S3-202187059,S3-98888731	True
S1-174654865	S3-326706710	True
S1-52363860		False
S1-845411489		False
S1-22829347	S2-452828353,S3-393115185	True
S1-608838229	S2-855364896,S3-406956134,S3-193329923	True
S1-120346240	S2-751723599,S3-932234414	True
S1-261785144		False
S1-654438029		False
S1-127987934	S3-207483975,S3-894661312,S3-771062637	True
S1-346292244		False
S1-232114356	S3-401951460,S3-839296860,S3-946384078,S3-550718709	True
S1-22517470	S2-836334426,S2-419568584,S2-26254303,S2-686233147,S3-273567979,S3-640561196	True
S1-716830677	S2-50229230,S2-497702552,S2-864183411,S3-559870750,S3-232722634	True
S1-877701918	S2-929728606,S2-640410132,S2-56939551,S3-208368827,S3-128828739,S3-489792674	True
S1-282140396		False
S1-624012718		False
S1-716423914		False
S1-487890071	S2-295652623	True
S1-915797705		False
S1-559318495	S3-426522682,S3-905810469	True
S1-342438310	S2-873382918,S3-740120376,S3-896157492	True
S1-843887918		False
S1-831366322		False
S1-343764333		False
S1-372677974		False
S1-350908848	S2-578376469,S2-641074014,S3-496274866,S3-936536316,S3-835583086	True
S1-141837717	S2-335244122,S2-55557273,S2-481497993,S3-573166037	True
S1-25716348		False
S1-668090439		False
S1-305091684	S2-476757182,S2-565688688,S3-309780327	True
S1-139669986	S2-770259491,S2-694846697	True
S1-253285629		False
S1-513043374		False
S1-127623666	S2-485522299,S3-35100258	True
S1-949681350		False
S1-59647166	S3-438350147,S3-442885159,S3-457660753,S3-474044784,S3-279821466	True
S1-848692108	S2-286563808,S3-385537449,S3-480901200,S3-966679210	True
S1-942284490	S2-740891495,S2-137215095,S2-429507917,S3-114801259,S3-70988623	True
S1-646354580		False
S1-342661237		False
S1-939084350		False
S1-614619559		False
S1-727622835	S2-793586168,S2-694907157	True
S1-63421755	S2-866744196,S3-830645407	True
S1-167945972		False
S1-997307189		False
S1-389633595		False
S1-922502576	S2-729890294	True
S1-730013330		False
S1-667531154	S3-677530127,S3-998718143	True
S1-182414787	S2-936382012,S2-317456367,S3-588283079	True
S1-670582539	S2-620942230,S3-350698277,S3-660124164	True
S1-431995033	S2-686971443,S2-614226353,S3-490241953,S3-524504092,S3-47453554	True
S1-670614990		False
S1-263845525		False
S1-271530382		False
S1-745933602		False
S1-377718893	S2-696625015,S2-371202087,S2-489501944,S3-403505604,S3-105293644	True
S1-210667853		False
S1-378083682	S2-412140723,S2-8274245,S3-565485097	True
S1-311171736		False
S1-720970754		False
S1-41642418	S2-199067205,S3-683111927,S3-964492759,S3-114972683,S3-925399355	True
S1-849095120		False
S1-139490873		False
S1-156157084	S2-331768510,S3-710187560,S3-594296500	True
S1-190355353	S2-621138979,S3-465676891,S3-220532295	True
S1-294132572		False
S1-553317978		False
S1-139084882		False
S1-120452192		False
S1-789030439		False
S1-408333263		False
S1-517154036		False
S1-587898494		False
S1-773455067	S2-104501671,S2-751222724,S3-981611659,S3-445501020	True
S1-656143388	S2-972653677,S2-44519819,S3-902849850,S3-209444416	True
S1-222010327		False
S1-762735098	S2-375879738,S2-894695610,S3-258895294,S3-704864422,S3-67833275	True
S1-395810584	S2-662178607,S2-72008980,S3-825658165	True
S1-314659117	S2-586667049,S2-795722341,S2-385113634,S2-757241576,S3-958393543,S3-363964671	True
S1-284243358	S2-361734210,S2-352488125,S3-133635061	True
S1-371853383		False
S1-854616871	S2-613900275,S2-18772327,S3-937692752,S3-940236689	True
S1-949046367		False
S1-611879147	S2-411382944,S3-698769451,S3-498112880,S3-698168611,S3-552561120	True
S1-728508144		False
S1-968990588	S2-500372278,S2-322641801,S3-853546319,S3-311572004,S3-363589018,S3-6844788	True
S1-779322591	S2-543456749,S3-589027952	True
S1-664167660	S2-190898416,S2-311787688,S3-944464738,S3-412711326	True
S1-894547060	S2-967258024,S2-490091658,S3-243433290	True
S1-387161872	S2-767065272,S2-798542,S3-820521603,S3-851261054,S3-226275869	True
S1-925421991		False
S1-526468269		False
S1-544238037		False
S1-65659116		False
S1-905617772		False
S1-194227639	S2-758176493,S2-821682117,S3-783355429	True
S1-612406854	S2-98570952,S2-178794267,S3-167910127	True
S1-413056387		False
S1-863092007	S2-788298188,S2-294596490,S2-910587914,S3-368783074,S3-902130482,S3-548750985	True
S1-189032539	S2-335815386,S3-384432081	True
S1-570287011	S2-811434038,S2-876862757,S3-652762805,S3-663285364,S3-847804900	True
S1-62194738	S2-438101401,S2-32232406,S3-868654544	True
S1-912801446		False
S1-803643713	S2-899100222,S3-295738633	True
S1-49839950		False
S1-937073022		False
S1-433435720	S2-641091107,S2-678026837,S2-863278771	True
S1-106094704		False
S1-793340799	S2-373780885,S2-198511219,S2-106454603,S3-801220184	True
S1-301509870		False
S1-648027988		False
S1-910493508	S2-525303424,S2-775995448,S2-435462361,S3-975725432	True
S1-634987894	S2-262328648,S2-391740361,S2-90896398,S3-514021058,S3-159400371	True
S1-91183598		False
S1-87016744		False
S1-214533884		False
S1-41164709	S2-549320589,S3-781413235,S3-517748692,S3-936875747,S3-592028002	True
S1-33895357	S2-977588250,S2-808516009,S2-370119097	True
S1-83842829	S2-397979809,S2-920681450,S2-800781495,S3-567621303	True
S1-220037303		False
S1-861801379		False
S1-171307725		False
S1-809216225	S2-546978533,S3-646051345	True
S1-435925190		False
S1-301263448	S2-623751823,S3-937173434	True
S1-51907975		False
S1-3150261	S2-776654655,S2-14222191,S2-472430031,S3-627539383,S3-822117918	True
S1-428665115	S2-96565081,S3-802988500,S3-740393049,S3-73661842,S3-622439070	True
S1-255526741		False
S1-818509538		False
S1-559768485		False
S1-561394153	S2-61653613,S3-943595621	True
S1-248948317		False
S1-591529330		False
S1-309331377		False
S1-913419243	S2-982653158,S2-184801643,S3-86472971	True
S1-31240389		False
S1-863346624	S2-882801260,S3-570800576,S3-585396091	True
S1-607555110		False
S1-40625321	S2-865833556,S3-927950070,S3-346507299	True
S1-557535664		False
S1-362745890	S2-983688914,S3-650922988	True
S1-756686444	S2-358486235,S3-605973688,S3-599590146	True
S1-30630859	S2-729654030,S2-410829330,S3-38453013	True
S1-644748814	S2-457332481,S2-109183911,S3-535822188,S3-824364582,S3-891917879,S3-719069035	True
S1-79954268		False
S1-820904136		False
S1-141627058		False
S1-392814786	S2-928167208,S2-598018448,S3-846447646	True
S1-304726902		False
S1-482454508		False
S1-228828110	S2-885087654,S2-34864733,S2-114762290,S3-693157163	True
S1-921433743		False
S1-117420352		False
S1-411441107		False
S1-36128748		False
S1-304414687	S2-855556190,S2-30996914,S2-83040599,S2-147730119,S3-525066710	True
S1-839483568		False
S1-601366184	S3-933937056,S3-127492787	True
S1-554188703	S3-129672838	True
S1-387977406		False
S1-681920433	S2-236076553,S3-103806757,S3-950870082,S3-289091778	True
S1-647633252		False
S1-437378669		False
S1-343112864	S2-436913278,S3-406452791,S3-209446937,S3-396582933,S3-546326372	True
S1-635589469		False
S1-39352311		False
S1-740395017	S2-206778346,S2-584926522,S3-695026230,S3-872391800,S3-331991331	True
S1-39536413	S2-832057601,S3-875606694	True
S1-27047449	S2-21623635,S2-78498127,S3-847826970,S3-944328202,S3-423896394	True
S1-580125939	S2-382493035,S2-981597436,S2-697664730,S3-332488098	True
S1-536029686	S2-951758647,S3-537917478	True
S1-42171965		False
S1-318664269		False
S1-73607540		False
S1-159490281		False
S1-581789460	S2-193570980,S3-145280205	True
S1-493576622		False
S1-352491762		False
S1-3878486	S2-97545082,S2-758529254,S3-413339527	True
S1-673043144	S2-654416029,S2-759731134,S3-38239184,S3-161972687	True
S1-850390736		False
S1-243564658		False
S1-379408895		False
S1-413522953	S2-940729350,S2-230857857,S2-351811098,S2-790801004,S3-822044335	True
S1-103506653	S2-649242803,S2-738687067,S3-20777948,S3-532935941,S3-302304241	True
S1-457144572		False
S1-682690974		False
S1-880506797	S2-723644009,S3-597675089,S3-352623080	True
S1-307605109	S2-61915872,S3-83061551,S3-53409983	True
S1-206382137		False
S1-273883882		False
S1-954335319	S3-672663563,S3-198456510	True
S1-331105810	S2-185800398,S3-380634945,S3-302518458	True
S1-759914886	S2-773615213,S3-521872776,S3-736435523,S3-547473310	True
S1-10575991		False
S1-932568223	S2-717201459,S2-710225574,S2-773868576	True
S1-134317494	S2-71252148,S2-490527455,S2-489521643,S3-145251305,S3-138976077	True
S1-734685128		False
S1-362716990	S2-438378278,S2-34492531,S2-739077738,S3-299321950,S3-235669558	True
S1-2854036		False
S1-443436606	S2-686577942,S2-633278975,S2-742973465,S3-40855510,S3-309778955,S3-285045484	True
S1-784921417		False
S1-124642163		False
S1-800054770		False
S1-7546324	S2-543890559,S2-704059612,S2-40946342,S3-620408043,S3-192168140,S3-539986230	True
S1-244306312		False
S1-484016390		False
S1-831486815		False
S1-414286742	S2-964158925,S2-69554048,S3-267433673,S3-186226579	True
S1-980743935		False
S1-830033717		False
S1-259136214		False
S1-117185441	S2-755049961,S2-406835815,S3-844743657,S3-303913418,S3-467386751	True
S1-34397184		False
S1-732243326		False
S1-263967694	S2-720363976,S2-878161566,S3-51045000,S3-91544498,S3-652240158	True
S1-861625140	S2-542329514,S3-745447871,S3-993150349	True
S1-962624411		False
S1-702156688		False
S1-462307756		False
S1-535595932	S2-901893225,S2-500286270,S3-928299934,S3-539190105,S3-98007657	True
S1-276970863		False
S1-417179772		False
S1-549196414	S2-531359237	True
S1-611959383	S3-752469398	True
S1-734995788		False
S1-266619611		False
S1-858432543	S2-631207289,S2-933931220,S2-955845060,S3-817977069,S3-688297904,S3-873343120,S3-411099515	True
S1-462208076		False
S1-136870495		False
S1-922838302	S2-425507985	True
S1-342641951		False
S1-316757065	S3-253511289,S3-253792495	True
S1-869830628		False
S1-741188367		False
S1-750068849		False
S1-204081903	S2-808129300,S2-775357095,S2-118689798,S3-248206009	True
S1-145457653	S2-812859563,S3-231776227	True
S1-257044638		False
S1-213736318	S2-918732951,S2-864324765,S3-878753335	True
S1-260451915		False
S1-551413041	S2-275798676,S2-509020688,S3-337350834,S3-999609933	True
S1-107663620	S2-385432199,S2-797958132,S3-933245459	True
S1-626767170		False
S1-417325498	S2-53191375,S2-281582080,S3-571773129,S3-997029547,S3-574343288,S3-958944477	True
S1-315280106	S2-891081954,S3-334913151	True
S1-876107269		False
S1-130512839		False
S1-703678042		False
S1-530752634		False
S1-454913019	S2-261105922,S2-490990075,S3-864340369,S3-83927158,S3-817251903,S3-297258558	True
S1-955499679		False
S1-990652897		False
S1-781890806	S2-721773255,S2-540682923,S3-439972150	True
S1-925811467	S2-677615092,S2-826570061,S3-438759807,S3-991653601,S3-322965731	True
S1-559954837	S2-375217266,S2-348536947,S3-465224511,S3-398479176,S3-99163806	True
S1-995191535	S2-197112115,S3-326742511,S3-982197095	True
S1-293791959	S2-908711366,S2-421227,S3-580310831,S3-395171964	True
S1-271359528		False
S1-425812091	S2-791403801,S2-930637146,S3-89333166	True
S1-539359992	S2-886688395,S3-784599083	True
S1-690165262	S2-450982554,S2-10620572,S3-968163906,S3-107202196	True
S1-985977769		False
S1-644173694		False
S1-572904940		False
S1-672613030	S2-298788789,S2-216158272,S2-230751565,S2-549972374,S3-278599230	True
S1-399906482		False
S1-215580397	S2-694435909,S2-944594485,S2-929196458,S3-366331766,S3-244776544	True
S1-209532034		False
S1-19767262	S2-646684717,S3-911293158,S3-650944130	True
S1-975478613		False
S1-840500041		False
S1-811061881		False
S1-629425205	S2-591031300,S3-667555005,S3-129736610,S3-467777629	True
S1-66806246	S2-70104083,S2-24607347,S3-467673407	True
S1-726431070		False
S1-636210805	S2-648758374,S3-221483247,S3-42614795,S3-583802780,S3-549693147	True
S1-336216932	S2-593609750,S2-585507162,S3-177493771,S3-822724931,S3-312505659	True
S1-33441365	S2-957287215,S3-271477678	True
S1-121255766		False
S1-747007001		False
S1-969253659	S2-606685968,S2-734051890,S3-512951954,S3-756557339	True
S1-972529913	S2-64221294,S2-77771484,S3-644488982	True
S1-936451511	S2-441736532,S3-431541462,S3-152760759,S3-320775959	True
S1-804716789	S2-719883642,S3-940119118,S3-62953669	True
S1-42337296	S2-197481300,S2-447663202,S2-804188484,S3-52853577,S3-22576512,S3-970442030	True
S1-883938039	S2-66288712,S3-651755933,S3-717679003,S3-101947876	True
S1-565064561		False
S1-692975415	S2-304050657,S3-169649601	True
S1-326238516	S2-851197557,S3-189143095	True
S1-631242163	S2-392459103,S2-110363842,S3-545000854,S3-849853128	True
S1-441918676	S2-561731617,S3-57081199	True
S1-430374276		False
S1-755807065	S2-39698180,S2-599730470,S3-60380338	True
S1-723504115	S2-887967018,S3-901046723	True
S1-454859185		False
S1-391449498		False
S1-690517716		False
S1-379358074	S2-602818601,S3-70743632,S3-221210795,S3-642265588,S3-783548564	True
S1-683973040	S2-395623836,S2-714066958,S3-923349392,S3-271051285,S3-932005757	True
S1-881939796	S2-804621331,S2-382384968,S3-45696163,S3-662162053,S3-517210277,S3-44034506	True
S1-696480064	S2-268241836,S2-413015196,S3-488142412	True
S1-692816505	S2-494983617,S3-608071621	True
S1-526981221		False
S1-79800740	S2-737676608,S3-661965902,S3-356609253,S3-752005775	True
S1-447967106		False
S1-697279394		False
S1-168919787	S2-159906997,S2-115338239,S3-974209962,S3-759202917	True
S1-685956877	S2-990696192,S2-820073921,S2-442006977,S3-4484809,S3-279412297,S3-194201671	True
S1-519919691	S2-186247880,S2-225590014,S3-353153748,S3-193540762	True
S1-532161504	S2-317765062,S2-826702176,S2-772076981,S3-708034100,S3-511045795	True
S1-46810908	S2-269193681,S2-888563631,S3-787039431,S3-127292082,S3-23725543	True
S1-157160180		False
S1-890796977		False
S1-692465175		False
S1-814185474		False
S1-392613239	S2-262014675,S2-542162485,S2-832786240,S3-60481874,S3-823902334,S3-316574631,S3-95886681	True
S1-166083992		False
S1-449796689	S2-572804484,S2-813878136,S2-369344752,S3-996830246,S3-685371982	True
S1-83358087	S2-842943975,S3-188449402,S3-831878249,S3-564464808	True
S1-895752570		False
S1-630595555	S2-300301834,S2-269563114,S3-202639030,S3-811100454,S3-680748617	True
S1-590219589	S2-309992790,S3-287398465,S3-111665508,S3-758093479	True
S1-365579325	S2-602120041,S2-877201832,S3-509478670	True
S1-80396195	S2-860482125,S2-351672507,S3-212893599	True
S1-992898301		False
S1-135473454		False
S1-841666248		False
S1-847329108	S2-641619369,S2-216507793,S2-520547254	True
S1-452306160	S2-241130808,S2-630662107	True
S1-204693574	S2-4712811,S2-821306566,S3-538099147,S3-88357125	True
S1-14307826	S2-683544634,S2-429922451,S2-253883922,S3-955239664,S3-409257432	True
S1-447428779	S2-453740834,S3-942626122	True
S1-700081000	S2-909904285,S3-56653877,S3-228835299	True
S1-189190094	S2-282820207,S2-870755138,S2-903970765,S3-618835448,S3-587880490	True
S1-868024345	S2-131802441,S2-729727099,S3-553847297,S3-110439560	True
S1-71158930		False
S1-755773442	S2-651842132,S2-716730814,S3-689337907,S3-785996661,S3-181483021	True
S1-846311049	S2-508301107,S2-294019402,S2-18326428,S3-56018739,S3-407850182,S3-840286416	True
S1-506618936		False
S1-971314228	S2-576766693,S2-439410345,S2-412597903,S3-765560267,S3-261089360,S3-43727474	True
S1-283542840	S2-720439723,S3-350387869,S3-581009351,S3-87987021	True
S1-316517729	S2-579569864,S2-744652790,S3-579888068,S3-318943531,S3-591593794	True
S1-80097900	S2-255352561,S3-747598586,S3-956645973,S3-755324885,S3-740488586	True
S1-13433614		False
S1-50263836		False
S1-367517418		False
S1-47596828		False
S1-516759445		False
S1-504513116	S2-362086186,S2-350221713,S3-818035349,S3-14961852	True
S1-453028450	S2-477490456,S3-332788271,S3-254868274,S3-434514782	True
S1-744141583		False
S1-519384014		False
S1-15135632		False
S1-149377596	S2-404496498,S3-638205216	True
S1-656842800	S2-18078610,S2-725041526,S2-664010950,S3-265527010,S3-29395918,S3-518803981,S3-246853993	True
S1-783093352		False
S1-369933186		False
S1-511135713	S2-861102065,S3-209353295,S3-554909782	True
S1-886121154		False
S1-164344309		False
S1-697554300		False
S1-822561846		False
S1-684525848		False
S1-345288202		False
S1-482045298	S2-435013905,S2-495837675,S3-604168008	True
S1-438677991		False
S1-228180387	S2-574082029,S3-188066294	True
S1-635308460	S2-738170375,S3-690791819	True
S1-798412639	S2-588447663,S2-158080482,S2-67609598,S3-261152683,S3-639955945,S3-873414132	True
S1-170672364	S2-134643406,S2-209830713,S2-191352024,S3-608441405,S3-433277228	True
S1-431461291		False
S1-377217012	S2-206004281,S2-709216704,S3-239305071	True
S1-346708069	S2-597027010,S2-892821866,S3-674645410,S3-84152005	True
S1-392065780	S2-308136952,S2-891712448,S3-739132293,S3-103273808	True
S1-549438249		False
S1-688936229		False
S1-95694248	S2-964715533,S2-27125005,S2-423808589,S3-566370373,S3-875317220	True
S1-224311676		False
S1-559055050		False
S1-835895424	S2-536201441,S2-254838180,S3-602329443	True
S1-647656154		False
S1-310365665		False
S1-711991895	S2-916770859,S2-351244060,S3-903081338	True
S1-887040900		False
S1-189446081	S2-668526856,S3-135613411,S3-657593283	True
S1-99735911	S2-489124803,S2-472158324,S2-965308216,S3-266549232,S3-952364332	True
S1-837050095		False
S1-907730291	S2-778418055,S3-260994052	True
S1-94008147		False
S1-766003816	S2-60963055,S3-163404952,S3-906687606	True
S1-658377345		False
S1-861218289	S2-953608632,S3-37541522	True
S1-201849693		False
S1-789338421	S2-375522947,S2-423527498,S3-604910194,S3-597122802	True
S1-495486275	S3-500810582,S3-91972014	True
S1-217837447	S2-995448386,S2-373921344,S2-187831307,S3-309490379	True
S1-769969893	S2-159539487,S2-947934722,S2-563003030,S3-328547919	True
S1-881569845		False
S1-248027991		False
S1-193332581		False
S1-932113041	S2-707570880,S2-11805686,S3-326592140	True
S1-327696492		False
S1-678104146	S2-260555332,S2-540930220,S3-686366615,S3-939272964,S3-528941228	True
S1-307756511		False
S1-387567750	S2-47114855,S3-492645200,S3-950877831,S3-679051231	True
S1-192033397		False
S1-519528685	S2-829887621,S2-73213013,S2-159550874,S2-456129010,S3-417751502,S3-454910501,S3-605259124,S3-970590766	True
S1-431739812		False
S1-645785396		False
S1-210768817	S2-198807049,S2-302227750,S3-147622811	True
S1-534998354	S2-198438394,S2-52503647,S3-22701144	True
S1-460254948	S2-211738381	True
S1-162558117	S2-539164952,S2-845855427,S2-793885801,S3-898362327,S3-691938642	True
S1-888203575		False
S1-745980822	S2-281813829,S3-338635653	True
S1-151340874	S2-868740769,S3-126694574,S3-238147879	True
S1-394634951		False
S1-227485997		False
S1-425309401	S2-649980187,S2-703514078,S2-327746149,S3-144436832	True
S1-551777693	S3-548865599,S3-977694846,S3-117358487	True
S1-876403605		False
S1-542292448		False
S1-367911078	S2-667385838,S2-538238921,S3-924015760	True
S1-692611929	S2-197527773,S2-551371755	True
S1-781027295		False
S1-105558617	S2-306921661,S2-563882432,S3-372046766	True
S1-962967298	S2-91519904,S3-711338564	True
S1-404636254		False
S1-660407507	S2-739860367,S2-541014869,S2-249777730,S3-332227772	True
S1-993524495		False
S1-652181796		False
S1-8117579		False
S1-522964169	S2-370069560,S3-526683776	True
S1-798898958	S2-218052340,S3-656115571,S3-364339575,S3-266011318	True
S1-265115618	S2-139788805,S2-450767938,S2-479002892,S2-528787997,S3-72885717,S3-821730824	True
S1-534520629	S2-99907670,S2-289320905,S3-419041406,S3-280704634,S3-755347311,S3-815210333	True
S1-316142070	S2-293341451,S3-810798970	True
S1-874344328		False
S1-102235841		False
S1-3484298		False
S1-163407093	S2-845554409,S2-49775071,S3-655214047,S3-572758333,S3-522339942,S3-647993489	True
S1-938546297	S2-334022264,S2-517042232,S2-893083628,S3-736682777,S3-490632974,S3-321714671	True
S1-256343640	S2-220469337	True
S1-339867314	S3-498115423	True
S1-331398170	S2-53874072,S2-539595049,S3-257469141,S3-830977464,S3-258319086,S3-572419324	True
S1-456848630	S2-867596295,S2-474034180	True
S1-466700312	S2-493922457,S2-393806135,S3-32320183,S3-741597377	True
S1-207549476	S2-637064527,S2-622535681,S3-272807618	True
S1-443586238	S2-509914231,S2-322178807,S2-556561011,S2-447794369,S3-331979684,S3-209213501	True
S1-290726985	S2-640276614,S3-11060965,S3-180802493,S3-756439421	True
S1-74721911	S2-278402238,S2-955237218,S3-823052122,S3-201494741	True
S1-23805434	S2-573151633,S2-374198799,S2-700140841,S3-896339170,S3-695471073	True
S1-246039974		False
S1-735656042		False
S1-600872526		False
S1-475868697		False
S1-543447532		False
S1-896683607		False
S1-71201664	S2-839876125,S3-169626981,S3-974464312	True
S1-435618841		False
S1-867119856	S3-492762931,S3-272395268,S3-554867876,S3-33239850	True
S1-687532967		False
S1-347008113	S2-913103550,S2-150935570,S2-111523644,S2-54485592,S3-554439936	True
S1-599669394	S3-576236924,S3-471130814,S3-622649738	True
S1-331499162	S2-397796337,S2-252035242,S3-206234589	True
S1-60012707		False
S1-607580525	S2-916682836,S2-457834003,S2-558888564,S3-797404175,S3-927622056	True
S1-325576902	S2-539119759,S3-320509754,S3-837461545	True
S1-135442197	S2-763067984,S2-684693249,S2-40407978,S3-814607345,S3-478814507	True
S1-759690720		False
S1-548414536	S2-844247253,S3-895868526,S3-791888126	True
S1-164601651	S2-582247887,S2-680177215,S3-67155060	True
S1-518241666		False
S1-144658314	S2-34369895,S2-5467522,S3-48924304,S3-400268310,S3-353652551	True
S1-387806596	S2-398272812,S3-173358009,S3-259476878,S3-522793294,S3-627203332	True
S1-668358481	S2-42442000,S2-489195891,S3-312133000,S3-315492092,S3-786568489	True
S1-460966085		False
S1-308820760	S2-791406371,S2-575891573,S2-394335170,S2-125800922,S3-591985262,S3-212391932	True
S1-471972437	S2-585624788,S3-375814129	True
S1-981019062		False
S1-951298795		False
S1-356446479	S2-943918352,S2-86778744,S2-973907821,S3-601433146	True
S1-823958297	S2-903441342,S3-251186615,S3-666575234	True
S1-378791521	S2-496550295,S3-338056412,S3-231504084	True
S1-210254874		False
S1-736259573		False
S1-944793721	S2-508712456,S3-409696166,S3-803614422,S3-731031421	True
S1-269365074		False
S1-889857971	S2-460487440,S2-901682538,S3-960067457	True
S1-28148620	S2-927481963,S2-782295164,S3-432246538	True
S1-400858708	S2-836581643,S2-877758796,S2-449194203,S3-815803609,S3-402867853,S3-727255622	True
S1-149805259		False
S1-708068082		False
S1-478399462	S2-815545284,S2-449224180,S3-676480029	True
S1-304697512	S2-146358498,S2-358023624,S3-38159039,S3-778124787	True
S1-366705306	S2-955186930	True
S1-121465809		False
S1-374519176	S2-216490475,S3-368530837,S3-609725344	True
S1-383339206	S2-268176817,S2-911873123,S3-616745699	True
S1-838689366	S2-227658295,S2-541033784,S2-579002238,S3-173665331,S3-323737049	True
S1-744851325	S2-521348649,S2-135816822,S3-498524671,S3-39538897,S3-117854562	True
S1-873416271	S2-112965162,S2-266613802,S3-472511969	True
S1-192319930	S2-592863276,S2-512108048,S2-192914826,S2-300662358,S3-574841541,S3-845720987,S3-342494471,S3-761758192	True
S1-83670344	S2-367828028,S3-844160938	True
S1-562685110		False
S1-776935615	S2-806892100,S3-812172336,S3-316370275	True
S1-622868754	S2-199343933,S3-517140217,S3-931080537	True
S1-125824806		False
S1-626203094		False
S1-280619656		False
S1-500924072	S2-825316966,S3-608562449,S3-159242918	True
S1-229529159		False
